{
	"sequenceNumber": 3077946,
	"orderHeader": {
		"originatingSystem": "UNO",
		"orderType": "I",
		"functionCode": "VALIDATE",
		"gchid": "54321",
		"naspid": "10VKDR",
		"unoserviceId": "900124001",
		"transactionID": "900124002",
		"lastSegment": "Y",
		"dueDate": "2017-11-17",
		"msgSegmentNo": "1",
		"voipLocationId": "900124004",
		"workOrderNumber": "900124005",
		"workOrderVersion": "0"
	},
	"location": {
		"actionCode": "ADD",
		"type": "Service",
		"id": "900124004",
		"name": "Loc900124004",
		"primaryLocationContact": {
			"contactLastName": "JOHN",
			"contactFirstName": "steve",
			"communication": [
				{
					"areaDialing": "239",
					"channel": "Phone",
					"dialNumber": "2470001",
					"countryDialing": "1"
				},
				{
					"channel": "Email",
					"uri": "steve@verizon.com"
				}
			]
		},
		"orderManagerContact": {
			"contactLastName": "test",
			"contactFirstName": "Debra",
			"communication": [
				{
					"areaDialing": "339",
					"channel": "Phone",
					"dialNumber": "2470001",
					"countryDialing": "1"
				},
				{
					"channel": "Email",
					"uri": "debra@verizon.com"
				}
			],
			"contactComments": "testcomment2"
		},
		"locationAddress": {
			"countryName": "United states Of America",
			"state": "FL",
			"addressLine": "10 main",
			"zip": "32059",
			"countryCode": "US",
			"city": "LEE"
		},
		"salesManagerContact": {
			"contactLastName": "Saxena",
			"contactFirstName": "Alok",
			"communication": [
				{
					"areaDialing": "813",
					"channel": "Phone",
					"DialNumber": "9878055",
					"CountryDialing": "1"
				},
				{
					"channel": "Email",
					"uri": "alok.saxena@one.verizon.com"
				}
			]
		}
	},
	"convergedService": {
		"name": "Verizon VoIP Location",
		"type": "PR_XOV",
		"id": "900124004",
		"feature": [
			{
				"instanceId": "900124004",
				"code": "FET_LOC_LVL",
				"name": "Location Level",
				"actionCode": "ADD",
				"specification": [
					{
						"code": "SP_VOIP_EXPEDITE_MESURE_OF_USE",
						"name": "Expedite Measure of Use",
						"valueCode": "PER INSTALL ORDER",
						"value": "Per Install Order"
					},
					{
						"code": "SP_VOIP_TIME_OF_DAY",
						"name": "Time Of Day",
						"valueCode": "EXTENDED OFFICE HOURS",
						"value": "Extended Office Hours"
					},
					{
						"code": "SP_VOIP_TOT_QTY_TEL_QUOTED",
						"name": "Total Quantity of Telephone Numbers Quoted?",
						"value": "2"
					},
					{
						"code": "SP_VOIP_USG_PLAN",
						"name": "Usage Plan",
						"valueCode": "9",
						"value": "Tiered - 250"
					},
					{
						"code": "ESP_VOICEMAIL_ACCESS_NUM_PRIVATE",
						"name": "VoiceMailAccess-PrivateNumber",
						"value": "217252"
					},
					{
						"code": "ESP_VOICEMAIL_ACCESS_NUM_PUBLIC",
						"name": "VoiceMailAccess-PublicNumber",
						"value": "7027772252"
					},
					{
						"code": "ESP_LOA_AUTHORIZER_NAME",
						"name": "LOA Authorizor Name",
						"value": "test"
					},
					{
						"code": "ESP_LOA_AUTHORIZER_DATE",
						"name": "LOA Authorizer Date",
						"value": "2012-11-13T00:00:00Z"
					},
					{
						"code": "SP_VOIP_CALLER_ID_NAME_INBND",
						"name": "Do you want Caller ID with Name Inbound?",
						"valueCode": "Y",
						"value": "Yes"
					},
					{
						"code": "ESP_DIALING_COUNTRY_CODE",
						"name": "Dialing Country Code",
						"value": "1"
					},
					{
						"code": "SP_VOIP_VIPER",
						"name": "VOIP IP Enterprise Routing (VIPER)?",
						"valueCode": "Y",
						"value": "Yes"
					},
					{
						"code": "SP_VOIP_ALTERNATE_CALLER_ID",
						"name": "Alternate Caller ID",
						"valueCode": "N",
						"value": "No"
					},
					{
						"code": "SP_VOIP_WEB_LANGUAGE",
						"name": "Web Language (English, Spanish..etc.)",
						"valueCode": "USE",
						"value": "English (US)"
					},
					{
						"code": "SP_VOIP_CALLER_ID_CONFIG",
						"name": "Caller ID Configuration",
						"valueCode": "LLC",
						"value": "Location Level Caller ID Override"
					},
					{
						"code": "SP_VOIP_PREM_CPE_HAND_TYPE",
						"name": "Premises CPE/Handoff Type",
						"valueCode": "PBX",
						"value": "PBX - Digital"
					},
					{
						"code": "ESP_TOTAL_TN_QTY",
						"name": "TN Quantity",
						"value": "2"
					},
					{
						"code": "ESP_VOIP_LOCATION_NAME",
						"name": "VoIP Location Name",
						"value": "Loc900124004"
					},
					{
						"code": "SP_VOIP_VOICE_MAIL_LANG",
						"name": "Voicemail Language (English, Spanish..etc.)",
						"valueCode": "USE",
						"value": "English (US)"
					},
					{
						"code": "SP_VOIP_WEB_LANGUAGE",
						"name": "Web Language (English, Spanish..etc.)",
						"valueCode": "USE",
						"value": "English (US)"
					},
					{
						"code": "SP_VOIP_LOC_TYPE",
						"name": "Location Type",
						"valueCode": "1",
						"value": "HUB"
					},
					{
						"code": "ESP_DESIGN_ID",
						"name": "Design ID",
						"value": "15005"
					},
					{
						"code": "SP_VOIP_BURSTABLE_EST",
						"name": "Burstable Enterprise Shared Trunks",
						"value": "N"
					},
					{
						"code": "SP_VOIP_DO_YOU_WANT_VARRS",
						"name": "Do you want Verizon Alternate Route Recovery Service (VARRS)?",
						"valueCode": "N",
						"value": "No"
					},
					{
						"code": "SP_VOIP_LINE_PORT_LENGTH",
						"name": "Line Port Length",
						"value": "11"
					},
					{
						"code": "SP_VOIP_NUM_HOST_EXT_DIAL_DGT",
						"name": "Number of Hosted Extension Dialing Digits",
						"value": "4"
					},
					{
						"code": "SP_VOIP_WEB_LANGUAGE",
						"name": "Web Language (English, Spanish..etc.)",
						"valueCode": "USE",
						"value": "English (US)"
					},
					{
						"code": "SP_VOIP_SERVICE_PLAN",
						"name": "Service Plan",
						"valueCode": "1",
						"value": "LD Only<"
					},
					{
						"code": "SP_VOIP_SERVICE_TYPE",
						"name": "Service Type",
						"value": "IPIA"
					},
					{
						"code": "SP_VOIP_MAX_CONC_OFF_LOC_CALL",
						"name": "Maximum Concurrent Calls Off Loc",
						"value": "3"
					},
					{
						"code": "SP_VOIP_NUM_CONC_CALL",
						"name": "Number of Concurrent Calls",
						"value": "2"
					},
					{
						"code": "ESP_CALLER_ID_NUMBER",
						"name": "Caller ID Number",
						"value": "8778510085"
					},
					{
						"code": "ESP_EMERGENCY_CALLING_LINE",
						"name": "Emergency Calling Line",
						"value": "8778510085"
					},
					{
						"code": "SP_XO_TNQ",
						"name": "Maximum Concurrent Calls Off Loc",
						"value": "300"
					},
					{
						"code": "SP_XO_RED",
						"name": "Number of Concurrent Calls",
						"value": "Priority"
					},
					{
						"code": "SP_XO_REDPT",
						"name": "Caller ID Number",
						"value": "Priorties"
					},
					{
						"code": "SP_XO_ESL",
						"name": "Emergency Calling Line",
						"value": "900124004"
					},
					{
						"code": "SP_XO_REDID",
						"name": "Emergency Calling Line",
						"value": "100024005"
					}
				]
			},
			{
				"instanceId": "900124006",
				"code": "EFET_VOIP_DEVICE_LVL",
				"name": "Device Level",
				"actionCode": "ADD",
				"specification": [
					{
						"code": "ESP_LOGICAL_DEVICE_NAME",
						"name": "Logical Device Name",
						"valueCode": "XXX",
						"value": "900124006GW-1"
					},
					{
						"code": "ESP_CPE_DEVICE_ID",
						"name": "Universal Equipment ID (CPE Device ID)",
						"valueCode": "Y",
						"value": "900124006"
					},
					{
						"code": "SP_VOIP_FAIL_OVER_STRATEGY",
						"name": "Failover Strategy",
						"valueCode": "HUNT",
						"value": "HUNT"
					},
					{
						"code": "SP_VOIP_IP_VERSIONING",
						"name": "IP Version",
						"value": "IPv4"
					},
					{
						"code": "ESP_IP_ADDRESS_PRI",
						"name": "IP Address Primary",
						"value": "60.11.55.45"
					},
					{
						"code": "ESP_IP_ADDRESS_SEC",
						"name": "IP Address Secondary",
						"value": "61.35.01.13"
					},
					{
						"code": "ESP_LOGICAL_DEVICE_NAME",
						"name": "Logical Device Name",
						"value": "Dev900124006"
					},
					{
						"code": "ESP_CPE_DEVICE_ID",
						"name": "CPE Device ID",
						"value": "900124006"
					},
					{
						"code": "ESP_CPE_DEVICE_CODEC",
						"name": "Codec",
						"valueCode": "71u",
						"value": "71a/71u = G.711"
					}
				]
			},
			{
				"instanceId": "900124007",
				"code": "FET_XO_TRU",
				"name": "Trunk Level",
				"actionCode": "ADD",
				"specification": [
					{
						"code": "SP_XO_TRU_GRP_NM",
						"name": "Trunk Group Name",
						"valueCode": "9001240072W",
						"value": "PG-1"
					},
					{
						"code": "ESP_EXT_REQ_FLAG",
						"name": "Extension Required Flag",
						"valueCode": "Y",
						"value": "Yes"
					},
					{
						"code": "ESP_MAX_CONCURRENT_CALLS",
						"name": "Maximum Concurrent Calls",
						"valueCode": "XXX",
						"value": "1"
					},
					{
						"code": "SP_VOIP_REDIRECT_TO_TN",
						"name": "Redirect to Telephone Number",
						"valueCode": "Y",
						"value": "Enable"
					},
					{
						"code": "ESP_REDIRECT_TN",
						"name": "Redirect Telephone Number",
						"value": "8663756865"
					},
					{
						"code": "ESP_EXT_REQ_FLAG",
						"name": "Extension Required Flag",
						"valueCode": "Y",
						"value": "Yes"
					},
					{
						"code": "SP_VOIP_TERM_OPT",
						"name": "Termination Options",
						"valueCode": "CIR",
						"value": "Circular"
					},
					{
						"code": "ESP_GATEWAY_DEVICE_ID",
						"name": "Gateway Device ID",
						"value": "900124006"
					},
					{
						"code": "ESP_FORWARD_TO_NUMBER",
						"name": "Forward to Number",
						"value": "8002861233"
					},
					{
						"code": "SP_VOIP_TRUNK_VM_TYPE",
						"name": "Trunk VM Type",
						"valueCode": "20",
						"value": "IBM VM 20"
					},
					{
						"code": "ESP_MAX_CONCURRENT_CALLS",
						"name": "Maximum Concurrent Calls",
						"value": "1"
					},
					{
						"code": "SP_TRK",
						"name": "Maximum Concurrent Calls",
						"value": "100"
					},
					{
						"code": "SP_XO_INT",
						"name": "Maximum Concurrent Calls",
						"value": "1"
					},
					{
						"code": "SP_XO_PILNUM",
						"name": "Maximum Concurrent Calls",
						"value": "8124453534"
					},
					{
						"code": "SP_XO_SIG",
						"name": "Maximum Concurrent Calls",
						"value": "2 Way"
					}
				]
			},
			{
				"instanceId": "900124017",
				"code": "FET_XO_TRU",
				"name": "Trunk Level",
				"actionCode": "ADD",
				"specification": [
					{
						"code": "SP_XO_TRU_GRP_NM",
						"name": "Trunk Group Name",
						"valueCode": "9001240072W",
						"value": "PG-1"
					},
					{
						"code": "ESP_EXT_REQ_FLAG",
						"name": "Extension Required Flag",
						"valueCode": "Y",
						"value": "Yes"
					},
					{
						"code": "ESP_MAX_CONCURRENT_CALLS",
						"name": "Maximum Concurrent Calls",
						"valueCode": "XXX",
						"value": "1"
					},
					{
						"code": "SP_VOIP_REDIRECT_TO_TN",
						"name": "Redirect to Telephone Number",
						"valueCode": "Y",
						"value": "Enable"
					},
					{
						"code": "ESP_REDIRECT_TN",
						"name": "Redirect Telephone Number",
						"value": "8663756865"
					},
					{
						"code": "ESP_EXT_REQ_FLAG",
						"name": "Extension Required Flag",
						"valueCode": "Y",
						"value": "Yes"
					},
					{
						"code": "SP_VOIP_TERM_OPT",
						"name": "Termination Options",
						"valueCode": "CIR",
						"value": "Circular"
					},
					{
						"code": "ESP_GATEWAY_DEVICE_ID",
						"name": "Gateway Device ID",
						"value": "900124006"
					},
					{
						"code": "ESP_FORWARD_TO_NUMBER",
						"name": "Forward to Number",
						"value": "8002861233"
					},
					{
						"code": "SP_VOIP_TRUNK_VM_TYPE",
						"name": "Trunk VM Type",
						"valueCode": "20",
						"value": "IBM VM 20"
					},
					{
						"code": "ESP_MAX_CONCURRENT_CALLS",
						"name": "Maximum Concurrent Calls",
						"value": "1"
					},
					{
						"code": "SP_TRK",
						"name": "Maximum Concurrent Calls",
						"value": "100"
					},
					{
						"code": "SP_XO_INT",
						"name": "Maximum Concurrent Calls",
						"value": "1"
					},
					{
						"code": "SP_XO_PILNUM",
						"name": "Maximum Concurrent Calls",
						"value": "8124453534"
					},
					{
						"code": "SP_XO_SIG",
						"name": "Maximum Concurrent Calls",
						"value": "Inbound"
					}
				]
			},
			{
				"instanceId": "900124009",
				"code": "FET_XO_SES",
				"name": "Esip Session Level",
				"actionCode": "ADD",
				"specification": [
					{
						"code": "SP_XO_PORTSPD",
						"name": "Trunk Group Name",
						"value": "1234"
					},
					{
						"code": "SP_QUA_XO",
						"name": "Extension Required Flag",
						"valueCode": "Y",
						"value": "100"
					},
					{
						"code": "SP_XO_COM",
						"name": "Maximum Concurrent Calls",
						"valueCode": "XXX",
						"value": "G.711"
					},
					{
						"code": "SP_XO_MAX",
						"name": "Redirect to Telephone Number",
						"valueCode": "Y",
						"value": "200"
					}
				]
			},
			{
				"instanceId": "900124010",
				"code": "FET_XO_TFD",
				"name": "WT Level",
				"actionCode": "ADD",
				"specification": [
					{
						"code": "SP_QUA_XO",
						"name": "Trunk Group Name",
						"value": "100"
					},
					{
						"code": "SP_XO_PAC",
						"name": "Extension Required Flag",
						"valueCode": "Y",
						"value": "PC"
					}
				]
			},
			{
				"instanceId": "900124011",
				"code": "FET_XO_AUT",
				"name": "WT Level",
				"actionCode": "ADD",
				"specification": [
					{
						"code": "SP_XO_SPE",
						"name": "Trunk Group Name",
						"value": "50 MB"
					}
				]
			}
		]
	}
}