<?xml version="1.0" encoding="UTF-8"?>
<!DOCTYPE generatorConfiguration
	PUBLIC "-//mybatis.org//DTD MyBatis Generator Configuration 1.0//EN"
	"http://mybatis.org/dtd/mybatis-generator-config_1_0.dtd">
<generatorConfiguration>

	 <classPathEntry location="C:\Users\kalagsu\.m2\repository\com\oracle\ojdbc6\11.2.0.2\ojdbc6-11.2.0.2.jar" 
		/> 
	<!--<classPathEntry
		location="C:\Users\v864498\.m2\repository\com\oracle\ojdbc6\11.2.0.2\ojdbc6-11.2.0.2.jar" />-->

	<context id="OrderSchema" targetRuntime="MyBatis3">

		<plugin type="org.mybatis.generator.plugins.SerializablePlugin" />

		<!-- <jdbcConnection driverClass="oracle.jdbc.driver.OracleDriver" connectionURL="jdbc:oracle:thin:@(DESCRIPTION 
			= (ADDRESS_LIST = (ADDRESS = (PROTOCOL = TCP)(HOST = omzgrid31vip.vzbi.com)(PORT=1800))(ADDRESS 
			= (PROTOCOL = TCP)(HOST= omzgrid32vip.vzbi.com)(PORT = 1800))) (LOAD_BALANCE 
			= on) (FAILOVER = on)(CONNECT_DATA =(SERVICE_NAME = ESAPSTOM) (FAILOVER_MODE 
			= (TYPE = SELECT) (METHOD = BASIC) (RETRIES = 180) (DELAY = 5))))" userId="esap" 
			password="stomesap" /> -->
		<jdbcConnection driverClass="oracle.jdbc.driver.OracleDriver"
			connectionURL="jdbc:oracle:thin:@(DESCRIPTION = (ADDRESS_LIST = (ADDRESS = (PROTOCOL = TCP)(HOST =omzgrid31vip.vzbi.com)(PORT=1800))(ADDRESS=(PROTOCOL = TCP)(HOST = omzgrid32vip.vzbi.com)(PORT = 1800))) (LOAD_BALANCE = on) (FAILOVER = on)(CONNECT_DATA =(SERVICE_NAME = ESAPETOM) (FAILOVER_MODE = (TYPE = SELECT) (METHOD = BASIC) (RETRIES = 180) (DELAY = 5))))"
			userId="esap" password="etomesap" />

		<javaModelGenerator targetPackage="com.vz.esap.translation.dao.model"
			targetProject="src/main/java">
			<property name="enableSubPackages" value="true" />
			<property name="trimStrings" value="true" />
		</javaModelGenerator>

		<sqlMapGenerator targetPackage="mapper" targetProject="src/main/resources">
			<property name="enableSubPackages" value="true" />
		</sqlMapGenerator>

		<javaClientGenerator targetPackage="com.vz.esap.translation.dao.repository"
			targetProject="src/main/java" type="XMLMAPPER">
			<property name="enableSubPackages" value="true" />
		</javaClientGenerator>
		
		<!-- 
		<table tableName="TBL_PENDING_WO_TASK" domainObjectName="TblPendingWoTaskDbBean"
			enableSelectByPrimaryKey="true" enableSelectByExample="true"
			enableUpdateByPrimaryKey="true" enableDeleteByPrimaryKey="true"
			enableDeleteByExample="true" enableCountByExample="true"
			enableUpdateByExample="true" modelType="flat">
			
			<columnOverride column="ORDER_ID" javaType="java.lang.Long" />
			<columnOverride column="APPTYPE_ID" javaType="java.lang.Long" />
			<columnOverride column="PRIORITY" javaType="java.lang.Long" />
			<columnOverride column="RECVD_DATE" javaType="java.lang.String" />
			<columnOverride column="PENDING_WO_TYPE" javaType="java.lang.Long" />
			<columnOverride column="BASE_CLLI" javaType="java.lang.String" />
			<columnOverride column="SERVICE" javaType="java.lang.String" />
			<columnOverride column="SEQ_NO"	javaType="java.lang.Long" />
			<columnOverride column="DEVICE" javaType="java.lang.String" />
			<columnOverride column="WF_STATUS" javaType="java.lang.Long" />
			<columnOverride column="AQM_TASK_ID" javaType="java.lang.Long" />
			<columnOverride column="AQM_TASK_OUTPUT" javaType="java.lang.String" />
			<columnOverride column="AQM_TASK_OUTPUT_OPTIONAL" javaType="java.lang.String" />
			<columnOverride column="AQM_TASK_COMPLETION_STATUS" javaType="java.lang.Long" />
			<columnOverride column="ORDER_STATUS" javaType="java.lang.Long" />
			<columnOverride column="CONNECTION_TYPE" javaType="java.lang.String" />
			<columnOverride column="PREVIOUS_TASK_ID" javaType="java.lang.Long" />
			<columnOverride column="ESAP_CLUSTER" javaType="java.lang.String" />
		</table> -->
		
		<!-- <table tableName="TBL_ORDER_MILESTONE" domainObjectName="TblMilestoneOrders"
			enableSelectByPrimaryKey="true" enableSelectByExample="true"
			enableUpdateByPrimaryKey="true" enableDeleteByPrimaryKey="true"
			enableDeleteByExample="true" enableCountByExample="true"
			enableUpdateByExample="true" modelType="flat">
			
			<columnOverride column="ENV_ORDER_ID" javaType="java.lang.Long" />
			<columnOverride column="ORDER_ID" javaType="java.lang.Long" />
			<columnOverride column="WF_SERVICE" javaType="java.lang.String" />
			<columnOverride column="MILESTONE"		javaType="java.lang.Long" />
			<columnOverride column="STATUS"		javaType="java.lang.Long" />
			<columnOverride column="SEQ_NO"		javaType="java.lang.Long" />
			<columnOverride column="TRANSACTION_ID" javaType="java.lang.Long" />
		</table> -->
		
<!-- 		<table tableName="TBL_PARENT_ORDERS" domainObjectName="TblParentOrders"
			enableSelectByPrimaryKey="true" enableSelectByExample="true"
			enableUpdateByPrimaryKey="true" enableDeleteByPrimaryKey="true"
			enableDeleteByExample="true" enableCountByExample="true"
			enableUpdateByExample="true" modelType="flat">
			
			<columnOverride column="ORDER_ID" javaType="java.lang.Long" />
			<columnOverride column="PARENT_ORDER_ID"		javaType="java.lang.Long" />
			<columnOverride column="PARENT_PENDING" javaType="java.lang.Character" />
		</table> -->

<!-- 		<table tableName="TBL_ENV_ORDER" domainObjectName="TblEnvOrder" -->
<!-- 			enableSelectByPrimaryKey="true" enableSelectByExample="true" -->
<!-- 			enableUpdateByPrimaryKey="true" enableDeleteByPrimaryKey="true" -->
<!-- 			enableDeleteByExample="true" enableCountByExample="true" -->
<!-- 			enableUpdateByExample="true" modelType="flat"> -->
			
<!-- 			<columnOverride column="ENV_ORDER_ID" javaType="java.lang.Long" /> -->
<!-- 			<columnOverride column="PREV_PASS_ENV_ORDER_ID"		javaType="java.lang.Long" /> -->
<!-- 			<columnOverride column="SEQUENCE_NO" javaType="java.lang.Long" /> -->
<!-- 			<columnOverride column="ORDER_DATE" javaType="java.lang.String" /> -->
<!-- 			<columnOverride column="MASTER_ORDER_DATE" javaType="java.lang.String" /> -->
			
<!-- 			<columnOverride column="WIRE_CENTER" javaType="java.lang.Long" /> -->
			
<!-- 			<columnOverride column="RECEIVE_DATE" javaType="java.lang.String" /> -->
<!-- 			<columnOverride column="DUE_DATE" javaType="java.lang.String" /> -->
<!-- 			<columnOverride column="COMPLETION_DATE" javaType="java.lang.String" /> -->
<!-- 			<columnOverride column="ORDER_TYPE" javaType="java.lang.Long" /> -->
<!-- 			<columnOverride column="ORDER_STATUS" javaType="java.lang.Long" /> -->
<!-- 			<columnOverride column="ORDER_PRIORITY" javaType="java.lang.Long" /> -->
<!-- 			<columnOverride column="CREATED_BY" javaType="java.lang.String"/>   -->

<!-- 				<columnOverride column="ORDER_LOCK_DATE" javaType="java.lang.String" /> -->
<!-- 				<columnOverride column="ORDER_LOCKED_BY" javaType="java.lang.String" /> -->
<!-- 				<columnOverride column="LAST_MODIFIED" javaType="java.lang.String" /> -->
<!-- 				<columnOverride column="VERSION_NUMBER" javaType="java.lang.Long" /> -->
<!-- 				<columnOverride column="ORDER_CLASSIFY" javaType="java.lang.Long" /> -->
<!-- 				<columnOverride column="PROCESS_DATE" javaType="java.lang.String" /> -->
<!-- 				<columnOverride column="ASSIGN_DATE" javaType="java.lang.String" /> -->
<!-- 				<columnOverride column="PARENT_ORDER_ID" javaType="java.lang.Long" /> -->

<!-- 				<columnOverride column="TRANSACTION_ID" javaType="java.lang.Long" />				 -->
				
<!-- 		</table> -->
		
<!-- 		<table tableName="TBL_ORDER" domainObjectName="TblOrder" -->
<!-- 			enableSelectByPrimaryKey="true" enableSelectByExample="true" -->
<!-- 			enableUpdateByPrimaryKey="true" enableDeleteByPrimaryKey="true" -->
<!-- 			enableDeleteByExample="true" enableCountByExample="true" -->
<!-- 			enableUpdateByExample="true" modelType="flat"> -->
			
<!-- 			<columnOverride column="ORDER_ID" javaType="java.lang.Long" /> -->
<!-- 			<columnOverride column="ENV_ORDER_ID" javaType="java.lang.Long" /> -->
<!-- 			<columnOverride column="PREV_PASS_ORDER_ID" javaType="java.lang.Long" /> -->
<!-- 			<columnOverride column="APPTYPE_ID" javaType="java.lang.Long" /> -->
<!-- 			<columnOverride column="ORDER_STATUS" javaType="java.lang.Long" /> -->
<!-- 			<columnOverride column="PREV_ORDER_STATUS" javaType="java.lang.Long" /> -->
<!-- 			<columnOverride column="DUE_DATE"  javaType="java.lang.String" /> -->
<!-- 			<columnOverride column="PRIORITY" javaType="java.lang.Long" /> -->
<!-- 			<columnOverride column="RECVD_DATE"  javaType="java.lang.String" /> -->
<!-- 			<columnOverride column="COMPLETED_DATE" javaType="java.lang.String" /> -->
<!-- 			<columnOverride column="FAILED_DATE" javaType="java.lang.String" /> -->
<!-- 			<columnOverride column="VZ_ID" javaType="java.lang.String" /> -->
<!-- 			<columnOverride column="RESPONSE_REQD" javaType="java.lang.Long" /> -->
<!-- 			<columnOverride column="START_DATE"  javaType="java.lang.String" /> -->
<!-- 			<columnOverride column="UPDATEDDATE" javaType="java.lang.String" /> -->
<!-- 			<columnOverride column="UPSTREAM_TASK_ID" javaType="java.lang.Long" /> -->
<!-- 			<columnOverride column="TIMEZONE_OFFSET" javaType="java.lang.String" /> -->
<!-- 			<columnOverride column="WIRE_CENTER" javaType="java.lang.Long" /> -->
<!-- 			<columnOverride column="PARENT_ORDER" javaType="java.lang.Long" /> -->
<!-- 			<columnOverride column="LOCKED_FROM_STATUS" javaType="java.lang.Long" /> -->
<!-- 			<columnOverride column="RETURN_STATUS" javaType="java.lang.Long" /> -->
<!-- 			<columnOverride column="ACCOUNT_DATE" javaType="java.lang.String " /> -->
<!-- 			<columnOverride column="TRANSACTION_DATE" javaType="java.lang.String" /> -->
<!-- 			<columnOverride column="SOACS_CODE" javaType="java.lang.Long" /> -->
<!-- 			<columnOverride column="APS_STATE" javaType="java.lang.Long" /> -->
<!-- 		</table> -->
		
<!-- 		<table tableName="TBL_ORDER_DETAILS" domainObjectName="TblOrderDetails" -->
<!-- 			enableSelectByPrimaryKey="true" enableSelectByExample="true" -->
<!-- 			enableUpdateByPrimaryKey="true" enableDeleteByPrimaryKey="true" -->
<!-- 			enableDeleteByExample="true" enableCountByExample="true" -->
<!-- 			enableUpdateByExample="true" modelType="flat"> -->
<!-- 		<columnOverride column="ORDER_DETAIL_ID" javaType="java.lang.Long" /> -->
<!-- 		<columnOverride column="ORDER_ID" javaType="java.lang.Long" /> -->
<!-- 		<columnOverride column="DATA_TYPE" javaType="java.lang.Long" /> -->
<!-- 		<columnOverride column="SEQ_NO" javaType="java.lang.Long" /> -->
<!-- 		<columnOverride column="PARENT_ID" javaType="java.lang.Long" /> -->
<!-- 		<columnOverride column="FLOW_STATUS" javaType="java.lang.Long" /> -->
<!-- 		<columnOverride column="LEAF" javaType="java.lang.Long" /> -->

<!-- 		</table> -->
		
		<!-- <table tableName="TBL_ORDER" domainObjectName="TblOrder"
			enableSelectByPrimaryKey="true" enableSelectByExample="true"
			enableUpdateByPrimaryKey="true" enableDeleteByPrimaryKey="true"
			enableDeleteByExample="true" enableCountByExample="true"
			enableUpdateByExample="true" modelType="flat">

			<columnOverride column="ORDER_ID" javaType="java.lang.Long" />
			<columnOverride column="ENV_ORDER_ID" javaType="java.lang.Long" />
			<columnOverride column="PREV_PASS_ORDER_ID" javaType="java.lang.Long" />
			<columnOverride column="DEST_SYSTEM " javaType="java.lang.String" />
			<columnOverride column="APPTYPE_ID" javaType="java.lang.Long" />
			<columnOverride column="ORDER_STATUS" javaType="java.lang.Long" />
			<columnOverride column="PREV_ORDER_STATUS" javaType="java.lang.Long" />
			<columnOverride column="DUE_DATE"  javaType="java.lang.String" />
			<columnOverride column="WORK_GROUP" javaType="java.lang.String" />
			<columnOverride column="PRIORITY" javaType="java.lang.Long" />
			<columnOverride column="RECVD_DATE  javaType="
				java.lang.Long " />
			<columnOverride column="SOURCE_SYSTEM " javaType="java.lang.String" />
			<columnOverride column="SOURCE_SERVICE" javaType="java.lang.String" />
			<columnOverride column="MANUAL_ORDER" javaType="java.lang.String" />
			<columnOverride column="COMPLETED_DATE" javaType="java.lang.Long" />
			<columnOverride column="FAILED_DATE " javaType="java.lang.Long" />
			<columnOverride column="VZ_ID " javaType="java.lang.String" />
			<columnOverride column="RESPONSE_REQD " javaType="java.lang.Long" />
			<columnOverride column="START_DATE  javaType="
				java.lang.Long " />
			<columnOverride column="UPDATEDDATE" javaType="java.lang.Long" />
			<columnOverride column="UPSTREAM_WO_ID" javaType="java.lang.String" />
			<columnOverride column="UPSTREAM_FLOW_ID" javaType="java.lang.String" />
			<columnOverride column="UPSTREAM_TASK_ID" javaType="java.lang.Long" />
			<columnOverride column="TDN " javaType="java.lang.String" />
			<columnOverride column="NPA " javaType="java.lang.String" />
			<columnOverride column="CLLI" javaType="java.lang.String" />
			<columnOverride column="TIMEZONE_OFFSET " javaType="java.lang.Long" />
			<columnOverride column="CATALOG " javaType="java.lang.String" />
			<columnOverride column="WIRE_CENTER " javaType="java.lang.Long" />
			<columnOverride column="PARENT_ORDER" javaType="java.lang.Long" />
			<columnOverride column="TRANSLATOR_ID " javaType="java.lang.String" />
			<columnOverride column="LOCKED_FROM_STATUS" javaType="java.lang.Long" />
			<columnOverride column="LOCKED_BY_VZ_ID " javaType="java.lang.String" />
			<columnOverride column="RETURN_STATUS " javaType="java.lang.Long" />
			<columnOverride column="COS " javaType="java.lang.String" />
			<columnOverride column="ACCOUNT_DATE javaType="
				java.lang.String " />
			<columnOverride column="TRANSACTION_DATE" javaType="java.lang.String" />
			<columnOverride column="VERSION_NO" javaType="java.lang.String" />
			<columnOverride column="FLOW_PATH" javaType="java.lang.String" />
			<columnOverride column="ORDER_TYPE" javaType="java.lang.String" />
			<columnOverride column="MINOR_ORDER_TYPE" javaType="java.lang.String" />
			<columnOverride column="SOACS_CODE" javaType="java.lang.Long" />
			<columnOverride column="ACTION" javaType="java.lang.String" />
			<columnOverride column="APS_STATE " javaType="java.lang.Long" />
			<columnOverride column="EXK " javaType="java.lang.String" />
			<columnOverride column="PROJECT_ID" javaType="java.lang.String" />
			<columnOverride column="ERROR_CODE" javaType="java.lang.String" />
			<columnOverride column="ESAP_CLUSTER" javaType="java.lang.String" />
		</table> -->
		
<!-- 				<table tableName="TBL_ENV_ORDER_VAL_ERRORS" domainObjectName="TblEnvOrderValErrors" -->
<!-- 			enableSelectByPrimaryKey="true" enableSelectByExample="true" -->
<!-- 			enableUpdateByPrimaryKey="true" enableDeleteByPrimaryKey="true" -->
<!-- 			enableDeleteByExample="true" enableCountByExample="true" -->
<!-- 			enableUpdateByExample="true" modelType="flat"> -->
<!-- 		<columnOverride column="ENV_ORDER_ID" javaType="java.lang.Long" /> -->
<!-- 		<columnOverride column="ENTITY_TYPE" javaType="java.lang.String" /> -->
<!-- 		<columnOverride column="ENTITY_VALUE" javaType="java.lang.String" /> -->
<!-- 		<columnOverride column="ERROR_TYPE" javaType="java.lang.String" /> -->
<!-- 		<columnOverride column="ERROR_SOURCE" javaType="java.lang.String" /> -->
<!-- 		<columnOverride column="SOURCE_ERROR_CODE" javaType="java.lang.String" /> -->
<!-- 		<columnOverride column="SOURCE_ERROR_DESC" javaType="java.lang.String" /> -->
<!-- 		<columnOverride column="CREATED_BY" javaType="java.lang.String" /> -->
<!-- 		<columnOverride column="CREATION_DATE" javaType="java.lang.String" /> -->

<!-- 		</table> -->

<!-- 				<table tableName="TBL_ORDER_SERVICE" domainObjectName="TblOrderService" -->
<!-- 			enableSelectByPrimaryKey="true" enableSelectByExample="true" -->
<!-- 			enableUpdateByPrimaryKey="true" enableDeleteByPrimaryKey="true" -->
<!-- 			enableDeleteByExample="true" enableCountByExample="true" -->
<!-- 			enableUpdateByExample="true" modelType="flat"> -->
<!-- 		<columnOverride column="ORDER_ID" javaType="java.lang.Long" /> -->
<!-- 		<columnOverride column="SEQ_NO" javaType="java.lang.Long" /> -->
<!-- 		<columnOverride column="SERVICE" javaType="java.lang.String" /> -->
<!-- 		<columnOverride column="SERVICE_STATUS" javaType="java.lang.Long" /> -->
<!-- 		<columnOverride column="CLLI" javaType="java.lang.String" /> -->
<!-- 		<columnOverride column="INITIAL_FLAG" javaType="java.lang.Long" /> -->
<!-- 		<columnOverride column="AQM_WORK_ID" javaType="java.lang.Long" /> -->
<!-- 		<columnOverride column="SKIP_FLAG" javaType="java.lang.Long" /> -->


<!-- 		</table> -->

<!-- 				<table tableName="TBL_RETAIL_SERVICE" domainObjectName="TblRetailService" -->
<!-- 			enableSelectByPrimaryKey="true" enableSelectByExample="true" -->
<!-- 			enableUpdateByPrimaryKey="true" enableDeleteByPrimaryKey="true" -->
<!-- 			enableDeleteByExample="true" enableCountByExample="true" -->
<!-- 			enableUpdateByExample="true" modelType="flat"> -->
<!-- 		<columnOverride column="PRODUCT" javaType="java.lang.String" /> -->
<!-- 		<columnOverride column="ORDER_TYPE" javaType="java.lang.String" /> -->
<!-- 		<columnOverride column="FUNCTION_CODE" javaType="java.lang.String" /> -->
<!-- 		<columnOverride column="CENTREX_TYPE" javaType="java.lang.String" /> -->
<!-- 		<columnOverride column="SERVICE_TYPE" javaType="java.lang.String" /> -->
<!-- 		<columnOverride column="ENTITY_TYPE" javaType="java.lang.String" /> -->
<!-- 		<columnOverride column="ENTITY_ACTION" javaType="java.lang.String" /> -->
<!-- 		<columnOverride column="PARAM_NAME" javaType="java.lang.String" /> -->
<!-- 		<columnOverride column="SEQ_NO" javaType="java.lang.Long" /> -->
<!-- 		<columnOverride column="REVERSE_SEQ_NO" javaType="java.lang.Long" /> -->
<!-- 		<columnOverride column="SERVICE" javaType="java.lang.String" /> -->
<!-- 		<columnOverride column="WF_SERVICE" javaType="java.lang.String" /> -->
<!-- 		<columnOverride column="DELTA_WF_SERVICE" javaType="java.lang.String" /> -->
<!-- 		<columnOverride column="REVERSE_WF_SERVICE" javaType="java.lang.String" /> -->
<!-- 		<columnOverride column="FORWARD_SKIP" javaType="java.lang.Long" /> -->
<!-- 		<columnOverride column="REVERSE_SKIP" javaType="java.lang.Long" /> -->
<!-- 		<columnOverride column="MILESTONE" javaType="java.lang.String" /> -->
<!-- 		<columnOverride column="REGION" javaType="java.lang.String" /> -->
<!-- 		<columnOverride column="MULTI_SERVICE_INST" javaType="java.lang.String" /> -->

<!-- 		</table> -->


<!-- 				<table tableName="TBL_ORDER_PRIORITY_SETTINGS" domainObjectName="TblOrderPrioritySettings" -->
<!-- 			enableSelectByPrimaryKey="true" enableSelectByExample="true" -->
<!-- 			enableUpdateByPrimaryKey="true" enableDeleteByPrimaryKey="true" -->
<!-- 			enableDeleteByExample="true" enableCountByExample="true" -->
<!-- 			enableUpdateByExample="true" modelType="flat"> -->
<!-- 		<columnOverride column="PROJECT_ID" javaType="java.lang.String" /> -->
<!-- 		<columnOverride column="ORDER_SOURCE" javaType="java.lang.String" /> -->
<!-- 		<columnOverride column="ORDER_TYPE" javaType="java.lang.String" /> -->
<!-- 		<columnOverride column="MINOR_ORDER_TYPE" javaType="java.lang.String" /> -->
<!-- 		<columnOverride column="FUNCTION_CODE" javaType="java.lang.String" /> -->
<!-- 		<columnOverride column="BULK_ORDER" javaType="java.lang.String" /> -->
<!-- 		<columnOverride column="PRIORITY" javaType="java.lang.Long" /> -->
<!-- 		<columnOverride column="RESP_HANDLER" javaType="java.lang.String" /> -->
<!-- 		<columnOverride column="EXPEDITE" javaType="java.lang.Long" /> -->
<!-- 		</table> -->

<!-- 				<table tableName="TBL_ENV_ORDER_RESP" domainObjectName="TblEnvOrderResp" -->
<!-- 			enableSelectByPrimaryKey="true" enableSelectByExample="true" -->
<!-- 			enableUpdateByPrimaryKey="true" enableDeleteByPrimaryKey="true" -->
<!-- 			enableDeleteByExample="true" enableCountByExample="true" -->
<!-- 			enableUpdateByExample="true" modelType="flat"> -->
<!-- 		<columnOverride column="TBL_ENV_ORDER_RESP_ID" javaType="java.lang.Long" /> -->
<!-- 		<columnOverride column="SEQUENCE_NO" javaType="java.lang.Long" /> -->
<!-- 		<columnOverride column="ENV_ORDER_ID" javaType="java.lang.Long" /> -->
<!-- 		<columnOverride column="ORDER_ID" javaType="java.lang.Long" /> -->
<!-- 		<columnOverride column="RESP_DATE" javaType="java.lang.String" /> -->
<!-- 		<columnOverride column="RESP_TYPE" javaType="java.lang.String" /> -->
<!-- 		<columnOverride column="RESP_DESC" javaType="java.lang.String" /> -->
<!-- 		<columnOverride column="RESP_ERROR_CODE" javaType="java.lang.String" /> -->
<!-- 		<columnOverride column="MILESTONE" javaType="java.lang.String" /> -->
<!-- 		</table> -->

<!-- 				<table tableName="TBL_SAFE_STORE" domainObjectName="TblSafeStore" -->
<!-- 			enableSelectByPrimaryKey="true" enableSelectByExample="true" -->
<!-- 			enableUpdateByPrimaryKey="true" enableDeleteByPrimaryKey="true" -->
<!-- 			enableDeleteByExample="true" enableCountByExample="true" -->
<!-- 			enableUpdateByExample="true" modelType="flat"> -->
<!-- 		<columnOverride column="SEQUENCE_NO" javaType="java.lang.Long" /> -->
<!-- 		<columnOverride column="TRANSACTION_ID" javaType="java.lang.String" /> -->
<!-- 		<columnOverride column="JURISDICTION" javaType="java.lang.String" /> -->
<!-- 		<columnOverride column="TRANSLATOR_INST" javaType="java.lang.String" /> -->
<!-- 		<columnOverride column="RECEIVED_DATE" javaType="java.lang.String" /> -->
<!-- 		<columnOverride column="READ_STATUS" javaType="java.lang.String" /> -->
<!-- 		<columnOverride column="READ_COUNT" javaType="java.lang.Long" /> -->
<!-- 		<columnOverride column="HOST_ADDR" javaType="java.lang.String" /> -->
<!-- 		<columnOverride column="MSG_PRIORITY" javaType="java.lang.Long" /> -->
<!-- 		<columnOverride column="SO_IMG" javaType="java.lang.String" /> -->
<!-- 		<columnOverride column="UPSTREAM_RECORD" javaType="java.lang.String" /> -->
<!-- 		<columnOverride column="PROJECT_ID" javaType="java.lang.String" /> -->
<!-- 		<columnOverride column="TRANSLATION_START" javaType="java.lang.String" /> -->
<!-- 		<columnOverride column="TRANSLATION_END" javaType="java.lang.String" /> -->
<!-- 		<columnOverride column="ESAP_CLUSTER" javaType="java.lang.String" /> -->
<!-- 		<columnOverride column="BULK_ORDER" javaType="java.lang.String" /> -->
<!-- 		</table> -->
	</context>
</generatorConfiguration>
	