<?xml version="1.0" encoding="UTF-8"?>
<configuration>
	<include resource="org/springframework/boot/logging/logback/defaults.xml" />
	<property name="LOG_HOME" value="C://Users//581345//Documents" />
	<property
		value="%clr(%d{yyyy-MM-dd HH:mm:ss.SSS}){faint} %clr(${LOG_LEVEL_PATTERN:-%5p}) %clr(${PID:- }){magenta} %clr(---){faint} %clr([%15.15t]){faint} %clr(%-40.40logger{39}){cyan} %clr(:){faint}|%mdc{EnvOrderId}|%mdc{OrderId}| %m %n${LOG_EXCEPTION_CONVERSION_WORD:-%wEx}"
		name="LOG_PATTERN" />
	<appender name="ROLLIN" class="ch.qos.logback.core.rolling.RollingFileAppender">
	    <file>${LOG_HOME}//order-translation-service.log</file>
	    <encoder class="ch.qos.logback.classic.encoder.PatternLayoutEncoder">
				<Pattern>
					<!-- %d{yyyy-MM-dd HH:mm:ss} [%thread] %-5level %logger{35} - %msg%n -->
					%d{yyyy-MM-dd HH:mm:ss} [%thread] %-5level %logger{36}.%M\(%line\) - %msg%n
				</Pattern>
		</encoder>
	    <rollingPolicy class="ch.qos.logback.core.rolling.TimeBasedRollingPolicy">
	
	        <fileNamePattern>${LOG_HOME}//order-translation-service_nov_%d{yyyy-MM-dd}.%i.log</fileNamePattern>
	        <timeBasedFileNamingAndTriggeringPolicy
					class="ch.qos.logback.core.rolling.SizeAndTimeBasedFNATP">
					<maxFileSize>50MB</maxFileSize>
				</timeBasedFileNamingAndTriggeringPolicy>
	
	    </rollingPolicy>
	  </appender>
	<root level="INFO">
		<appender-ref ref="ROLLIN" />
	</root>
</configuration>