<!-- 
?xml version="1.0" encoding="UTF-8"?>
<!DOCTYPE generatorConfiguration
	PUBLIC "-//mybatis.org//DTD MyBatis Generator Configuration 1.0//EN"
	"http://mybatis.org/dtd/mybatis-generator-config_1_0.dtd">
 <generatorConfiguration>
		
<classPathEntry location="D:\MyWork-2016\.m2\repository\com\oracle\ojdbc6\11.2.0.2\ojdbc6-11.2.0.2.jar" />	

	<context id="OrderSchema" targetRuntime="MyBatis3">	

		<plugin type="org.mybatis.generator.plugins.SerializablePlugin" />
		
		<jdbcConnection driverClass="oracle.jdbc.driver.OracleDriver"
			connectionURL="jdbc:oracle:thin:@(DESCRIPTION = (ADDRESS_LIST = (ADDRESS = (PROTOCOL = TCP)(HOST = omzgrid31vip.vzbi.com)(PORT=1800))(ADDRESS = (PROTOCOL = TCP)(HOST= omzgrid32vip.vzbi.com)(PORT = 1800))) (LOAD_BALANCE = on) (FAILOVER = on)(CONNECT_DATA =(SERVICE_NAME = ESAPSTOM) (FAILOVER_MODE = (TYPE = SELECT) (METHOD = BASIC) (RETRIES = 180) (DELAY = 5))))"
			userId="esap" password="stomesap" />

		<javaModelGenerator targetPackage="com.vz.esap.enterprise.dao.model"
			targetProject="src/main/java">
			<property name="enableSubPackages" value="true" />
			<property name="trimStrings" value="true" />
		</javaModelGenerator>

		<sqlMapGenerator targetPackage="mapper" targetProject="src/main/resources">
			<property name="enableSubPackages" value="true" />
		</sqlMapGenerator>

		<javaClientGenerator targetPackage="com.vz.esap.enterprise.dao.repository"
			targetProject="src/main/java" type="XMLMAPPER">
			<property name="enableSubPackages" value="true" />
		</javaClientGenerator>

		<table tableName="TBL_ENTERPRISE" domainObjectName="TblEnterprise"
				enableSelectByPrimaryKey="true" enableSelectByExample="true"
				enableUpdateByPrimaryKey="true" enableDeleteByPrimaryKey="true"
				enableDeleteByExample="true" enableCountByExample="true"
				enableUpdateByExample="true" modelType="flat">
		</table>
	</context>
</generatorConfiguration>
	-->