<?xml version="1.0" encoding="UTF-8"?>
<configuration>

	 <!--  For Development box pls use this value -->
<!--  <property name="LOG_HOME" value="D:\one_network\logs "/> -->

  <property name="LOG_HOME" value="."/>
  
  <appender name="ROLLIN" class="ch.qos.logback.core.rolling.RollingFileAppender">
    <file>${LOG_HOME}/inventory-enterprise-service.log</file>
    <encoder class="ch.qos.logback.classic.encoder.PatternLayoutEncoder">
			<Pattern>
				%d{yyyy-MM-dd HH:mm:ss} [%thread] %-5level %logger{35} - %msg%n
			</Pattern>
	</encoder>
    <rollingPolicy class="ch.qos.logback.core.rolling.TimeBasedRollingPolicy">

        <!-- daily rollover -->
        <fileNamePattern>${LOG_HOME}/inventory-enterprise-service_%d{yyyy-MM-dd}.%i.log</fileNamePattern>
        <timeBasedFileNamingAndTriggeringPolicy
				class="ch.qos.logback.core.rolling.SizeAndTimeBasedFNATP">
				<maxFileSize>50MB</maxFileSize>
			</timeBasedFileNamingAndTriggeringPolicy>

    </rollingPolicy>
  </appender>

  <root level="INFO">
    <appender-ref ref="ROLLIN" />
  </root>
  
  <logger name="org.springframework.web" level="INFO"/>
  
  <logger name="com.vz.uiam" level="debug" >
		<appender-ref ref="ROLLIN" />
  </logger>
  
  <!-- <logger name="com.vz.uiam" level="debug">
  		<appender-ref ref="ROLLIN" />
  </logger> -->
	
 <!--  <logger name="com.vz.uiam" level="error" additivity="false">
		<appender-ref ref="ROLLIN" />
  </logger> -->
  
</configuration>

