<?xml version="1.0" encoding="UTF-8"?>
<!DOCTYPE configuration PUBLIC "-//mybatis.org//DTD Config 3.0//EN" "http://mybatis.org/dtd/mybatis-3-config.dtd">
<!-- <configuration>
	<settings>
		 <setting name="cacheEnabled" value="true" />
		<setting name="lazyLoadingEnabled" value="true" />
		<setting name="aggressiveLazyLoading" value="true" />
		<setting name="useGeneratedKeys" value="true" />
		<setting name="defaultExecutorType" value="SIMPLE" />
		<setting name="defaultStatementTimeout" value="10" />
	</settings>	
</configuration>-->