<?xml version="1.0" encoding="UTF-8"?>
<!DOCTYPE mapper PUBLIC "-//mybatis.org//DTD Mapper 3.0//EN" "http://mybatis.org/dtd/mybatis-3-mapper.dtd">
<mapper namespace="com.vz.esap.translation.dao.repository.CustomCustomerMapper">
	<resultMap id="BaseResultMap" type="com.vz.esap.translation.dao.model.Customer">
		<!-- WARNING - @mbggenerated This element is automatically generated by 
			MyBatis Generator, do not modify. This element was generated on Thu Apr 20 
			16:39:08 IST 2017. -->
		<id column="SEQUENCE_NO" jdbcType="DECIMAL" property="sequenceNo" />
		<result column="TRANSACTION_ID" jdbcType="VARCHAR" property="transactionId" />
		<result column="JURISDICTION" jdbcType="VARCHAR" property="jurisdiction" />
		<result column="TRANSLATOR_INST" jdbcType="VARCHAR" property="translatorInst" />
		<result column="RECEIVED_DATE" jdbcType="TIMESTAMP" property="receivedDate" />
		<result column="READ_STATUS" jdbcType="VARCHAR" property="readStatus" />
		<result column="READ_COUNT" jdbcType="DECIMAL" property="readCount" />
		<result column="HOST_ADDR" jdbcType="VARCHAR" property="hostAddr" />
		<result column="MSG_PRIORITY" jdbcType="DECIMAL" property="msgPriority" />
		<result column="PROJECT_ID" jdbcType="VARCHAR" property="projectId" />
	</resultMap>
	<resultMap extends="BaseResultMap" id="ResultMapWithBLOBs"
		type="com.vz.esap.translation.dao.model.Customer">
		<!-- WARNING - @mbggenerated This element is automatically generated by 
			MyBatis Generator, do not modify. This element was generated on Thu Apr 20 
			16:39:08 IST 2017. -->
		<result column="SO_IMG" jdbcType="CLOB" property="soImg" />
		<result column="UPSTREAM_RECORD" jdbcType="CLOB" property="upstreamRecord" />
	</resultMap>
	<sql id="Example_Where_Clause">
		<!-- WARNING - @mbggenerated This element is automatically generated by 
			MyBatis Generator, do not modify. This element was generated on Thu Apr 20 
			16:39:08 IST 2017. -->
		<where>
			<foreach collection="oredCriteria" item="criteria" separator="or">
				<if test="criteria.valid">
					<trim prefix="(" prefixOverrides="and" suffix=")">
						<foreach collection="criteria.criteria" item="criterion">
							<choose>
								<when test="criterion.noValue">
									and ${criterion.condition}
								</when>
								<when test="criterion.singleValue">
									and ${criterion.condition} #{criterion.value}
								</when>
								<when test="criterion.betweenValue">
									and ${criterion.condition} #{criterion.value}
									and
									#{criterion.secondValue}
								</when>
								<when test="criterion.listValue">
									and ${criterion.condition}
									<foreach close=")" collection="criterion.value" item="listItem"
										open="(" separator=",">
										#{listItem}
									</foreach>
								</when>
							</choose>
						</foreach>
					</trim>
				</if>
			</foreach>
		</where>
	</sql>
	<sql id="Update_By_Example_Where_Clause">
		<!-- WARNING - @mbggenerated This element is automatically generated by 
			MyBatis Generator, do not modify. This element was generated on Thu Apr 20 
			16:39:08 IST 2017. -->
		<where>
			<foreach collection="example.oredCriteria" item="criteria"
				separator="or">
				<if test="criteria.valid">
					<trim prefix="(" prefixOverrides="and" suffix=")">
						<foreach collection="criteria.criteria" item="criterion">
							<choose>
								<when test="criterion.noValue">
									and ${criterion.condition}
								</when>
								<when test="criterion.singleValue">
									and ${criterion.condition} #{criterion.value}
								</when>
								<when test="criterion.betweenValue">
									and ${criterion.condition} #{criterion.value}
									and
									#{criterion.secondValue}
								</when>
								<when test="criterion.listValue">
									and ${criterion.condition}
									<foreach close=")" collection="criterion.value" item="listItem"
										open="(" separator=",">
										#{listItem}
									</foreach>
								</when>
							</choose>
						</foreach>
					</trim>
				</if>
			</foreach>
		</where>
	</sql>
	<sql id="Base_Column_List">
		<!-- WARNING - @mbggenerated This element is automatically generated by 
			MyBatis Generator, do not modify. This element was generated on Thu Apr 20 
			16:39:08 IST 2017. -->
		SEQUENCE_NO, TRANSACTION_ID, JURISDICTION, TRANSLATOR_INST,
		RECEIVED_DATE, READ_STATUS,
		READ_COUNT, HOST_ADDR, MSG_PRIORITY,
		PROJECT_ID
	</sql>
	<sql id="Blob_Column_List">
		<!-- WARNING - @mbggenerated This element is automatically generated by 
			MyBatis Generator, do not modify. This element was generated on Thu Apr 20 
			16:39:08 IST 2017. -->
		SO_IMG, UPSTREAM_RECORD
	</sql>
	<select id="selectByExampleWithBLOBs" parameterType="com.vz.esap.translation.dao.model.CustomerExample"
		resultMap="ResultMapWithBLOBs">
		<!-- WARNING - @mbggenerated This element is automatically generated by 
			MyBatis Generator, do not modify. This element was generated on Thu Apr 20 
			16:39:08 IST 2017. -->
		select
		<if test="distinct">
			distinct
		</if>
		<include refid="Base_Column_List" />
		,
		<include refid="Blob_Column_List" />
		from TBL_SAFE_STORE
		<if test="_parameter != null">
			<include refid="Example_Where_Clause" />
		</if>
		<if test="orderByClause != null">
			order by ${orderByClause}
		</if>
	</select>
	<select id="selectByExample" parameterType="com.vz.esap.translation.dao.model.CustomerExample"
		resultMap="BaseResultMap">
		<!-- WARNING - @mbggenerated This element is automatically generated by 
			MyBatis Generator, do not modify. This element was generated on Thu Apr 20 
			16:39:08 IST 2017. -->
		select
		<if test="distinct">
			distinct
		</if>
		<include refid="Base_Column_List" />
		from TBL_SAFE_STORE
		<if test="_parameter != null">
			<include refid="Example_Where_Clause" />
		</if>
		<if test="orderByClause != null">
			order by ${orderByClause}
		</if>
	</select>
	<select id="selectByPrimaryKey" parameterType="java.lang.Long"
		resultMap="ResultMapWithBLOBs">
		<!-- WARNING - @mbggenerated This element is automatically generated by 
			MyBatis Generator, do not modify. This element was generated on Thu Apr 20 
			16:39:08 IST 2017. -->
		select
		<include refid="Base_Column_List" />
		,
		<include refid="Blob_Column_List" />
		from TBL_SAFE_STORE
		where SEQUENCE_NO = #{sequenceNo,jdbcType=DECIMAL}
	</select>
	<delete id="deleteByPrimaryKey" parameterType="java.lang.Long">
		<!-- WARNING - @mbggenerated This element is automatically generated by 
			MyBatis Generator, do not modify. This element was generated on Thu Apr 20 
			16:39:08 IST 2017. -->
		delete from TBL_SAFE_STORE
		where SEQUENCE_NO =
		#{sequenceNo,jdbcType=DECIMAL}
	</delete>
	<delete id="deleteByExample" parameterType="com.vz.esap.translation.dao.model.CustomerExample">
		<!-- WARNING - @mbggenerated This element is automatically generated by 
			MyBatis Generator, do not modify. This element was generated on Thu Apr 20 
			16:39:08 IST 2017. -->
		delete from TBL_SAFE_STORE
		<if test="_parameter != null">
			<include refid="Example_Where_Clause" />
		</if>
	</delete>
	<insert id="insert" parameterType="com.vz.esap.translation.dao.model.Customer">
		<!-- WARNING - @mbggenerated This element is automatically generated by 
			MyBatis Generator, do not modify. This element was generated on Thu Apr 20 
			16:39:08 IST 2017. -->
		insert into TBL_SAFE_STORE (SEQUENCE_NO, TRANSACTION_ID, JURISDICTION,
		TRANSLATOR_INST, RECEIVED_DATE, READ_STATUS,
		READ_COUNT, HOST_ADDR,
		MSG_PRIORITY,
		PROJECT_ID, SO_IMG, UPSTREAM_RECORD
		)
		values
		(#{sequenceNo,jdbcType=DECIMAL}, #{transactionId,jdbcType=VARCHAR},
		#{jurisdiction,jdbcType=VARCHAR},
		#{translatorInst,jdbcType=VARCHAR},
		#{receivedDate,jdbcType=TIMESTAMP}, #{readStatus,jdbcType=VARCHAR},
		#{readCount,jdbcType=DECIMAL}, #{hostAddr,jdbcType=VARCHAR},
		#{msgPriority,jdbcType=DECIMAL},
		#{projectId,jdbcType=VARCHAR},
		#{soImg,jdbcType=CLOB}, #{upstreamRecord,jdbcType=CLOB}
		)
	</insert>
	<insert id="insertSelective" parameterType="com.vz.esap.translation.dao.model.Customer">
		<!-- WARNING - @mbggenerated This element is automatically generated by 
			MyBatis Generator, do not modify. This element was generated on Thu Apr 20 
			16:39:08 IST 2017. -->
		insert into TBL_SAFE_STORE
		<trim prefix="(" suffix=")" suffixOverrides=",">
			<if test="sequenceNo != null">
				SEQUENCE_NO,
			</if>
			<if test="transactionId != null">
				TRANSACTION_ID,
			</if>
			<if test="jurisdiction != null">
				JURISDICTION,
			</if>
			<if test="translatorInst != null">
				TRANSLATOR_INST,
			</if>
			<if test="receivedDate != null">
				RECEIVED_DATE,
			</if>
			<if test="readStatus != null">
				READ_STATUS,
			</if>
			<if test="readCount != null">
				READ_COUNT,
			</if>
			<if test="hostAddr != null">
				HOST_ADDR,
			</if>
			<if test="msgPriority != null">
				MSG_PRIORITY,
			</if>
			<if test="projectId != null">
				PROJECT_ID,
			</if>
			<if test="soImg != null">
				SO_IMG,
			</if>
			<if test="upstreamRecord != null">
				UPSTREAM_RECORD,
			</if>
		</trim>
		<trim prefix="values (" suffix=")" suffixOverrides=",">
			<if test="sequenceNo != null">
				#{sequenceNo,jdbcType=DECIMAL},
			</if>
			<if test="transactionId != null">
				#{transactionId,jdbcType=VARCHAR},
			</if>
			<if test="jurisdiction != null">
				#{jurisdiction,jdbcType=VARCHAR},
			</if>
			<if test="translatorInst != null">
				#{translatorInst,jdbcType=VARCHAR},
			</if>
			<if test="receivedDate != null">
				#{receivedDate,jdbcType=TIMESTAMP},
			</if>
			<if test="readStatus != null">
				#{readStatus,jdbcType=VARCHAR},
			</if>
			<if test="readCount != null">
				#{readCount,jdbcType=DECIMAL},
			</if>
			<if test="hostAddr != null">
				#{hostAddr,jdbcType=VARCHAR},
			</if>
			<if test="msgPriority != null">
				#{msgPriority,jdbcType=DECIMAL},
			</if>
			<if test="projectId != null">
				#{projectId,jdbcType=VARCHAR},
			</if>
			<if test="soImg != null">
				#{soImg,jdbcType=CLOB},
			</if>
			<if test="upstreamRecord != null">
				#{upstreamRecord,jdbcType=CLOB},
			</if>
		</trim>
	</insert>
	<select id="countByExample" parameterType="com.vz.esap.translation.dao.model.CustomerExample"
		resultType="java.lang.Integer">
		<!-- WARNING - @mbggenerated This element is automatically generated by 
			MyBatis Generator, do not modify. This element was generated on Thu Apr 20 
			16:39:08 IST 2017. -->
		select count(*) from TBL_SAFE_STORE
		<if test="_parameter != null">
			<include refid="Example_Where_Clause" />
		</if>
	</select>
	<update id="updateByExampleSelective" parameterType="map">
		<!-- WARNING - @mbggenerated This element is automatically generated by 
			MyBatis Generator, do not modify. This element was generated on Thu Apr 20 
			16:39:08 IST 2017. -->
		update TBL_SAFE_STORE
		<set>
			<if test="record.sequenceNo != null">
				SEQUENCE_NO = #{record.sequenceNo,jdbcType=DECIMAL},
			</if>
			<if test="record.transactionId != null">
				TRANSACTION_ID =
				#{record.transactionId,jdbcType=VARCHAR},
			</if>
			<if test="record.jurisdiction != null">
				JURISDICTION = #{record.jurisdiction,jdbcType=VARCHAR},
			</if>
			<if test="record.translatorInst != null">
				TRANSLATOR_INST =
				#{record.translatorInst,jdbcType=VARCHAR},
			</if>
			<if test="record.receivedDate != null">
				RECEIVED_DATE =
				#{record.receivedDate,jdbcType=TIMESTAMP},
			</if>
			<if test="record.readStatus != null">
				READ_STATUS = #{record.readStatus,jdbcType=VARCHAR},
			</if>
			<if test="record.readCount != null">
				READ_COUNT = #{record.readCount,jdbcType=DECIMAL},
			</if>
			<if test="record.hostAddr != null">
				HOST_ADDR = #{record.hostAddr,jdbcType=VARCHAR},
			</if>
			<if test="record.msgPriority != null">
				MSG_PRIORITY = #{record.msgPriority,jdbcType=DECIMAL},
			</if>
			<if test="record.projectId != null">
				PROJECT_ID = #{record.projectId,jdbcType=VARCHAR},
			</if>
			<if test="record.soImg != null">
				SO_IMG = #{record.soImg,jdbcType=CLOB},
			</if>
			<if test="record.upstreamRecord != null">
				UPSTREAM_RECORD = #{record.upstreamRecord,jdbcType=CLOB},
			</if>
		</set>
		<if test="_parameter != null">
			<include refid="Update_By_Example_Where_Clause" />
		</if>
	</update>
	<update id="updateByExampleWithBLOBs" parameterType="map">
		<!-- WARNING - @mbggenerated This element is automatically generated by 
			MyBatis Generator, do not modify. This element was generated on Thu Apr 20 
			16:39:08 IST 2017. -->
		update TBL_SAFE_STORE
		set SEQUENCE_NO =
		#{record.sequenceNo,jdbcType=DECIMAL},
		TRANSACTION_ID =
		#{record.transactionId,jdbcType=VARCHAR},
		JURISDICTION =
		#{record.jurisdiction,jdbcType=VARCHAR},
		TRANSLATOR_INST =
		#{record.translatorInst,jdbcType=VARCHAR},
		RECEIVED_DATE =
		#{record.receivedDate,jdbcType=TIMESTAMP},
		READ_STATUS =
		#{record.readStatus,jdbcType=VARCHAR},
		READ_COUNT =
		#{record.readCount,jdbcType=DECIMAL},
		HOST_ADDR =
		#{record.hostAddr,jdbcType=VARCHAR},
		MSG_PRIORITY =
		#{record.msgPriority,jdbcType=DECIMAL},
		PROJECT_ID =
		#{record.projectId,jdbcType=VARCHAR},
		SO_IMG =
		#{record.soImg,jdbcType=CLOB},
		UPSTREAM_RECORD =
		#{record.upstreamRecord,jdbcType=CLOB}
		<if test="_parameter != null">
			<include refid="Update_By_Example_Where_Clause" />
		</if>
	</update>
	<update id="updateByExample" parameterType="map">
		<!-- WARNING - @mbggenerated This element is automatically generated by 
			MyBatis Generator, do not modify. This element was generated on Thu Apr 20 
			16:39:08 IST 2017. -->
		update TBL_SAFE_STORE
		set SEQUENCE_NO =
		#{record.sequenceNo,jdbcType=DECIMAL},
		TRANSACTION_ID =
		#{record.transactionId,jdbcType=VARCHAR},
		JURISDICTION =
		#{record.jurisdiction,jdbcType=VARCHAR},
		TRANSLATOR_INST =
		#{record.translatorInst,jdbcType=VARCHAR},
		RECEIVED_DATE =
		#{record.receivedDate,jdbcType=TIMESTAMP},
		READ_STATUS =
		#{record.readStatus,jdbcType=VARCHAR},
		READ_COUNT =
		#{record.readCount,jdbcType=DECIMAL},
		HOST_ADDR =
		#{record.hostAddr,jdbcType=VARCHAR},
		MSG_PRIORITY =
		#{record.msgPriority,jdbcType=DECIMAL},
		PROJECT_ID =
		#{record.projectId,jdbcType=VARCHAR}
		<if test="_parameter != null">
			<include refid="Update_By_Example_Where_Clause" />
		</if>
	</update>
	<update id="updateByPrimaryKeySelective" parameterType="com.vz.esap.translation.dao.model.Customer">
		<!-- WARNING - @mbggenerated This element is automatically generated by 
			MyBatis Generator, do not modify. This element was generated on Thu Apr 20 
			16:39:08 IST 2017. -->
		update TBL_SAFE_STORE
		<set>
			<if test="transactionId != null">
				TRANSACTION_ID = #{transactionId,jdbcType=VARCHAR},
			</if>
			<if test="jurisdiction != null">
				JURISDICTION = #{jurisdiction,jdbcType=VARCHAR},
			</if>
			<if test="translatorInst != null">
				TRANSLATOR_INST = #{translatorInst,jdbcType=VARCHAR},
			</if>
			<if test="receivedDate != null">
				RECEIVED_DATE = #{receivedDate,jdbcType=TIMESTAMP},
			</if>
			<if test="readStatus != null">
				READ_STATUS = #{readStatus,jdbcType=VARCHAR},
			</if>
			<if test="readCount != null">
				READ_COUNT = #{readCount,jdbcType=DECIMAL},
			</if>
			<if test="hostAddr != null">
				HOST_ADDR = #{hostAddr,jdbcType=VARCHAR},
			</if>
			<if test="msgPriority != null">
				MSG_PRIORITY = #{msgPriority,jdbcType=DECIMAL},
			</if>
			<if test="projectId != null">
				PROJECT_ID = #{projectId,jdbcType=VARCHAR},
			</if>
			<if test="soImg != null">
				SO_IMG = #{soImg,jdbcType=CLOB},
			</if>
			<if test="upstreamRecord != null">
				UPSTREAM_RECORD = #{upstreamRecord,jdbcType=CLOB},
			</if>
		</set>
		where SEQUENCE_NO = #{sequenceNo,jdbcType=DECIMAL}
	</update>
	<update id="updateByPrimaryKeyWithBLOBs" parameterType="com.vz.esap.translation.dao.model.Customer">
		<!-- WARNING - @mbggenerated This element is automatically generated by 
			MyBatis Generator, do not modify. This element was generated on Thu Apr 20 
			16:39:08 IST 2017. -->
		update TBL_SAFE_STORE
		set TRANSACTION_ID =
		#{transactionId,jdbcType=VARCHAR},
		JURISDICTION =
		#{jurisdiction,jdbcType=VARCHAR},
		TRANSLATOR_INST =
		#{translatorInst,jdbcType=VARCHAR},
		RECEIVED_DATE =
		#{receivedDate,jdbcType=TIMESTAMP},
		READ_STATUS =
		#{readStatus,jdbcType=VARCHAR},
		READ_COUNT =
		#{readCount,jdbcType=DECIMAL},
		HOST_ADDR =
		#{hostAddr,jdbcType=VARCHAR},
		MSG_PRIORITY =
		#{msgPriority,jdbcType=DECIMAL},
		PROJECT_ID =
		#{projectId,jdbcType=VARCHAR},
		SO_IMG = #{soImg,jdbcType=CLOB},
		UPSTREAM_RECORD = #{upstreamRecord,jdbcType=CLOB}
		where SEQUENCE_NO =
		#{sequenceNo,jdbcType=DECIMAL}
	</update>
	<update id="updateByPrimaryKey" parameterType="com.vz.esap.translation.dao.model.Customer">
		<!-- WARNING - @mbggenerated This element is automatically generated by 
			MyBatis Generator, do not modify. This element was generated on Thu Apr 20 
			16:39:08 IST 2017. -->
		update TBL_SAFE_STORE
		set TRANSACTION_ID =
		#{transactionId,jdbcType=VARCHAR},
		JURISDICTION =
		#{jurisdiction,jdbcType=VARCHAR},
		TRANSLATOR_INST =
		#{translatorInst,jdbcType=VARCHAR},
		RECEIVED_DATE =
		#{receivedDate,jdbcType=TIMESTAMP},
		READ_STATUS =
		#{readStatus,jdbcType=VARCHAR},
		READ_COUNT =
		#{readCount,jdbcType=DECIMAL},
		HOST_ADDR =
		#{hostAddr,jdbcType=VARCHAR},
		MSG_PRIORITY =
		#{msgPriority,jdbcType=DECIMAL},
		PROJECT_ID =
		#{projectId,jdbcType=VARCHAR}
		where SEQUENCE_NO =
		#{sequenceNo,jdbcType=DECIMAL}
	</update>
	<!-- customized insert -->
	<insert id="insertSafeStoreData" parameterType="com.vz.esap.translation.dao.model.Customer">

		insert into
		TBL_SAFE_STORE (SEQUENCE_NO, TRANSACTION_ID, JURISDICTION,
		TRANSLATOR_INST, RECEIVED_DATE, READ_STATUS,
		READ_COUNT, HOST_ADDR,
		MSG_PRIORITY,
		PROJECT_ID, SO_IMG, UPSTREAM_RECORD
		)
		values
		(SEQUENCE_NO_SEQ.nextval, #{transactionId,jdbcType=VARCHAR},
		#{jurisdiction,jdbcType=VARCHAR},
		#{translatorInst,jdbcType=VARCHAR},
		sysdate, #{readStatus,jdbcType=VARCHAR},
		#{readCount,jdbcType=DECIMAL}, #{hostAddr,jdbcType=VARCHAR},
		#{msgPriority,jdbcType=DECIMAL},
		#{projectId,jdbcType=VARCHAR},
		#{soImg,jdbcType=CLOB}, #{upstreamRecord,jdbcType=CLOB}
		)
	</insert>
	<select id="getOldEnterpriseIdForTSOMgration" parameterType="map"
		resultType="java.lang.String">
		SELECT enterprise_id
		FROM Tbl_vamp_entity_reference
		WHERE
		Vamp_ref_id = '${NewEnterpriseId}'

	</select>

	<select id="getCustomerRegionBasedOnCountry" parameterType="map"
		resultType="java.lang.String">
		SELECT region
		FROM tbl_country_province
		WHERE country_code =
		'${VirtualAddrCountry}'

	</select>

	<select id="getBillableFeatures" parameterType="map"
		resultType="java.lang.String">
		SELECT UNIQUE(feature_code) FROM tbl_pb_specs

	</select>

	<!-- <select id="dataIntigrityCheck" parameterType="map" resultType="java.lang.Integer"> 
		select count(*) from tbl_customer where customer_id='${CustomerId}' </select> -->

	<select id="getCustomerCount" parameterType="map" resultType="java.lang.Long">
		select count(*) from tbl_customer where customer_id='${CustomerId}'
	</select>
	
	<select id="getEnvOrderIdSeqNextVal" parameterType="map" resultType="java.lang.Long">
		SELECT ENV_ORDER_ID_SEQ.NEXTVAL FROM DUAL
	</select>
	
	<select id="getOrderIdSeqNextVal" parameterType="map" resultType="java.lang.Long">
		SELECT ORDER_ID_SEQ.NEXTVAL FROM DUAL
	</select>
	
	<select id="getEnterpriseTrunkIdSeqNextVal" parameterType="map" resultType="java.lang.Long">
		SELECT TBL_ESIP_ENTERPRISE_TRUNK_SEQ.NEXTVAL FROM DUAL
	</select>
	
	<select id="getEnterpriseIdSeqNextVal" parameterType="map" resultType="java.lang.Long">
		SELECT CUSTOMER_ID_SEQ.NEXTVAL FROM DUAL
	</select>
	
	<select id="getGroupTnIdSeqNextVal" parameterType="map" resultType="java.lang.Long">
		SELECT GROUP_TN_ID_SEQ.NEXTVAL FROM DUAL
	</select>
	
	<select id="getDeviceMapIdSeqNextVal" parameterType="map" resultType="java.lang.Long">
		SELECT DEVICE_MAP_ID_SEQ.NEXTVAL FROM DUAL
	</select>
	
	<select id="getGroupIdSeqNextVal" parameterType="map" resultType="java.lang.Long">
		SELECT GROUP_ID_SEQ.NEXTVAL FROM DUAL
	</select>
	
	<select id="getLocationIdSeqNextVal" parameterType="map" resultType="java.lang.Long">
		SELECT LOCATION_ID_SEQ.NEXTVAL FROM DUAL
	</select>
	
	<select id="getSubscriberIdSeqNextVal" parameterType="map" resultType="java.lang.Long">
		SELECT SUB_ID_SEQ.NEXTVAL FROM DUAL
	</select>

</mapper>