<?xml version="1.0" encoding="UTF-8" ?>
<!DOCTYPE mapper PUBLIC "-//mybatis.org//DTD Mapper 3.0//EN" "http://mybatis.org/dtd/mybatis-3-mapper.dtd" >
<mapper namespace="com.vz.esap.translation.dao.repository.CustomTblConfigParamsMapper" >
  <resultMap id="BaseResultMap" type="com.vz.esap.translation.dao.model.TblConfigParams" >
    <!--
      WARNING - @mbggenerated
      This element is automatically generated by MyBatis Generator, do not modify.
      This element was generated on Mon Mar 26 18:01:31 EDT 2018.
    -->
    <id column="CONFIG_PARAMS_ID" property="configParamsId" jdbcType="DECIMAL" />
    <result column="PROCESS_NAME" property="processName" jdbcType="VARCHAR" />
    <result column="PARAM_GROUP" property="paramGroup" jdbcType="VARCHAR" />
    <result column="PARAM_NAME" property="paramName" jdbcType="VARCHAR" />
    <result column="PARAM_VALUE" property="paramValue" jdbcType="VARCHAR" />
    <result column="STATUS" property="status" jdbcType="CHAR" />
    <result column="DESCRIPTION" property="description" jdbcType="VARCHAR" />
  </resultMap>
  <sql id="Example_Where_Clause" >
    <!--
      WARNING - @mbggenerated
      This element is automatically generated by MyBatis Generator, do not modify.
      This element was generated on Mon Mar 26 18:01:31 EDT 2018.
    -->
    <where >
      <foreach collection="oredCriteria" item="criteria" separator="or" >
        <if test="criteria.valid" >
          <trim prefix="(" suffix=")" prefixOverrides="and" >
            <foreach collection="criteria.criteria" item="criterion" >
              <choose >
                <when test="criterion.noValue" >
                  and ${criterion.condition}
                </when>
                <when test="criterion.singleValue" >
                  and ${criterion.condition} #{criterion.value}
                </when>
                <when test="criterion.betweenValue" >
                  and ${criterion.condition} #{criterion.value} and #{criterion.secondValue}
                </when>
                <when test="criterion.listValue" >
                  and ${criterion.condition}
                  <foreach collection="criterion.value" item="listItem" open="(" close=")" separator="," >
                    #{listItem}
                  </foreach>
                </when>
              </choose>
            </foreach>
          </trim>
        </if>
      </foreach>
    </where>
  </sql>
  <sql id="Update_By_Example_Where_Clause" >
    <!--
      WARNING - @mbggenerated
      This element is automatically generated by MyBatis Generator, do not modify.
      This element was generated on Mon Mar 26 18:01:31 EDT 2018.
    -->
    <where >
      <foreach collection="example.oredCriteria" item="criteria" separator="or" >
        <if test="criteria.valid" >
          <trim prefix="(" suffix=")" prefixOverrides="and" >
            <foreach collection="criteria.criteria" item="criterion" >
              <choose >
                <when test="criterion.noValue" >
                  and ${criterion.condition}
                </when>
                <when test="criterion.singleValue" >
                  and ${criterion.condition} #{criterion.value}
                </when>
                <when test="criterion.betweenValue" >
                  and ${criterion.condition} #{criterion.value} and #{criterion.secondValue}
                </when>
                <when test="criterion.listValue" >
                  and ${criterion.condition}
                  <foreach collection="criterion.value" item="listItem" open="(" close=")" separator="," >
                    #{listItem}
                  </foreach>
                </when>
              </choose>
            </foreach>
          </trim>
        </if>
      </foreach>
    </where>
  </sql>
  <sql id="Base_Column_List" >
    <!--
      WARNING - @mbggenerated
      This element is automatically generated by MyBatis Generator, do not modify.
      This element was generated on Mon Mar 26 18:01:31 EDT 2018.
    -->
    CONFIG_PARAMS_ID, PROCESS_NAME, PARAM_GROUP, PARAM_NAME, PARAM_VALUE, STATUS, DESCRIPTION
  </sql>
  <select id="selectByExample" resultMap="BaseResultMap" parameterType="com.vz.esap.translation.dao.model.TblConfigParamsExample" >
    <!--
      WARNING - @mbggenerated
      This element is automatically generated by MyBatis Generator, do not modify.
      This element was generated on Mon Mar 26 18:01:31 EDT 2018.
    -->
    select
    <if test="distinct" >
      distinct
    </if>
    <include refid="Base_Column_List" />
    from TBL_CONFIG_PARAMS
    <if test="_parameter != null" >
      <include refid="Example_Where_Clause" />
    </if>
    <if test="orderByClause != null" >
      order by ${orderByClause}
    </if>
  </select>
  <select id="selectByPrimaryKey" resultMap="BaseResultMap" parameterType="java.lang.Long" >
    <!--
      WARNING - @mbggenerated
      This element is automatically generated by MyBatis Generator, do not modify.
      This element was generated on Mon Mar 26 18:01:31 EDT 2018.
    -->
    select 
    <include refid="Base_Column_List" />
    from TBL_CONFIG_PARAMS
    where CONFIG_PARAMS_ID = #{configParamsId,jdbcType=DECIMAL}
  </select>
  <delete id="deleteByPrimaryKey" parameterType="java.lang.Long" >
    <!--
      WARNING - @mbggenerated
      This element is automatically generated by MyBatis Generator, do not modify.
      This element was generated on Mon Mar 26 18:01:31 EDT 2018.
    -->
    delete from TBL_CONFIG_PARAMS
    where CONFIG_PARAMS_ID = #{configParamsId,jdbcType=DECIMAL}
  </delete>
  <delete id="deleteByExample" parameterType="com.vz.esap.translation.dao.model.TblConfigParamsExample" >
    <!--
      WARNING - @mbggenerated
      This element is automatically generated by MyBatis Generator, do not modify.
      This element was generated on Mon Mar 26 18:01:31 EDT 2018.
    -->
    delete from TBL_CONFIG_PARAMS
    <if test="_parameter != null" >
      <include refid="Example_Where_Clause" />
    </if>
  </delete>
  <insert id="insert" parameterType="com.vz.esap.translation.dao.model.TblConfigParams" >
    <!--
      WARNING - @mbggenerated
      This element is automatically generated by MyBatis Generator, do not modify.
      This element was generated on Mon Mar 26 18:01:31 EDT 2018.
    -->
    insert into TBL_CONFIG_PARAMS (CONFIG_PARAMS_ID, PROCESS_NAME, PARAM_GROUP, 
      PARAM_NAME, PARAM_VALUE, STATUS, 
      DESCRIPTION)
    values (#{configParamsId,jdbcType=DECIMAL}, #{processName,jdbcType=VARCHAR}, #{paramGroup,jdbcType=VARCHAR}, 
      #{paramName,jdbcType=VARCHAR}, #{paramValue,jdbcType=VARCHAR}, #{status,jdbcType=CHAR}, 
      #{description,jdbcType=VARCHAR})
  </insert>
  <insert id="insertSelective" parameterType="com.vz.esap.translation.dao.model.TblConfigParams" >
    <!--
      WARNING - @mbggenerated
      This element is automatically generated by MyBatis Generator, do not modify.
      This element was generated on Mon Mar 26 18:01:31 EDT 2018.
    -->
    insert into TBL_CONFIG_PARAMS
    <trim prefix="(" suffix=")" suffixOverrides="," >
      <if test="configParamsId != null" >
        CONFIG_PARAMS_ID,
      </if>
      <if test="processName != null" >
        PROCESS_NAME,
      </if>
      <if test="paramGroup != null" >
        PARAM_GROUP,
      </if>
      <if test="paramName != null" >
        PARAM_NAME,
      </if>
      <if test="paramValue != null" >
        PARAM_VALUE,
      </if>
      <if test="status != null" >
        STATUS,
      </if>
      <if test="description != null" >
        DESCRIPTION,
      </if>
    </trim>
    <trim prefix="values (" suffix=")" suffixOverrides="," >
      <if test="configParamsId != null" >
        #{configParamsId,jdbcType=DECIMAL},
      </if>
      <if test="processName != null" >
        #{processName,jdbcType=VARCHAR},
      </if>
      <if test="paramGroup != null" >
        #{paramGroup,jdbcType=VARCHAR},
      </if>
      <if test="paramName != null" >
        #{paramName,jdbcType=VARCHAR},
      </if>
      <if test="paramValue != null" >
        #{paramValue,jdbcType=VARCHAR},
      </if>
      <if test="status != null" >
        #{status,jdbcType=CHAR},
      </if>
      <if test="description != null" >
        #{description,jdbcType=VARCHAR},
      </if>
    </trim>
  </insert>
  <select id="countByExample" parameterType="com.vz.esap.translation.dao.model.TblConfigParamsExample" resultType="java.lang.Integer" >
    <!--
      WARNING - @mbggenerated
      This element is automatically generated by MyBatis Generator, do not modify.
      This element was generated on Mon Mar 26 18:01:31 EDT 2018.
    -->
    select count(*) from TBL_CONFIG_PARAMS
    <if test="_parameter != null" >
      <include refid="Example_Where_Clause" />
    </if>
  </select>
  <update id="updateByExampleSelective" parameterType="map" >
    <!--
      WARNING - @mbggenerated
      This element is automatically generated by MyBatis Generator, do not modify.
      This element was generated on Mon Mar 26 18:01:31 EDT 2018.
    -->
    update TBL_CONFIG_PARAMS
    <set >
      <if test="record.configParamsId != null" >
        CONFIG_PARAMS_ID = #{record.configParamsId,jdbcType=DECIMAL},
      </if>
      <if test="record.processName != null" >
        PROCESS_NAME = #{record.processName,jdbcType=VARCHAR},
      </if>
      <if test="record.paramGroup != null" >
        PARAM_GROUP = #{record.paramGroup,jdbcType=VARCHAR},
      </if>
      <if test="record.paramName != null" >
        PARAM_NAME = #{record.paramName,jdbcType=VARCHAR},
      </if>
      <if test="record.paramValue != null" >
        PARAM_VALUE = #{record.paramValue,jdbcType=VARCHAR},
      </if>
      <if test="record.status != null" >
        STATUS = #{record.status,jdbcType=CHAR},
      </if>
      <if test="record.description != null" >
        DESCRIPTION = #{record.description,jdbcType=VARCHAR},
      </if>
    </set>
    <if test="_parameter != null" >
      <include refid="Update_By_Example_Where_Clause" />
    </if>
  </update>
  <update id="updateByExample" parameterType="map" >
    <!--
      WARNING - @mbggenerated
      This element is automatically generated by MyBatis Generator, do not modify.
      This element was generated on Mon Mar 26 18:01:31 EDT 2018.
    -->
    update TBL_CONFIG_PARAMS
    set CONFIG_PARAMS_ID = #{record.configParamsId,jdbcType=DECIMAL},
      PROCESS_NAME = #{record.processName,jdbcType=VARCHAR},
      PARAM_GROUP = #{record.paramGroup,jdbcType=VARCHAR},
      PARAM_NAME = #{record.paramName,jdbcType=VARCHAR},
      PARAM_VALUE = #{record.paramValue,jdbcType=VARCHAR},
      STATUS = #{record.status,jdbcType=CHAR},
      DESCRIPTION = #{record.description,jdbcType=VARCHAR}
    <if test="_parameter != null" >
      <include refid="Update_By_Example_Where_Clause" />
    </if>
  </update>
  <update id="updateByPrimaryKeySelective" parameterType="com.vz.esap.translation.dao.model.TblConfigParams" >
    <!--
      WARNING - @mbggenerated
      This element is automatically generated by MyBatis Generator, do not modify.
      This element was generated on Mon Mar 26 18:01:31 EDT 2018.
    -->
    update TBL_CONFIG_PARAMS
    <set >
      <if test="processName != null" >
        PROCESS_NAME = #{processName,jdbcType=VARCHAR},
      </if>
      <if test="paramGroup != null" >
        PARAM_GROUP = #{paramGroup,jdbcType=VARCHAR},
      </if>
      <if test="paramName != null" >
        PARAM_NAME = #{paramName,jdbcType=VARCHAR},
      </if>
      <if test="paramValue != null" >
        PARAM_VALUE = #{paramValue,jdbcType=VARCHAR},
      </if>
      <if test="status != null" >
        STATUS = #{status,jdbcType=CHAR},
      </if>
      <if test="description != null" >
        DESCRIPTION = #{description,jdbcType=VARCHAR},
      </if>
    </set>
    where CONFIG_PARAMS_ID = #{configParamsId,jdbcType=DECIMAL}
  </update>
  <update id="updateByPrimaryKey" parameterType="com.vz.esap.translation.dao.model.TblConfigParams" >
    <!--
      WARNING - @mbggenerated
      This element is automatically generated by MyBatis Generator, do not modify.
      This element was generated on Mon Mar 26 18:01:31 EDT 2018.
    -->
    update TBL_CONFIG_PARAMS
    set PROCESS_NAME = #{processName,jdbcType=VARCHAR},
      PARAM_GROUP = #{paramGroup,jdbcType=VARCHAR},
      PARAM_NAME = #{paramName,jdbcType=VARCHAR},
      PARAM_VALUE = #{paramValue,jdbcType=VARCHAR},
      STATUS = #{status,jdbcType=CHAR},
      DESCRIPTION = #{description,jdbcType=VARCHAR}
    where CONFIG_PARAMS_ID = #{configParamsId,jdbcType=DECIMAL}
  </update>
</mapper>