<?xml version="1.0" encoding="UTF-8" ?>
<!DOCTYPE mapper PUBLIC "-//mybatis.org//DTD Mapper 3.0//EN" "http://mybatis.org/dtd/mybatis-3-mapper.dtd" >
<mapper namespace="com.vz.esap.translation.dao.repository.CustomTblEnvOrderValErrorsMapper" >
  <resultMap id="BaseResultMap" type="com.vz.esap.translation.dao.model.TblEnvOrderValErrors" >
    <!--
      WARNING - @mbggenerated
      This element is automatically generated by MyBatis Generator, do not modify.
      This element was generated on Mon Nov 06 10:12:14 IST 2017.
    -->
    <result column="ENV_ORDER_ID" property="envOrderId" jdbcType="DECIMAL" />
    <result column="ENTITY_TYPE" property="entityType" jdbcType="VARCHAR" />
    <result column="ENTITY_VALUE" property="entityValue" jdbcType="VARCHAR" />
    <result column="ERROR_TYPE" property="errorType" jdbcType="VARCHAR" />
    <result column="ERROR_SOURCE" property="errorSource" jdbcType="VARCHAR" />
    <result column="SOURCE_ERROR_CODE" property="sourceErrorCode" jdbcType="VARCHAR" />
    <result column="SOURCE_ERROR_DESC" property="sourceErrorDesc" jdbcType="VARCHAR" />
    <result column="CREATED_BY" property="createdBy" jdbcType="VARCHAR" />
    <result column="CREATION_DATE" property="creationDate" jdbcType="TIMESTAMP" />
  </resultMap>
  <sql id="Example_Where_Clause" >
    <!--
      WARNING - @mbggenerated
      This element is automatically generated by MyBatis Generator, do not modify.
      This element was generated on Mon Nov 06 10:12:14 IST 2017.
    -->
    <where >
      <foreach collection="oredCriteria" item="criteria" separator="or" >
        <if test="criteria.valid" >
          <trim prefix="(" suffix=")" prefixOverrides="and" >
            <foreach collection="criteria.criteria" item="criterion" >
              <choose >
                <when test="criterion.noValue" >
                  and ${criterion.condition}
                </when>
                <when test="criterion.singleValue" >
                  and ${criterion.condition} #{criterion.value}
                </when>
                <when test="criterion.betweenValue" >
                  and ${criterion.condition} #{criterion.value} and #{criterion.secondValue}
                </when>
                <when test="criterion.listValue" >
                  and ${criterion.condition}
                  <foreach collection="criterion.value" item="listItem" open="(" close=")" separator="," >
                    #{listItem}
                  </foreach>
                </when>
              </choose>
            </foreach>
          </trim>
        </if>
      </foreach>
    </where>
  </sql>
  <sql id="Update_By_Example_Where_Clause" >
    <!--
      WARNING - @mbggenerated
      This element is automatically generated by MyBatis Generator, do not modify.
      This element was generated on Mon Nov 06 10:12:14 IST 2017.
    -->
    <where >
      <foreach collection="example.oredCriteria" item="criteria" separator="or" >
        <if test="criteria.valid" >
          <trim prefix="(" suffix=")" prefixOverrides="and" >
            <foreach collection="criteria.criteria" item="criterion" >
              <choose >
                <when test="criterion.noValue" >
                  and ${criterion.condition}
                </when>
                <when test="criterion.singleValue" >
                  and ${criterion.condition} #{criterion.value}
                </when>
                <when test="criterion.betweenValue" >
                  and ${criterion.condition} #{criterion.value} and #{criterion.secondValue}
                </when>
                <when test="criterion.listValue" >
                  and ${criterion.condition}
                  <foreach collection="criterion.value" item="listItem" open="(" close=")" separator="," >
                    #{listItem}
                  </foreach>
                </when>
              </choose>
            </foreach>
          </trim>
        </if>
      </foreach>
    </where>
  </sql>
  <sql id="Base_Column_List" >
    <!--
      WARNING - @mbggenerated
      This element is automatically generated by MyBatis Generator, do not modify.
      This element was generated on Mon Nov 06 10:12:14 IST 2017.
    -->
    ENV_ORDER_ID, ENTITY_TYPE, ENTITY_VALUE, ERROR_TYPE, ERROR_SOURCE, SOURCE_ERROR_CODE, 
    SOURCE_ERROR_DESC, CREATED_BY, CREATION_DATE
  </sql>
  <select id="selectByExample" resultMap="BaseResultMap" parameterType="com.vz.esap.translation.dao.model.TblEnvOrderValErrorsExample" >
    <!--
      WARNING - @mbggenerated
      This element is automatically generated by MyBatis Generator, do not modify.
      This element was generated on Mon Nov 06 10:12:14 IST 2017.
    -->
    select
    <if test="distinct" >
      distinct
    </if>
    <include refid="Base_Column_List" />
    from TBL_ENV_ORDER_VAL_ERRORS
    <if test="_parameter != null" >
      <include refid="Example_Where_Clause" />
    </if>
    <if test="orderByClause != null" >
      order by ${orderByClause}
    </if>
  </select>
  <delete id="deleteByExample" parameterType="com.vz.esap.translation.dao.model.TblEnvOrderValErrorsExample" >
    <!--
      WARNING - @mbggenerated
      This element is automatically generated by MyBatis Generator, do not modify.
      This element was generated on Mon Nov 06 10:12:14 IST 2017.
    -->
    delete from TBL_ENV_ORDER_VAL_ERRORS
    <if test="_parameter != null" >
      <include refid="Example_Where_Clause" />
    </if>
  </delete>
  <insert id="insert" parameterType="com.vz.esap.translation.dao.model.TblEnvOrderValErrors" >
    <!--
      WARNING - @mbggenerated
      This element is automatically generated by MyBatis Generator, do not modify.
      This element was generated on Mon Nov 06 10:12:14 IST 2017.
    -->
    insert into TBL_ENV_ORDER_VAL_ERRORS (ENV_ORDER_ID, ENTITY_TYPE, ENTITY_VALUE, 
      ERROR_TYPE, ERROR_SOURCE, SOURCE_ERROR_CODE, 
      SOURCE_ERROR_DESC, CREATED_BY, CREATION_DATE
      )
    values (#{envOrderId,jdbcType=DECIMAL}, #{entityType,jdbcType=VARCHAR}, #{entityValue,jdbcType=VARCHAR}, 
      #{errorType,jdbcType=VARCHAR}, #{errorSource,jdbcType=VARCHAR}, #{sourceErrorCode,jdbcType=VARCHAR}, 
      #{sourceErrorDesc,jdbcType=VARCHAR}, #{createdBy,jdbcType=VARCHAR}, #{creationDate,jdbcType=TIMESTAMP}
      )
  </insert>
  <insert id="insertSelective" parameterType="com.vz.esap.translation.dao.model.TblEnvOrderValErrors" >
    <!--
      WARNING - @mbggenerated
      This element is automatically generated by MyBatis Generator, do not modify.
      This element was generated on Mon Nov 06 10:12:14 IST 2017.
    -->
    insert into TBL_ENV_ORDER_VAL_ERRORS
    <trim prefix="(" suffix=")" suffixOverrides="," >
      <if test="envOrderId != null" >
        ENV_ORDER_ID,
      </if>
      <if test="entityType != null" >
        ENTITY_TYPE,
      </if>
      <if test="entityValue != null" >
        ENTITY_VALUE,
      </if>
      <if test="errorType != null" >
        ERROR_TYPE,
      </if>
      <if test="errorSource != null" >
        ERROR_SOURCE,
      </if>
      <if test="sourceErrorCode != null" >
        SOURCE_ERROR_CODE,
      </if>
      <if test="sourceErrorDesc != null" >
        SOURCE_ERROR_DESC,
      </if>
      <if test="createdBy != null" >
        CREATED_BY,
      </if>
      <if test="creationDate != null" >
        CREATION_DATE,
      </if>
    </trim>
    <trim prefix="values (" suffix=")" suffixOverrides="," >
      <if test="envOrderId != null" >
        #{envOrderId,jdbcType=DECIMAL},
      </if>
      <if test="entityType != null" >
        #{entityType,jdbcType=VARCHAR},
      </if>
      <if test="entityValue != null" >
        #{entityValue,jdbcType=VARCHAR},
      </if>
      <if test="errorType != null" >
        #{errorType,jdbcType=VARCHAR},
      </if>
      <if test="errorSource != null" >
        #{errorSource,jdbcType=VARCHAR},
      </if>
      <if test="sourceErrorCode != null" >
        #{sourceErrorCode,jdbcType=VARCHAR},
      </if>
      <if test="sourceErrorDesc != null" >
        #{sourceErrorDesc,jdbcType=VARCHAR},
      </if>
      <if test="createdBy != null" >
        #{createdBy,jdbcType=VARCHAR},
      </if>
      <if test="creationDate != null" >
        #{creationDate,jdbcType=TIMESTAMP},
      </if>
    </trim>
  </insert>
  <select id="countByExample" parameterType="com.vz.esap.translation.dao.model.TblEnvOrderValErrorsExample" resultType="java.lang.Integer" >
    <!--
      WARNING - @mbggenerated
      This element is automatically generated by MyBatis Generator, do not modify.
      This element was generated on Mon Nov 06 10:12:14 IST 2017.
    -->
    select count(*) from TBL_ENV_ORDER_VAL_ERRORS
    <if test="_parameter != null" >
      <include refid="Example_Where_Clause" />
    </if>
  </select>
  <update id="updateByExampleSelective" parameterType="map" >
    <!--
      WARNING - @mbggenerated
      This element is automatically generated by MyBatis Generator, do not modify.
      This element was generated on Mon Nov 06 10:12:14 IST 2017.
    -->
    update TBL_ENV_ORDER_VAL_ERRORS
    <set >
      <if test="record.envOrderId != null" >
        ENV_ORDER_ID = #{record.envOrderId,jdbcType=DECIMAL},
      </if>
      <if test="record.entityType != null" >
        ENTITY_TYPE = #{record.entityType,jdbcType=VARCHAR},
      </if>
      <if test="record.entityValue != null" >
        ENTITY_VALUE = #{record.entityValue,jdbcType=VARCHAR},
      </if>
      <if test="record.errorType != null" >
        ERROR_TYPE = #{record.errorType,jdbcType=VARCHAR},
      </if>
      <if test="record.errorSource != null" >
        ERROR_SOURCE = #{record.errorSource,jdbcType=VARCHAR},
      </if>
      <if test="record.sourceErrorCode != null" >
        SOURCE_ERROR_CODE = #{record.sourceErrorCode,jdbcType=VARCHAR},
      </if>
      <if test="record.sourceErrorDesc != null" >
        SOURCE_ERROR_DESC = #{record.sourceErrorDesc,jdbcType=VARCHAR},
      </if>
      <if test="record.createdBy != null" >
        CREATED_BY = #{record.createdBy,jdbcType=VARCHAR},
      </if>
      <if test="record.creationDate != null" >
        CREATION_DATE = #{record.creationDate,jdbcType=TIMESTAMP},
      </if>
    </set>
    <if test="_parameter != null" >
      <include refid="Update_By_Example_Where_Clause" />
    </if>
  </update>
  <update id="updateByExample" parameterType="map" >
    <!--
      WARNING - @mbggenerated
      This element is automatically generated by MyBatis Generator, do not modify.
      This element was generated on Mon Nov 06 10:12:14 IST 2017.
    -->
    update TBL_ENV_ORDER_VAL_ERRORS
    set ENV_ORDER_ID = #{record.envOrderId,jdbcType=DECIMAL},
      ENTITY_TYPE = #{record.entityType,jdbcType=VARCHAR},
      ENTITY_VALUE = #{record.entityValue,jdbcType=VARCHAR},
      ERROR_TYPE = #{record.errorType,jdbcType=VARCHAR},
      ERROR_SOURCE = #{record.errorSource,jdbcType=VARCHAR},
      SOURCE_ERROR_CODE = #{record.sourceErrorCode,jdbcType=VARCHAR},
      SOURCE_ERROR_DESC = #{record.sourceErrorDesc,jdbcType=VARCHAR},
      CREATED_BY = #{record.createdBy,jdbcType=VARCHAR},
      CREATION_DATE = #{record.creationDate,jdbcType=TIMESTAMP}
    <if test="_parameter != null" >
      <include refid="Update_By_Example_Where_Clause" />
    </if>
  </update>
  
  <!--  Custom SQLs here -->
  
  <insert id="persistTblEnvOrderValErrors" parameterType="com.vz.esap.translation.dao.model.TblEnvOrderValErrors" >
    insert into TBL_ENV_ORDER_VAL_ERRORS (ENV_ORDER_ID, ENTITY_TYPE, ENTITY_VALUE, 
      ERROR_TYPE, ERROR_SOURCE, SOURCE_ERROR_CODE, 
      SOURCE_ERROR_DESC, CREATED_BY, CREATION_DATE
      )
    values (#{envOrderId,jdbcType=DECIMAL}, #{entityType,jdbcType=VARCHAR}, #{entityValue,jdbcType=VARCHAR}, 
      #{errorType,jdbcType=VARCHAR}, #{errorSource,jdbcType=VARCHAR}, #{sourceErrorCode,jdbcType=VARCHAR}, 
      #{sourceErrorDesc,jdbcType=VARCHAR}, #{createdBy,jdbcType=VARCHAR}, sysdate
      )
  </insert>
  
</mapper>