<?xml version="1.0" encoding="UTF-8" ?>
<!DOCTYPE mapper PUBLIC "-//mybatis.org//DTD Mapper 3.0//EN" "http://mybatis.org/dtd/mybatis-3-mapper.dtd" >
<mapper
	namespace="com.vz.esap.translation.dao.repository.CustomTblEnvOrderDetailsMapper">
	<resultMap id="BaseResultMap"
		type="com.vz.esap.translation.dao.model.TblEnvOrderDetails">
		<!-- WARNING - @mbggenerated This element is automatically generated by 
			MyBatis Generator, do not modify. This element was generated on Thu Mar 22 
			23:16:27 EDT 2018. -->
		<id column="ENV_ORDER_DETAIL_ID" property="envOrderDetailId"
			jdbcType="DECIMAL" />
		<result column="ENV_ORDER_ID" property="envOrderId" jdbcType="DECIMAL" />
		<result column="DATA_TYPE" property="dataType" jdbcType="DECIMAL" />
		<result column="SEQ_NO" property="seqNo" jdbcType="DECIMAL" />
		<result column="PARAM_TYPE" property="paramType" jdbcType="VARCHAR" />
		<result column="ACTION" property="action" jdbcType="VARCHAR" />
		<result column="PARAM_NAME" property="paramName" jdbcType="VARCHAR" />
		<result column="PARAM_VALUE" property="paramValue" jdbcType="VARCHAR" />
		<result column="PARENT_ID" property="parentId" jdbcType="DECIMAL" />
		<result column="FLOW_STATUS" property="flowStatus" jdbcType="DECIMAL" />
		<result column="LEAF" property="leaf" jdbcType="DECIMAL" />
	</resultMap>
	<sql id="Example_Where_Clause">
		<!-- WARNING - @mbggenerated This element is automatically generated by 
			MyBatis Generator, do not modify. This element was generated on Thu Mar 22 
			23:16:27 EDT 2018. -->
		<where>
			<foreach collection="oredCriteria" item="criteria" separator="or">
				<if test="criteria.valid">
					<trim prefix="(" suffix=")" prefixOverrides="and">
						<foreach collection="criteria.criteria" item="criterion">
							<choose>
								<when test="criterion.noValue">
									and ${criterion.condition}
								</when>
								<when test="criterion.singleValue">
									and ${criterion.condition} #{criterion.value}
								</when>
								<when test="criterion.betweenValue">
									and ${criterion.condition} #{criterion.value} and
									#{criterion.secondValue}
								</when>
								<when test="criterion.listValue">
									and ${criterion.condition}
									<foreach collection="criterion.value" item="listItem"
										open="(" close=")" separator=",">
										#{listItem}
									</foreach>
								</when>
							</choose>
						</foreach>
					</trim>
				</if>
			</foreach>
		</where>
	</sql>
	<sql id="Update_By_Example_Where_Clause">
		<!-- WARNING - @mbggenerated This element is automatically generated by 
			MyBatis Generator, do not modify. This element was generated on Thu Mar 22 
			23:16:27 EDT 2018. -->
		<where>
			<foreach collection="example.oredCriteria" item="criteria"
				separator="or">
				<if test="criteria.valid">
					<trim prefix="(" suffix=")" prefixOverrides="and">
						<foreach collection="criteria.criteria" item="criterion">
							<choose>
								<when test="criterion.noValue">
									and ${criterion.condition}
								</when>
								<when test="criterion.singleValue">
									and ${criterion.condition} #{criterion.value}
								</when>
								<when test="criterion.betweenValue">
									and ${criterion.condition} #{criterion.value} and
									#{criterion.secondValue}
								</when>
								<when test="criterion.listValue">
									and ${criterion.condition}
									<foreach collection="criterion.value" item="listItem"
										open="(" close=")" separator=",">
										#{listItem}
									</foreach>
								</when>
							</choose>
						</foreach>
					</trim>
				</if>
			</foreach>
		</where>
	</sql>
	<sql id="Base_Column_List">
		<!-- WARNING - @mbggenerated This element is automatically generated by 
			MyBatis Generator, do not modify. This element was generated on Thu Mar 22 
			23:16:27 EDT 2018. -->
		ENV_ORDER_DETAIL_ID, ENV_ORDER_ID, DATA_TYPE, SEQ_NO, PARAM_TYPE,
		ACTION, PARAM_NAME,
		PARAM_VALUE, PARENT_ID, FLOW_STATUS, LEAF
	</sql>
	<select id="selectByExample" resultMap="BaseResultMap"
		parameterType="com.vz.esap.translation.dao.model.TblEnvOrderDetailsExample">
		<!-- WARNING - @mbggenerated This element is automatically generated by 
			MyBatis Generator, do not modify. This element was generated on Thu Mar 22 
			23:16:27 EDT 2018. -->
		select
		<if test="distinct">
			distinct
		</if>
		<include refid="Base_Column_List" />
		from TBL_ENV_ORDER_DETAILS
		<if test="_parameter != null">
			<include refid="Example_Where_Clause" />
		</if>
		<if test="orderByClause != null">
			order by ${orderByClause}
		</if>
	</select>
	<select id="selectByPrimaryKey" resultMap="BaseResultMap"
		parameterType="java.lang.Long">
		<!-- WARNING - @mbggenerated This element is automatically generated by 
			MyBatis Generator, do not modify. This element was generated on Thu Mar 22 
			23:16:27 EDT 2018. -->
		select
		<include refid="Base_Column_List" />
		from TBL_ENV_ORDER_DETAILS
		where ENV_ORDER_DETAIL_ID = #{envOrderDetailId,jdbcType=DECIMAL}
	</select>
	<delete id="deleteByPrimaryKey" parameterType="java.lang.Long">
		<!-- WARNING - @mbggenerated This element is automatically generated by 
			MyBatis Generator, do not modify. This element was generated on Thu Mar 22 
			23:16:27 EDT 2018. -->
		delete from TBL_ENV_ORDER_DETAILS
		where ENV_ORDER_DETAIL_ID = #{envOrderDetailId,jdbcType=DECIMAL}
	</delete>
	<delete id="deleteByExample"
		parameterType="com.vz.esap.translation.dao.model.TblEnvOrderDetailsExample">
		<!-- WARNING - @mbggenerated This element is automatically generated by 
			MyBatis Generator, do not modify. This element was generated on Thu Mar 22 
			23:16:27 EDT 2018. -->
		delete from TBL_ENV_ORDER_DETAILS
		<if test="_parameter != null">
			<include refid="Example_Where_Clause" />
		</if>
	</delete>
	<insert id="insert"
		parameterType="com.vz.esap.translation.dao.model.TblEnvOrderDetails">
		<!-- WARNING - @mbggenerated This element is automatically generated by 
			MyBatis Generator, do not modify. This element was generated on Thu Mar 22 
			23:16:27 EDT 2018. -->
		insert into TBL_ENV_ORDER_DETAILS (ENV_ORDER_DETAIL_ID, ENV_ORDER_ID,
		DATA_TYPE,
		SEQ_NO, PARAM_TYPE, ACTION,
		PARAM_NAME, PARAM_VALUE, PARENT_ID,
		FLOW_STATUS, LEAF)
		values (#{envOrderDetailId,jdbcType=DECIMAL},
		#{envOrderId,jdbcType=DECIMAL}, #{dataType,jdbcType=DECIMAL},
		#{seqNo,jdbcType=DECIMAL}, #{paramType,jdbcType=VARCHAR},
		#{action,jdbcType=VARCHAR},
		#{paramName,jdbcType=VARCHAR}, #{paramValue,jdbcType=VARCHAR}, #{parentId,jdbcType=DECIMAL},
		#{flowStatus,jdbcType=DECIMAL}, #{leaf,jdbcType=DECIMAL})
	</insert>
	<insert id="insertSelective"
		parameterType="com.vz.esap.translation.dao.model.TblEnvOrderDetails">
		<!-- WARNING - @mbggenerated This element is automatically generated by 
			MyBatis Generator, do not modify. This element was generated on Thu Mar 22 
			23:16:27 EDT 2018. -->
		insert into TBL_ENV_ORDER_DETAILS
		<trim prefix="(" suffix=")" suffixOverrides=",">
			<if test="envOrderDetailId != null">
				ENV_ORDER_DETAIL_ID,
			</if>
			<if test="envOrderId != null">
				ENV_ORDER_ID,
			</if>
			<if test="dataType != null">
				DATA_TYPE,
			</if>
			<if test="seqNo != null">
				SEQ_NO,
			</if>
			<if test="paramType != null">
				PARAM_TYPE,
			</if>
			<if test="action != null">
				ACTION,
			</if>
			<if test="paramName != null">
				PARAM_NAME,
			</if>
			<if test="paramValue != null">
				PARAM_VALUE,
			</if>
			<if test="parentId != null">
				PARENT_ID,
			</if>
			<if test="flowStatus != null">
				FLOW_STATUS,
			</if>
			<if test="leaf != null">
				LEAF,
			</if>
		</trim>
		<trim prefix="values (" suffix=")" suffixOverrides=",">
			<if test="envOrderDetailId != null">
				#{envOrderDetailId,jdbcType=DECIMAL},
			</if>
			<if test="envOrderId != null">
				#{envOrderId,jdbcType=DECIMAL},
			</if>
			<if test="dataType != null">
				#{dataType,jdbcType=DECIMAL},
			</if>
			<if test="seqNo != null">
				#{seqNo,jdbcType=DECIMAL},
			</if>
			<if test="paramType != null">
				#{paramType,jdbcType=VARCHAR},
			</if>
			<if test="action != null">
				#{action,jdbcType=VARCHAR},
			</if>
			<if test="paramName != null">
				#{paramName,jdbcType=VARCHAR},
			</if>
			<if test="paramValue != null">
				#{paramValue,jdbcType=VARCHAR},
			</if>
			<if test="parentId != null">
				#{parentId,jdbcType=DECIMAL},
			</if>
			<if test="flowStatus != null">
				#{flowStatus,jdbcType=DECIMAL},
			</if>
			<if test="leaf != null">
				#{leaf,jdbcType=DECIMAL},
			</if>
		</trim>
	</insert>
	<select id="countByExample"
		parameterType="com.vz.esap.translation.dao.model.TblEnvOrderDetailsExample"
		resultType="java.lang.Integer">
		<!-- WARNING - @mbggenerated This element is automatically generated by 
			MyBatis Generator, do not modify. This element was generated on Thu Mar 22 
			23:16:27 EDT 2018. -->
		select count(*) from TBL_ENV_ORDER_DETAILS
		<if test="_parameter != null">
			<include refid="Example_Where_Clause" />
		</if>
	</select>
	<update id="updateByExampleSelective" parameterType="map">
		<!-- WARNING - @mbggenerated This element is automatically generated by 
			MyBatis Generator, do not modify. This element was generated on Thu Mar 22 
			23:16:27 EDT 2018. -->
		update TBL_ENV_ORDER_DETAILS
		<set>
			<if test="record.envOrderDetailId != null">
				ENV_ORDER_DETAIL_ID = #{record.envOrderDetailId,jdbcType=DECIMAL},
			</if>
			<if test="record.envOrderId != null">
				ENV_ORDER_ID = #{record.envOrderId,jdbcType=DECIMAL},
			</if>
			<if test="record.dataType != null">
				DATA_TYPE = #{record.dataType,jdbcType=DECIMAL},
			</if>
			<if test="record.seqNo != null">
				SEQ_NO = #{record.seqNo,jdbcType=DECIMAL},
			</if>
			<if test="record.paramType != null">
				PARAM_TYPE = #{record.paramType,jdbcType=VARCHAR},
			</if>
			<if test="record.action != null">
				ACTION = #{record.action,jdbcType=VARCHAR},
			</if>
			<if test="record.paramName != null">
				PARAM_NAME = #{record.paramName,jdbcType=VARCHAR},
			</if>
			<if test="record.paramValue != null">
				PARAM_VALUE = #{record.paramValue,jdbcType=VARCHAR},
			</if>
			<if test="record.parentId != null">
				PARENT_ID = #{record.parentId,jdbcType=DECIMAL},
			</if>
			<if test="record.flowStatus != null">
				FLOW_STATUS = #{record.flowStatus,jdbcType=DECIMAL},
			</if>
			<if test="record.leaf != null">
				LEAF = #{record.leaf,jdbcType=DECIMAL},
			</if>
		</set>
		<if test="_parameter != null">
			<include refid="Update_By_Example_Where_Clause" />
		</if>
	</update>
	<update id="updateByExample" parameterType="map">
		<!-- WARNING - @mbggenerated This element is automatically generated by 
			MyBatis Generator, do not modify. This element was generated on Thu Mar 22 
			23:16:27 EDT 2018. -->
		update TBL_ENV_ORDER_DETAILS
		set ENV_ORDER_DETAIL_ID = #{record.envOrderDetailId,jdbcType=DECIMAL},
		ENV_ORDER_ID = #{record.envOrderId,jdbcType=DECIMAL},
		DATA_TYPE = #{record.dataType,jdbcType=DECIMAL},
		SEQ_NO = #{record.seqNo,jdbcType=DECIMAL},
		PARAM_TYPE = #{record.paramType,jdbcType=VARCHAR},
		ACTION = #{record.action,jdbcType=VARCHAR},
		PARAM_NAME = #{record.paramName,jdbcType=VARCHAR},
		PARAM_VALUE = #{record.paramValue,jdbcType=VARCHAR},
		PARENT_ID = #{record.parentId,jdbcType=DECIMAL},
		FLOW_STATUS = #{record.flowStatus,jdbcType=DECIMAL},
		LEAF = #{record.leaf,jdbcType=DECIMAL}
		<if test="_parameter != null">
			<include refid="Update_By_Example_Where_Clause" />
		</if>
	</update>
	<update id="updateByPrimaryKeySelective"
		parameterType="com.vz.esap.translation.dao.model.TblEnvOrderDetails">
		<!-- WARNING - @mbggenerated This element is automatically generated by 
			MyBatis Generator, do not modify. This element was generated on Thu Mar 22 
			23:16:27 EDT 2018. -->
		update TBL_ENV_ORDER_DETAILS
		<set>
			<if test="envOrderId != null">
				ENV_ORDER_ID = #{envOrderId,jdbcType=DECIMAL},
			</if>
			<if test="dataType != null">
				DATA_TYPE = #{dataType,jdbcType=DECIMAL},
			</if>
			<if test="seqNo != null">
				SEQ_NO = #{seqNo,jdbcType=DECIMAL},
			</if>
			<if test="paramType != null">
				PARAM_TYPE = #{paramType,jdbcType=VARCHAR},
			</if>
			<if test="action != null">
				ACTION = #{action,jdbcType=VARCHAR},
			</if>
			<if test="paramName != null">
				PARAM_NAME = #{paramName,jdbcType=VARCHAR},
			</if>
			<if test="paramValue != null">
				PARAM_VALUE = #{paramValue,jdbcType=VARCHAR},
			</if>
			<if test="parentId != null">
				PARENT_ID = #{parentId,jdbcType=DECIMAL},
			</if>
			<if test="flowStatus != null">
				FLOW_STATUS = #{flowStatus,jdbcType=DECIMAL},
			</if>
			<if test="leaf != null">
				LEAF = #{leaf,jdbcType=DECIMAL},
			</if>
		</set>
		where ENV_ORDER_DETAIL_ID = #{envOrderDetailId,jdbcType=DECIMAL}
	</update>
	<update id="updateByPrimaryKey"
		parameterType="com.vz.esap.translation.dao.model.TblEnvOrderDetails">
		<!-- WARNING - @mbggenerated This element is automatically generated by 
			MyBatis Generator, do not modify. This element was generated on Thu Mar 22 
			23:16:27 EDT 2018. -->
		update TBL_ENV_ORDER_DETAILS
		set ENV_ORDER_ID = #{envOrderId,jdbcType=DECIMAL},
		DATA_TYPE = #{dataType,jdbcType=DECIMAL},
		SEQ_NO = #{seqNo,jdbcType=DECIMAL},
		PARAM_TYPE = #{paramType,jdbcType=VARCHAR},
		ACTION = #{action,jdbcType=VARCHAR},
		PARAM_NAME = #{paramName,jdbcType=VARCHAR},
		PARAM_VALUE = #{paramValue,jdbcType=VARCHAR},
		PARENT_ID = #{parentId,jdbcType=DECIMAL},
		FLOW_STATUS = #{flowStatus,jdbcType=DECIMAL},
		LEAF = #{leaf,jdbcType=DECIMAL}
		where ENV_ORDER_DETAIL_ID = #{envOrderDetailId,jdbcType=DECIMAL}
	</update>

	<!-- Custom SQLs here -->

	<select id="getEnvOrderDetailsIdSeqNextVal" parameterType="map" resultType="java.lang.Long">
		SELECT ENV_ORDER_DETAIL_ID_SEQ.NEXTVAL FROM DUAL
	</select>
	
	<select id="getCustomTblEnvOrderDetails" parameterType="com.vz.esap.translation.dao.model.TblEnvOrderDetails"
		resultMap="BaseResultMap">
		SELECT
		<include refid="Base_Column_List" />
		FROM TBL_ENV_ORDER_DETAILS WHERE 0=0 AND ENV_ORDER_ID =
		#{envOrderId,jdbcType=DECIMAL}
	</select>

</mapper>