<?xml version="1.0" encoding="UTF-8"?>
<!DOCTYPE mapper PUBLIC "-//mybatis.org//DTD Mapper 3.0//EN" "http://mybatis.org/dtd/mybatis-3-mapper.dtd">
<mapper namespace="com.vz.esap.translation.dao.repository.CustomTblEnvOrderMapper">
	<resultMap id="BaseResultMap" type="com.vz.esap.translation.dao.model.TblEnvOrder">
		<!-- WARNING - @mbggenerated This element is automatically generated by 
			MyBatis Generator, do not modify. This element was generated on Mon Oct 30 
			20:10:36 IST 2017. -->
		<id column="ENV_ORDER_ID" jdbcType="DECIMAL" property="envOrderId" />
		<result column="PREV_PASS_ENV_ORDER_ID" jdbcType="DECIMAL"
			property="prevPassEnvOrderId" />
		<result column="SEQUENCE_NO" jdbcType="DECIMAL" property="sequenceNo" />
		<result column="SYSTEM" jdbcType="VARCHAR" property="system" />
		<result column="ORDER_NUMBER" jdbcType="VARCHAR" property="orderNumber" />
		<result column="MASTER_ORDER_NUMBER" jdbcType="VARCHAR"
			property="masterOrderNumber" />
		<result column="CLLI" jdbcType="VARCHAR" property="clli" />
		<result column="REGION" jdbcType="VARCHAR" property="region" />
		<result column="JURISDICTION" jdbcType="VARCHAR" property="jurisdiction" />
		<result column="WIRE_CENTER" jdbcType="DECIMAL" property="wireCenter" />
		<result column="SOURCE_ADDR" jdbcType="VARCHAR" property="sourceAddr" />
		<result column="CUSTOMER_NAME" jdbcType="VARCHAR" property="customerName" />
		<result column="ORDER_REMARKS" jdbcType="VARCHAR" property="orderRemarks" />
		<result column="RECEIVE_DATE" jdbcType="TIMESTAMP" property="receiveDate" />
		<result column="DUE_DATE" jdbcType="TIMESTAMP" property="dueDate" />
		<result column="COMPLETION_DATE" jdbcType="TIMESTAMP" property="completionDate" />
		<result column="ORDER_TYPE" jdbcType="DECIMAL" property="orderType" />
		<result column="ORDER_STATUS" jdbcType="DECIMAL" property="orderStatus" />
		<result column="ORDER_PRIORITY" jdbcType="DECIMAL" property="orderPriority" />
		<result column="CREATED_BY" jdbcType="VARCHAR" property="createdBy" />
		<result column="ORDER_LOCK_DATE" jdbcType="TIMESTAMP" property="orderLockDate" />
		<result column="ORDER_LOCKED_BY" jdbcType="VARCHAR" property="orderLockedBy" />
		<result column="LAST_MODIFIED" jdbcType="TIMESTAMP" property="lastModified" />
		<result column="MODIFIED_BY" jdbcType="VARCHAR" property="modifiedBy" />
		<result column="VERSION_NUMBER" jdbcType="VARCHAR" property="versionNumber" />
		<result column="ORDER_CLASSIFY" jdbcType="DECIMAL" property="orderClassify" />
		<result column="MAIN_TN" jdbcType="VARCHAR" property="mainTn" />
		<result column="PROCESS_DATE" jdbcType="TIMESTAMP" property="processDate" />
		<result column="ASSIGN_DATE" jdbcType="TIMESTAMP" property="assignDate" />
		<result column="PARENT_ORDER_ID" jdbcType="DECIMAL" property="parentOrderId" />
		<result column="VZ_ID" jdbcType="VARCHAR" property="vzId" />
		<result column="WORK_GROUP" jdbcType="VARCHAR" property="workGroup" />
		<result column="ERROR_CODE" jdbcType="VARCHAR" property="errorCode" />
		<result column="NEW_PASS_WAITING" jdbcType="CHAR" property="newPassWaiting" />
		<result column="TRANSACTION_ID" jdbcType="DECIMAL" property="transactionId" />
		<result column="PROJECT_ID" jdbcType="VARCHAR" property="projectId" />
		<result column="TECHNOLOGY" jdbcType="VARCHAR" property="technology" />
		<result column="ORIGIN" jdbcType="VARCHAR" property="origin" />
		<result column="SERVICE_TYPE" jdbcType="VARCHAR" property="serviceType" />
		<result column="ASGM_VERSION" jdbcType="VARCHAR" property="asgmVersion" />
		<result column="ORDER_CATEGORY" jdbcType="VARCHAR" property="orderCategory" />
		<result column="MINOR_ORDER_TYPE" jdbcType="VARCHAR" property="minorOrderType" />
		<result column="ENTERPRISE_ID" jdbcType="VARCHAR" property="enterpriseId" />
		<result column="LOCATION_ID" jdbcType="VARCHAR" property="locationId" />
		<result column="BULK_ORDER" jdbcType="VARCHAR" property="bulkOrder" />
		<result column="EXPEDITE" jdbcType="VARCHAR" property="expedite" />
		<result column="RESP_HANDLER" jdbcType="VARCHAR" property="respHandler" />
		<result column="PRODUCT_TYPE" jdbcType="DECIMAL" property="productType" />
		<result column="E2EI_SENSITIVITY_LEVEL" jdbcType="VARCHAR"
			property="e2eiSensitivityLevel" />
		<result column="ESAP_CLUSTER" jdbcType="VARCHAR" property="esapCluster" />
	</resultMap>
	<sql id="Example_Where_Clause">
		<!-- WARNING - @mbggenerated This element is automatically generated by 
			MyBatis Generator, do not modify. This element was generated on Mon Oct 30 
			20:10:36 IST 2017. -->
		<where>
			<foreach collection="oredCriteria" item="criteria" separator="or">
				<if test="criteria.valid">
					<trim prefix="(" prefixOverrides="and" suffix=")">
						<foreach collection="criteria.criteria" item="criterion">
							<choose>
								<when test="criterion.noValue">
									and ${criterion.condition}
								</when>
								<when test="criterion.singleValue">
									and ${criterion.condition} #{criterion.value}
								</when>
								<when test="criterion.betweenValue">
									and ${criterion.condition} #{criterion.value} and
									#{criterion.secondValue}
								</when>
								<when test="criterion.listValue">
									and ${criterion.condition}
									<foreach close=")" collection="criterion.value" item="listItem"
										open="(" separator=",">
										#{listItem}
									</foreach>
								</when>
							</choose>
						</foreach>
					</trim>
				</if>
			</foreach>
		</where>
	</sql>
	<sql id="Update_By_Example_Where_Clause">
		<!-- WARNING - @mbggenerated This element is automatically generated by 
			MyBatis Generator, do not modify. This element was generated on Mon Oct 30 
			20:10:36 IST 2017. -->
		<where>
			<foreach collection="example.oredCriteria" item="criteria"
				separator="or">
				<if test="criteria.valid">
					<trim prefix="(" prefixOverrides="and" suffix=")">
						<foreach collection="criteria.criteria" item="criterion">
							<choose>
								<when test="criterion.noValue">
									and ${criterion.condition}
								</when>
								<when test="criterion.singleValue">
									and ${criterion.condition} #{criterion.value}
								</when>
								<when test="criterion.betweenValue">
									and ${criterion.condition} #{criterion.value} and
									#{criterion.secondValue}
								</when>
								<when test="criterion.listValue">
									and ${criterion.condition}
									<foreach close=")" collection="criterion.value" item="listItem"
										open="(" separator=",">
										#{listItem}
									</foreach>
								</when>
							</choose>
						</foreach>
					</trim>
				</if>
			</foreach>
		</where>
	</sql>
	<sql id="Base_Column_List">
		<!-- WARNING - @mbggenerated This element is automatically generated by 
			MyBatis Generator, do not modify. This element was generated on Mon Oct 30 
			20:10:36 IST 2017. -->
		ENV_ORDER_ID, PREV_PASS_ENV_ORDER_ID, SEQUENCE_NO, SYSTEM,
		ORDER_NUMBER, MASTER_ORDER_NUMBER,
		CLLI, REGION, JURISDICTION, WIRE_CENTER, SOURCE_ADDR, CUSTOMER_NAME,
		ORDER_REMARKS,
		RECEIVE_DATE, DUE_DATE, COMPLETION_DATE, ORDER_TYPE, ORDER_STATUS, ORDER_PRIORITY,
		CREATED_BY, ORDER_LOCK_DATE, ORDER_LOCKED_BY, LAST_MODIFIED,
		MODIFIED_BY, VERSION_NUMBER,
		ORDER_CLASSIFY, MAIN_TN, PROCESS_DATE, ASSIGN_DATE, PARENT_ORDER_ID, VZ_ID,
		WORK_GROUP,
		ERROR_CODE, NEW_PASS_WAITING, TRANSACTION_ID, PROJECT_ID, TECHNOLOGY, ORIGIN,
		SERVICE_TYPE,
		ASGM_VERSION, ORDER_CATEGORY, MINOR_ORDER_TYPE, ENTERPRISE_ID, LOCATION_ID,
		BULK_ORDER,
		EXPEDITE, RESP_HANDLER, PRODUCT_TYPE, E2EI_SENSITIVITY_LEVEL, ESAP_CLUSTER
	</sql>
	<select id="selectByExample"
		parameterType="com.vz.esap.translation.dao.model.TblEnvOrderExample"
		resultMap="BaseResultMap">
		<!-- WARNING - @mbggenerated This element is automatically generated by 
			MyBatis Generator, do not modify. This element was generated on Mon Oct 30 
			20:10:36 IST 2017. -->
		select
		<if test="distinct">
			distinct
		</if>
		<include refid="Base_Column_List" />
		from TBL_ENV_ORDER
		<if test="_parameter != null">
			<include refid="Example_Where_Clause" />
		</if>
		<if test="orderByClause != null">
			order by ${orderByClause}
		</if>
	</select>
	<select id="selectByPrimaryKey" parameterType="java.lang.Long"
		resultMap="BaseResultMap">
		<!-- WARNING - @mbggenerated This element is automatically generated by 
			MyBatis Generator, do not modify. This element was generated on Mon Oct 30 
			20:10:36 IST 2017. -->
		select
		<include refid="Base_Column_List" />
		from TBL_ENV_ORDER
		where ENV_ORDER_ID = #{envOrderId,jdbcType=DECIMAL}
	</select>
	<delete id="deleteByPrimaryKey" parameterType="java.lang.Long">
		<!-- WARNING - @mbggenerated This element is automatically generated by 
			MyBatis Generator, do not modify. This element was generated on Mon Oct 30 
			20:10:36 IST 2017. -->
		delete from TBL_ENV_ORDER
		where ENV_ORDER_ID = #{envOrderId,jdbcType=DECIMAL}
	</delete>
	<delete id="deleteByExample"
		parameterType="com.vz.esap.translation.dao.model.TblEnvOrderExample">
		<!-- WARNING - @mbggenerated This element is automatically generated by 
			MyBatis Generator, do not modify. This element was generated on Mon Oct 30 
			20:10:36 IST 2017. -->
		delete from TBL_ENV_ORDER
		<if test="_parameter != null">
			<include refid="Example_Where_Clause" />
		</if>
	</delete>
	<insert id="insert" parameterType="com.vz.esap.translation.dao.model.TblEnvOrder">
		<!-- WARNING - @mbggenerated This element is automatically generated by 
			MyBatis Generator, do not modify. This element was generated on Mon Oct 30 
			20:10:36 IST 2017. -->
		insert into TBL_ENV_ORDER (ENV_ORDER_ID, PREV_PASS_ENV_ORDER_ID,
		SEQUENCE_NO,
		SYSTEM, ORDER_NUMBER, MASTER_ORDER_NUMBER,
		CLLI, REGION, JURISDICTION,
		WIRE_CENTER, SOURCE_ADDR, CUSTOMER_NAME,
		ORDER_REMARKS, RECEIVE_DATE, DUE_DATE,
		COMPLETION_DATE, ORDER_TYPE, ORDER_STATUS,
		ORDER_PRIORITY, CREATED_BY, ORDER_LOCK_DATE,
		ORDER_LOCKED_BY, LAST_MODIFIED, MODIFIED_BY,
		VERSION_NUMBER, ORDER_CLASSIFY, MAIN_TN,
		PROCESS_DATE, ASSIGN_DATE, PARENT_ORDER_ID,
		VZ_ID, WORK_GROUP, ERROR_CODE,
		NEW_PASS_WAITING, TRANSACTION_ID, PROJECT_ID,
		TECHNOLOGY, ORIGIN, SERVICE_TYPE,
		ASGM_VERSION, ORDER_CATEGORY, MINOR_ORDER_TYPE,
		ENTERPRISE_ID, LOCATION_ID, BULK_ORDER,
		EXPEDITE, RESP_HANDLER, PRODUCT_TYPE,
		E2EI_SENSITIVITY_LEVEL, ESAP_CLUSTER)
		values (#{envOrderId,jdbcType=DECIMAL},
		#{prevPassEnvOrderId,jdbcType=DECIMAL},
		#{sequenceNo,jdbcType=DECIMAL},
		#{system,jdbcType=VARCHAR}, #{orderNumber,jdbcType=VARCHAR},
		#{masterOrderNumber,jdbcType=VARCHAR},
		#{clli,jdbcType=VARCHAR}, #{region,jdbcType=VARCHAR}, #{jurisdiction,jdbcType=VARCHAR},
		#{wireCenter,jdbcType=DECIMAL}, #{sourceAddr,jdbcType=VARCHAR},
		#{customerName,jdbcType=VARCHAR},
		#{orderRemarks,jdbcType=VARCHAR}, #{receiveDate,jdbcType=TIMESTAMP}, #{dueDate,jdbcType=TIMESTAMP},
		#{completionDate,jdbcType=TIMESTAMP}, #{orderType,jdbcType=DECIMAL},
		#{orderStatus,jdbcType=DECIMAL},
		#{orderPriority,jdbcType=DECIMAL}, #{createdBy,jdbcType=VARCHAR}, #{orderLockDate,jdbcType=TIMESTAMP},
		#{orderLockedBy,jdbcType=VARCHAR}, #{lastModified,jdbcType=TIMESTAMP},
		#{modifiedBy,jdbcType=VARCHAR},
		#{versionNumber,jdbcType=VARCHAR}, #{orderClassify,jdbcType=DECIMAL}, #{mainTn,jdbcType=VARCHAR},
		#{processDate,jdbcType=TIMESTAMP}, #{assignDate,jdbcType=TIMESTAMP},
		#{parentOrderId,jdbcType=DECIMAL},
		#{vzId,jdbcType=VARCHAR}, #{workGroup,jdbcType=VARCHAR}, #{errorCode,jdbcType=VARCHAR},
		#{newPassWaiting,jdbcType=CHAR}, #{transactionId,jdbcType=DECIMAL},
		#{projectId,jdbcType=VARCHAR},
		#{technology,jdbcType=VARCHAR}, #{origin,jdbcType=VARCHAR}, #{serviceType,jdbcType=VARCHAR},
		#{asgmVersion,jdbcType=VARCHAR}, #{orderCategory,jdbcType=VARCHAR},
		#{minorOrderType,jdbcType=VARCHAR},
		#{enterpriseId,jdbcType=VARCHAR}, #{locationId,jdbcType=VARCHAR}, #{bulkOrder,jdbcType=VARCHAR},
		#{expedite,jdbcType=VARCHAR}, #{respHandler,jdbcType=VARCHAR},
		#{productType,jdbcType=DECIMAL},
		#{e2eiSensitivityLevel,jdbcType=VARCHAR},
		#{esapCluster,jdbcType=VARCHAR})
	</insert>
	<insert id="insertSelective" parameterType="com.vz.esap.translation.dao.model.TblEnvOrder">
		<!-- WARNING - @mbggenerated This element is automatically generated by 
			MyBatis Generator, do not modify. This element was generated on Mon Oct 30 
			20:10:36 IST 2017. -->
		insert into TBL_ENV_ORDER
		<trim prefix="(" suffix=")" suffixOverrides=",">
			<if test="envOrderId != null">
				ENV_ORDER_ID,
			</if>
			<if test="prevPassEnvOrderId != null">
				PREV_PASS_ENV_ORDER_ID,
			</if>
			<if test="sequenceNo != null">
				SEQUENCE_NO,
			</if>
			<if test="system != null">
				SYSTEM,
			</if>
			<if test="orderNumber != null">
				ORDER_NUMBER,
			</if>
			<if test="masterOrderNumber != null">
				MASTER_ORDER_NUMBER,
			</if>
			<if test="clli != null">
				CLLI,
			</if>
			<if test="region != null">
				REGION,
			</if>
			<if test="jurisdiction != null">
				JURISDICTION,
			</if>
			<if test="wireCenter != null">
				WIRE_CENTER,
			</if>
			<if test="sourceAddr != null">
				SOURCE_ADDR,
			</if>
			<if test="customerName != null">
				CUSTOMER_NAME,
			</if>
			<if test="orderRemarks != null">
				ORDER_REMARKS,
			</if>
			<if test="receiveDate != null">
				RECEIVE_DATE,
			</if>
			<if test="dueDate != null">
				DUE_DATE,
			</if>
			<if test="completionDate != null">
				COMPLETION_DATE,
			</if>
			<if test="orderType != null">
				ORDER_TYPE,
			</if>
			<if test="orderStatus != null">
				ORDER_STATUS,
			</if>
			<if test="orderPriority != null">
				ORDER_PRIORITY,
			</if>
			<if test="createdBy != null">
				CREATED_BY,
			</if>
			<if test="orderLockDate != null">
				ORDER_LOCK_DATE,
			</if>
			<if test="orderLockedBy != null">
				ORDER_LOCKED_BY,
			</if>
			<if test="lastModified != null">
				LAST_MODIFIED,
			</if>
			<if test="modifiedBy != null">
				MODIFIED_BY,
			</if>
			<if test="versionNumber != null">
				VERSION_NUMBER,
			</if>
			<if test="orderClassify != null">
				ORDER_CLASSIFY,
			</if>
			<if test="mainTn != null">
				MAIN_TN,
			</if>
			<if test="processDate != null">
				PROCESS_DATE,
			</if>
			<if test="assignDate != null">
				ASSIGN_DATE,
			</if>
			<if test="parentOrderId != null">
				PARENT_ORDER_ID,
			</if>
			<if test="vzId != null">
				VZ_ID,
			</if>
			<if test="workGroup != null">
				WORK_GROUP,
			</if>
			<if test="errorCode != null">
				ERROR_CODE,
			</if>
			<if test="newPassWaiting != null">
				NEW_PASS_WAITING,
			</if>
			<if test="transactionId != null">
				TRANSACTION_ID,
			</if>
			<if test="projectId != null">
				PROJECT_ID,
			</if>
			<if test="technology != null">
				TECHNOLOGY,
			</if>
			<if test="origin != null">
				ORIGIN,
			</if>
			<if test="serviceType != null">
				SERVICE_TYPE,
			</if>
			<if test="asgmVersion != null">
				ASGM_VERSION,
			</if>
			<if test="orderCategory != null">
				ORDER_CATEGORY,
			</if>
			<if test="minorOrderType != null">
				MINOR_ORDER_TYPE,
			</if>
			<if test="enterpriseId != null">
				ENTERPRISE_ID,
			</if>
			<if test="locationId != null">
				LOCATION_ID,
			</if>
			<if test="bulkOrder != null">
				BULK_ORDER,
			</if>
			<if test="expedite != null">
				EXPEDITE,
			</if>
			<if test="respHandler != null">
				RESP_HANDLER,
			</if>
			<if test="productType != null">
				PRODUCT_TYPE,
			</if>
			<if test="e2eiSensitivityLevel != null">
				E2EI_SENSITIVITY_LEVEL,
			</if>
			<if test="esapCluster != null">
				ESAP_CLUSTER,
			</if>
		</trim>
		<trim prefix="values (" suffix=")" suffixOverrides=",">
			<if test="envOrderId != null">
				#{envOrderId,jdbcType=DECIMAL},
			</if>
			<if test="prevPassEnvOrderId != null">
				#{prevPassEnvOrderId,jdbcType=DECIMAL},
			</if>
			<if test="sequenceNo != null">
				#{sequenceNo,jdbcType=DECIMAL},
			</if>
			<if test="system != null">
				#{system,jdbcType=VARCHAR},
			</if>
			<if test="orderNumber != null">
				#{orderNumber,jdbcType=VARCHAR},
			</if>
			<if test="masterOrderNumber != null">
				#{masterOrderNumber,jdbcType=VARCHAR},
			</if>
			<if test="clli != null">
				#{clli,jdbcType=VARCHAR},
			</if>
			<if test="region != null">
				#{region,jdbcType=VARCHAR},
			</if>
			<if test="jurisdiction != null">
				#{jurisdiction,jdbcType=VARCHAR},
			</if>
			<if test="wireCenter != null">
				#{wireCenter,jdbcType=DECIMAL},
			</if>
			<if test="sourceAddr != null">
				#{sourceAddr,jdbcType=VARCHAR},
			</if>
			<if test="customerName != null">
				#{customerName,jdbcType=VARCHAR},
			</if>
			<if test="orderRemarks != null">
				#{orderRemarks,jdbcType=VARCHAR},
			</if>
			<if test="receiveDate != null">
				#{receiveDate,jdbcType=TIMESTAMP},
			</if>
			<if test="dueDate != null">
				#{dueDate,jdbcType=TIMESTAMP},
			</if>
			<if test="completionDate != null">
				#{completionDate,jdbcType=TIMESTAMP},
			</if>
			<if test="orderType != null">
				#{orderType,jdbcType=DECIMAL},
			</if>
			<if test="orderStatus != null">
				#{orderStatus,jdbcType=DECIMAL},
			</if>
			<if test="orderPriority != null">
				#{orderPriority,jdbcType=DECIMAL},
			</if>
			<if test="createdBy != null">
				#{createdBy,jdbcType=VARCHAR},
			</if>
			<if test="orderLockDate != null">
				#{orderLockDate,jdbcType=TIMESTAMP},
			</if>
			<if test="orderLockedBy != null">
				#{orderLockedBy,jdbcType=VARCHAR},
			</if>
			<if test="lastModified != null">
				#{lastModified,jdbcType=TIMESTAMP},
			</if>
			<if test="modifiedBy != null">
				#{modifiedBy,jdbcType=VARCHAR},
			</if>
			<if test="versionNumber != null">
				#{versionNumber,jdbcType=VARCHAR},
			</if>
			<if test="orderClassify != null">
				#{orderClassify,jdbcType=DECIMAL},
			</if>
			<if test="mainTn != null">
				#{mainTn,jdbcType=VARCHAR},
			</if>
			<if test="processDate != null">
				#{processDate,jdbcType=TIMESTAMP},
			</if>
			<if test="assignDate != null">
				#{assignDate,jdbcType=TIMESTAMP},
			</if>
			<if test="parentOrderId != null">
				#{parentOrderId,jdbcType=DECIMAL},
			</if>
			<if test="vzId != null">
				#{vzId,jdbcType=VARCHAR},
			</if>
			<if test="workGroup != null">
				#{workGroup,jdbcType=VARCHAR},
			</if>
			<if test="errorCode != null">
				#{errorCode,jdbcType=VARCHAR},
			</if>
			<if test="newPassWaiting != null">
				#{newPassWaiting,jdbcType=CHAR},
			</if>
			<if test="transactionId != null">
				#{transactionId,jdbcType=DECIMAL},
			</if>
			<if test="projectId != null">
				#{projectId,jdbcType=VARCHAR},
			</if>
			<if test="technology != null">
				#{technology,jdbcType=VARCHAR},
			</if>
			<if test="origin != null">
				#{origin,jdbcType=VARCHAR},
			</if>
			<if test="serviceType != null">
				#{serviceType,jdbcType=VARCHAR},
			</if>
			<if test="asgmVersion != null">
				#{asgmVersion,jdbcType=VARCHAR},
			</if>
			<if test="orderCategory != null">
				#{orderCategory,jdbcType=VARCHAR},
			</if>
			<if test="minorOrderType != null">
				#{minorOrderType,jdbcType=VARCHAR},
			</if>
			<if test="enterpriseId != null">
				#{enterpriseId,jdbcType=VARCHAR},
			</if>
			<if test="locationId != null">
				#{locationId,jdbcType=VARCHAR},
			</if>
			<if test="bulkOrder != null">
				#{bulkOrder,jdbcType=VARCHAR},
			</if>
			<if test="expedite != null">
				#{expedite,jdbcType=VARCHAR},
			</if>
			<if test="respHandler != null">
				#{respHandler,jdbcType=VARCHAR},
			</if>
			<if test="productType != null">
				#{productType,jdbcType=DECIMAL},
			</if>
			<if test="e2eiSensitivityLevel != null">
				#{e2eiSensitivityLevel,jdbcType=VARCHAR},
			</if>
			<if test="esapCluster != null">
				#{esapCluster,jdbcType=VARCHAR},
			</if>
		</trim>
	</insert>
	<select id="countByExample"
		parameterType="com.vz.esap.translation.dao.model.TblEnvOrderExample"
		resultType="java.lang.Integer">
		<!-- WARNING - @mbggenerated This element is automatically generated by 
			MyBatis Generator, do not modify. This element was generated on Mon Oct 30 
			20:10:36 IST 2017. -->
		select count(*) from TBL_ENV_ORDER
		<if test="_parameter != null">
			<include refid="Example_Where_Clause" />
		</if>
	</select>
	<update id="updateByExampleSelective" parameterType="map">
		<!-- WARNING - @mbggenerated This element is automatically generated by 
			MyBatis Generator, do not modify. This element was generated on Mon Oct 30 
			20:10:36 IST 2017. -->
		update TBL_ENV_ORDER
		<set>
			<if test="record.envOrderId != null">
				ENV_ORDER_ID = #{record.envOrderId,jdbcType=DECIMAL},
			</if>
			<if test="record.prevPassEnvOrderId != null">
				PREV_PASS_ENV_ORDER_ID = #{record.prevPassEnvOrderId,jdbcType=DECIMAL},
			</if>
			<if test="record.sequenceNo != null">
				SEQUENCE_NO = #{record.sequenceNo,jdbcType=DECIMAL},
			</if>
			<if test="record.system != null">
				SYSTEM = #{record.system,jdbcType=VARCHAR},
			</if>
			<if test="record.orderNumber != null">
				ORDER_NUMBER = #{record.orderNumber,jdbcType=VARCHAR},
			</if>
			<if test="record.masterOrderNumber != null">
				MASTER_ORDER_NUMBER = #{record.masterOrderNumber,jdbcType=VARCHAR},
			</if>
			<if test="record.clli != null">
				CLLI = #{record.clli,jdbcType=VARCHAR},
			</if>
			<if test="record.region != null">
				REGION = #{record.region,jdbcType=VARCHAR},
			</if>
			<if test="record.jurisdiction != null">
				JURISDICTION = #{record.jurisdiction,jdbcType=VARCHAR},
			</if>
			<if test="record.wireCenter != null">
				WIRE_CENTER = #{record.wireCenter,jdbcType=DECIMAL},
			</if>
			<if test="record.sourceAddr != null">
				SOURCE_ADDR = #{record.sourceAddr,jdbcType=VARCHAR},
			</if>
			<if test="record.customerName != null">
				CUSTOMER_NAME = #{record.customerName,jdbcType=VARCHAR},
			</if>
			<if test="record.orderRemarks != null">
				ORDER_REMARKS = #{record.orderRemarks,jdbcType=VARCHAR},
			</if>
			<if test="record.receiveDate != null">
				RECEIVE_DATE = #{record.receiveDate,jdbcType=TIMESTAMP},
			</if>
			<if test="record.dueDate != null">
				DUE_DATE = #{record.dueDate,jdbcType=TIMESTAMP},
			</if>
			<if test="record.completionDate != null">
				COMPLETION_DATE = #{record.completionDate,jdbcType=TIMESTAMP},
			</if>
			<if test="record.orderType != null">
				ORDER_TYPE = #{record.orderType,jdbcType=DECIMAL},
			</if>
			<if test="record.orderStatus != null">
				ORDER_STATUS = #{record.orderStatus,jdbcType=DECIMAL},
			</if>
			<if test="record.orderPriority != null">
				ORDER_PRIORITY = #{record.orderPriority,jdbcType=DECIMAL},
			</if>
			<if test="record.createdBy != null">
				CREATED_BY = #{record.createdBy,jdbcType=VARCHAR},
			</if>
			<if test="record.orderLockDate != null">
				ORDER_LOCK_DATE = #{record.orderLockDate,jdbcType=TIMESTAMP},
			</if>
			<if test="record.orderLockedBy != null">
				ORDER_LOCKED_BY = #{record.orderLockedBy,jdbcType=VARCHAR},
			</if>
			<if test="record.lastModified != null">
				LAST_MODIFIED = #{record.lastModified,jdbcType=TIMESTAMP},
			</if>
			<if test="record.modifiedBy != null">
				MODIFIED_BY = #{record.modifiedBy,jdbcType=VARCHAR},
			</if>
			<if test="record.versionNumber != null">
				VERSION_NUMBER = #{record.versionNumber,jdbcType=VARCHAR},
			</if>
			<if test="record.orderClassify != null">
				ORDER_CLASSIFY = #{record.orderClassify,jdbcType=DECIMAL},
			</if>
			<if test="record.mainTn != null">
				MAIN_TN = #{record.mainTn,jdbcType=VARCHAR},
			</if>
			<if test="record.processDate != null">
				PROCESS_DATE = #{record.processDate,jdbcType=TIMESTAMP},
			</if>
			<if test="record.assignDate != null">
				ASSIGN_DATE = #{record.assignDate,jdbcType=TIMESTAMP},
			</if>
			<if test="record.parentOrderId != null">
				PARENT_ORDER_ID = #{record.parentOrderId,jdbcType=DECIMAL},
			</if>
			<if test="record.vzId != null">
				VZ_ID = #{record.vzId,jdbcType=VARCHAR},
			</if>
			<if test="record.workGroup != null">
				WORK_GROUP = #{record.workGroup,jdbcType=VARCHAR},
			</if>
			<if test="record.errorCode != null">
				ERROR_CODE = #{record.errorCode,jdbcType=VARCHAR},
			</if>
			<if test="record.newPassWaiting != null">
				NEW_PASS_WAITING = #{record.newPassWaiting,jdbcType=CHAR},
			</if>
			<if test="record.transactionId != null">
				TRANSACTION_ID = #{record.transactionId,jdbcType=DECIMAL},
			</if>
			<if test="record.projectId != null">
				PROJECT_ID = #{record.projectId,jdbcType=VARCHAR},
			</if>
			<if test="record.technology != null">
				TECHNOLOGY = #{record.technology,jdbcType=VARCHAR},
			</if>
			<if test="record.origin != null">
				ORIGIN = #{record.origin,jdbcType=VARCHAR},
			</if>
			<if test="record.serviceType != null">
				SERVICE_TYPE = #{record.serviceType,jdbcType=VARCHAR},
			</if>
			<if test="record.asgmVersion != null">
				ASGM_VERSION = #{record.asgmVersion,jdbcType=VARCHAR},
			</if>
			<if test="record.orderCategory != null">
				ORDER_CATEGORY = #{record.orderCategory,jdbcType=VARCHAR},
			</if>
			<if test="record.minorOrderType != null">
				MINOR_ORDER_TYPE = #{record.minorOrderType,jdbcType=VARCHAR},
			</if>
			<if test="record.enterpriseId != null">
				ENTERPRISE_ID = #{record.enterpriseId,jdbcType=VARCHAR},
			</if>
			<if test="record.locationId != null">
				LOCATION_ID = #{record.locationId,jdbcType=VARCHAR},
			</if>
			<if test="record.bulkOrder != null">
				BULK_ORDER = #{record.bulkOrder,jdbcType=VARCHAR},
			</if>
			<if test="record.expedite != null">
				EXPEDITE = #{record.expedite,jdbcType=VARCHAR},
			</if>
			<if test="record.respHandler != null">
				RESP_HANDLER = #{record.respHandler,jdbcType=VARCHAR},
			</if>
			<if test="record.productType != null">
				PRODUCT_TYPE = #{record.productType,jdbcType=DECIMAL},
			</if>
			<if test="record.e2eiSensitivityLevel != null">
				E2EI_SENSITIVITY_LEVEL = #{record.e2eiSensitivityLevel,jdbcType=VARCHAR},
			</if>
			<if test="record.esapCluster != null">
				ESAP_CLUSTER = #{record.esapCluster,jdbcType=VARCHAR},
			</if>
		</set>
		<if test="_parameter != null">
			<include refid="Update_By_Example_Where_Clause" />
		</if>
	</update>
	<update id="updateByExample" parameterType="map">
		<!-- WARNING - @mbggenerated This element is automatically generated by 
			MyBatis Generator, do not modify. This element was generated on Mon Oct 30 
			20:10:36 IST 2017. -->
		update TBL_ENV_ORDER
		set ENV_ORDER_ID = #{record.envOrderId,jdbcType=DECIMAL},
		PREV_PASS_ENV_ORDER_ID =
		#{record.prevPassEnvOrderId,jdbcType=DECIMAL},
		SEQUENCE_NO = #{record.sequenceNo,jdbcType=DECIMAL},
		SYSTEM = #{record.system,jdbcType=VARCHAR},
		ORDER_NUMBER = #{record.orderNumber,jdbcType=VARCHAR},
		MASTER_ORDER_NUMBER = #{record.masterOrderNumber,jdbcType=VARCHAR},
		CLLI = #{record.clli,jdbcType=VARCHAR},
		REGION = #{record.region,jdbcType=VARCHAR},
		JURISDICTION = #{record.jurisdiction,jdbcType=VARCHAR},
		WIRE_CENTER = #{record.wireCenter,jdbcType=DECIMAL},
		SOURCE_ADDR = #{record.sourceAddr,jdbcType=VARCHAR},
		CUSTOMER_NAME = #{record.customerName,jdbcType=VARCHAR},
		ORDER_REMARKS = #{record.orderRemarks,jdbcType=VARCHAR},
		RECEIVE_DATE = #{record.receiveDate,jdbcType=TIMESTAMP},
		DUE_DATE = #{record.dueDate,jdbcType=TIMESTAMP},
		COMPLETION_DATE = #{record.completionDate,jdbcType=TIMESTAMP},
		ORDER_TYPE = #{record.orderType,jdbcType=DECIMAL},
		ORDER_STATUS = #{record.orderStatus,jdbcType=DECIMAL},
		ORDER_PRIORITY = #{record.orderPriority,jdbcType=DECIMAL},
		CREATED_BY = #{record.createdBy,jdbcType=VARCHAR},
		ORDER_LOCK_DATE = #{record.orderLockDate,jdbcType=TIMESTAMP},
		ORDER_LOCKED_BY = #{record.orderLockedBy,jdbcType=VARCHAR},
		LAST_MODIFIED = #{record.lastModified,jdbcType=TIMESTAMP},
		MODIFIED_BY = #{record.modifiedBy,jdbcType=VARCHAR},
		VERSION_NUMBER = #{record.versionNumber,jdbcType=VARCHAR},
		ORDER_CLASSIFY = #{record.orderClassify,jdbcType=DECIMAL},
		MAIN_TN = #{record.mainTn,jdbcType=VARCHAR},
		PROCESS_DATE = #{record.processDate,jdbcType=TIMESTAMP},
		ASSIGN_DATE = #{record.assignDate,jdbcType=TIMESTAMP},
		PARENT_ORDER_ID = #{record.parentOrderId,jdbcType=DECIMAL},
		VZ_ID = #{record.vzId,jdbcType=VARCHAR},
		WORK_GROUP = #{record.workGroup,jdbcType=VARCHAR},
		ERROR_CODE = #{record.errorCode,jdbcType=VARCHAR},
		NEW_PASS_WAITING = #{record.newPassWaiting,jdbcType=CHAR},
		TRANSACTION_ID = #{record.transactionId,jdbcType=DECIMAL},
		PROJECT_ID = #{record.projectId,jdbcType=VARCHAR},
		TECHNOLOGY = #{record.technology,jdbcType=VARCHAR},
		ORIGIN = #{record.origin,jdbcType=VARCHAR},
		SERVICE_TYPE = #{record.serviceType,jdbcType=VARCHAR},
		ASGM_VERSION = #{record.asgmVersion,jdbcType=VARCHAR},
		ORDER_CATEGORY = #{record.orderCategory,jdbcType=VARCHAR},
		MINOR_ORDER_TYPE = #{record.minorOrderType,jdbcType=VARCHAR},
		ENTERPRISE_ID = #{record.enterpriseId,jdbcType=VARCHAR},
		LOCATION_ID = #{record.locationId,jdbcType=VARCHAR},
		BULK_ORDER = #{record.bulkOrder,jdbcType=VARCHAR},
		EXPEDITE = #{record.expedite,jdbcType=VARCHAR},
		RESP_HANDLER = #{record.respHandler,jdbcType=VARCHAR},
		PRODUCT_TYPE = #{record.productType,jdbcType=DECIMAL},
		E2EI_SENSITIVITY_LEVEL = #{record.e2eiSensitivityLevel,jdbcType=VARCHAR},
		ESAP_CLUSTER = #{record.esapCluster,jdbcType=VARCHAR}
		<if test="_parameter != null">
			<include refid="Update_By_Example_Where_Clause" />
		</if>
	</update>
	<update id="updateByPrimaryKeySelective" parameterType="com.vz.esap.translation.dao.model.TblEnvOrder">
		<!-- WARNING - @mbggenerated This element is automatically generated by 
			MyBatis Generator, do not modify. This element was generated on Mon Oct 30 
			20:10:36 IST 2017. -->
		update TBL_ENV_ORDER
		<set>
			<if test="prevPassEnvOrderId != null">
				PREV_PASS_ENV_ORDER_ID = #{prevPassEnvOrderId,jdbcType=DECIMAL},
			</if>
			<if test="sequenceNo != null">
				SEQUENCE_NO = #{sequenceNo,jdbcType=DECIMAL},
			</if>
			<if test="system != null">
				SYSTEM = #{system,jdbcType=VARCHAR},
			</if>
			<if test="orderNumber != null">
				ORDER_NUMBER = #{orderNumber,jdbcType=VARCHAR},
			</if>
			<if test="masterOrderNumber != null">
				MASTER_ORDER_NUMBER = #{masterOrderNumber,jdbcType=VARCHAR},
			</if>
			<if test="clli != null">
				CLLI = #{clli,jdbcType=VARCHAR},
			</if>
			<if test="region != null">
				REGION = #{region,jdbcType=VARCHAR},
			</if>
			<if test="jurisdiction != null">
				JURISDICTION = #{jurisdiction,jdbcType=VARCHAR},
			</if>
			<if test="wireCenter != null">
				WIRE_CENTER = #{wireCenter,jdbcType=DECIMAL},
			</if>
			<if test="sourceAddr != null">
				SOURCE_ADDR = #{sourceAddr,jdbcType=VARCHAR},
			</if>
			<if test="customerName != null">
				CUSTOMER_NAME = #{customerName,jdbcType=VARCHAR},
			</if>
			<if test="orderRemarks != null">
				ORDER_REMARKS = #{orderRemarks,jdbcType=VARCHAR},
			</if>
			<if test="receiveDate != null">
				RECEIVE_DATE = #{receiveDate,jdbcType=TIMESTAMP},
			</if>
			<if test="dueDate != null">
				DUE_DATE = #{dueDate,jdbcType=TIMESTAMP},
			</if>
			<if test="completionDate != null">
				COMPLETION_DATE = #{completionDate,jdbcType=TIMESTAMP},
			</if>
			<if test="orderType != null">
				ORDER_TYPE = #{orderType,jdbcType=DECIMAL},
			</if>
			<if test="orderStatus != null">
				ORDER_STATUS = #{orderStatus,jdbcType=DECIMAL},
			</if>
			<if test="orderPriority != null">
				ORDER_PRIORITY = #{orderPriority,jdbcType=DECIMAL},
			</if>
			<if test="createdBy != null">
				CREATED_BY = #{createdBy,jdbcType=VARCHAR},
			</if>
			<if test="orderLockDate != null">
				ORDER_LOCK_DATE = #{orderLockDate,jdbcType=TIMESTAMP},
			</if>
			<if test="orderLockedBy != null">
				ORDER_LOCKED_BY = #{orderLockedBy,jdbcType=VARCHAR},
			</if>
			<if test="lastModified != null">
				LAST_MODIFIED = #{lastModified,jdbcType=TIMESTAMP},
			</if>
			<if test="modifiedBy != null">
				MODIFIED_BY = #{modifiedBy,jdbcType=VARCHAR},
			</if>
			<if test="versionNumber != null">
				VERSION_NUMBER = #{versionNumber,jdbcType=VARCHAR},
			</if>
			<if test="orderClassify != null">
				ORDER_CLASSIFY = #{orderClassify,jdbcType=DECIMAL},
			</if>
			<if test="mainTn != null">
				MAIN_TN = #{mainTn,jdbcType=VARCHAR},
			</if>
			<if test="processDate != null">
				PROCESS_DATE = #{processDate,jdbcType=TIMESTAMP},
			</if>
			<if test="assignDate != null">
				ASSIGN_DATE = #{assignDate,jdbcType=TIMESTAMP},
			</if>
			<if test="parentOrderId != null">
				PARENT_ORDER_ID = #{parentOrderId,jdbcType=DECIMAL},
			</if>
			<if test="vzId != null">
				VZ_ID = #{vzId,jdbcType=VARCHAR},
			</if>
			<if test="workGroup != null">
				WORK_GROUP = #{workGroup,jdbcType=VARCHAR},
			</if>
			<if test="errorCode != null">
				ERROR_CODE = #{errorCode,jdbcType=VARCHAR},
			</if>
			<if test="newPassWaiting != null">
				NEW_PASS_WAITING = #{newPassWaiting,jdbcType=CHAR},
			</if>
			<if test="transactionId != null">
				TRANSACTION_ID = #{transactionId,jdbcType=DECIMAL},
			</if>
			<if test="projectId != null">
				PROJECT_ID = #{projectId,jdbcType=VARCHAR},
			</if>
			<if test="technology != null">
				TECHNOLOGY = #{technology,jdbcType=VARCHAR},
			</if>
			<if test="origin != null">
				ORIGIN = #{origin,jdbcType=VARCHAR},
			</if>
			<if test="serviceType != null">
				SERVICE_TYPE = #{serviceType,jdbcType=VARCHAR},
			</if>
			<if test="asgmVersion != null">
				ASGM_VERSION = #{asgmVersion,jdbcType=VARCHAR},
			</if>
			<if test="orderCategory != null">
				ORDER_CATEGORY = #{orderCategory,jdbcType=VARCHAR},
			</if>
			<if test="minorOrderType != null">
				MINOR_ORDER_TYPE = #{minorOrderType,jdbcType=VARCHAR},
			</if>
			<if test="enterpriseId != null">
				ENTERPRISE_ID = #{enterpriseId,jdbcType=VARCHAR},
			</if>
			<if test="locationId != null">
				LOCATION_ID = #{locationId,jdbcType=VARCHAR},
			</if>
			<if test="bulkOrder != null">
				BULK_ORDER = #{bulkOrder,jdbcType=VARCHAR},
			</if>
			<if test="expedite != null">
				EXPEDITE = #{expedite,jdbcType=VARCHAR},
			</if>
			<if test="respHandler != null">
				RESP_HANDLER = #{respHandler,jdbcType=VARCHAR},
			</if>
			<if test="productType != null">
				PRODUCT_TYPE = #{productType,jdbcType=DECIMAL},
			</if>
			<if test="e2eiSensitivityLevel != null">
				E2EI_SENSITIVITY_LEVEL = #{e2eiSensitivityLevel,jdbcType=VARCHAR},
			</if>
			<if test="esapCluster != null">
				ESAP_CLUSTER = #{esapCluster,jdbcType=VARCHAR},
			</if>
		</set>
		where ENV_ORDER_ID = #{envOrderId,jdbcType=DECIMAL}
	</update>
	<update id="updateByPrimaryKey" parameterType="com.vz.esap.translation.dao.model.TblEnvOrder">
		<!-- WARNING - @mbggenerated This element is automatically generated by 
			MyBatis Generator, do not modify. This element was generated on Mon Oct 30 
			20:10:36 IST 2017. -->
		update TBL_ENV_ORDER
		set PREV_PASS_ENV_ORDER_ID = #{prevPassEnvOrderId,jdbcType=DECIMAL},
		SEQUENCE_NO = #{sequenceNo,jdbcType=DECIMAL},
		SYSTEM = #{system,jdbcType=VARCHAR},
		ORDER_NUMBER = #{orderNumber,jdbcType=VARCHAR},
		MASTER_ORDER_NUMBER = #{masterOrderNumber,jdbcType=VARCHAR},
		CLLI = #{clli,jdbcType=VARCHAR},
		REGION = #{region,jdbcType=VARCHAR},
		JURISDICTION = #{jurisdiction,jdbcType=VARCHAR},
		WIRE_CENTER = #{wireCenter,jdbcType=DECIMAL},
		SOURCE_ADDR = #{sourceAddr,jdbcType=VARCHAR},
		CUSTOMER_NAME = #{customerName,jdbcType=VARCHAR},
		ORDER_REMARKS = #{orderRemarks,jdbcType=VARCHAR},
		RECEIVE_DATE = #{receiveDate,jdbcType=TIMESTAMP},
		DUE_DATE = #{dueDate,jdbcType=TIMESTAMP},
		COMPLETION_DATE = #{completionDate,jdbcType=TIMESTAMP},
		ORDER_TYPE = #{orderType,jdbcType=DECIMAL},
		ORDER_STATUS = #{orderStatus,jdbcType=DECIMAL},
		ORDER_PRIORITY = #{orderPriority,jdbcType=DECIMAL},
		CREATED_BY = #{createdBy,jdbcType=VARCHAR},
		ORDER_LOCK_DATE = #{orderLockDate,jdbcType=TIMESTAMP},
		ORDER_LOCKED_BY = #{orderLockedBy,jdbcType=VARCHAR},
		LAST_MODIFIED = #{lastModified,jdbcType=TIMESTAMP},
		MODIFIED_BY = #{modifiedBy,jdbcType=VARCHAR},
		VERSION_NUMBER = #{versionNumber,jdbcType=VARCHAR},
		ORDER_CLASSIFY = #{orderClassify,jdbcType=DECIMAL},
		MAIN_TN = #{mainTn,jdbcType=VARCHAR},
		PROCESS_DATE = #{processDate,jdbcType=TIMESTAMP},
		ASSIGN_DATE = #{assignDate,jdbcType=TIMESTAMP},
		PARENT_ORDER_ID = #{parentOrderId,jdbcType=DECIMAL},
		VZ_ID = #{vzId,jdbcType=VARCHAR},
		WORK_GROUP = #{workGroup,jdbcType=VARCHAR},
		ERROR_CODE = #{errorCode,jdbcType=VARCHAR},
		NEW_PASS_WAITING = #{newPassWaiting,jdbcType=CHAR},
		TRANSACTION_ID = #{transactionId,jdbcType=DECIMAL},
		PROJECT_ID = #{projectId,jdbcType=VARCHAR},
		TECHNOLOGY = #{technology,jdbcType=VARCHAR},
		ORIGIN = #{origin,jdbcType=VARCHAR},
		SERVICE_TYPE = #{serviceType,jdbcType=VARCHAR},
		ASGM_VERSION = #{asgmVersion,jdbcType=VARCHAR},
		ORDER_CATEGORY = #{orderCategory,jdbcType=VARCHAR},
		MINOR_ORDER_TYPE = #{minorOrderType,jdbcType=VARCHAR},
		ENTERPRISE_ID = #{enterpriseId,jdbcType=VARCHAR},
		LOCATION_ID = #{locationId,jdbcType=VARCHAR},
		BULK_ORDER = #{bulkOrder,jdbcType=VARCHAR},
		EXPEDITE = #{expedite,jdbcType=VARCHAR},
		RESP_HANDLER = #{respHandler,jdbcType=VARCHAR},
		PRODUCT_TYPE = #{productType,jdbcType=DECIMAL},
		E2EI_SENSITIVITY_LEVEL = #{e2eiSensitivityLevel,jdbcType=VARCHAR},
		ESAP_CLUSTER = #{esapCluster,jdbcType=VARCHAR}
		where ENV_ORDER_ID = #{envOrderId,jdbcType=DECIMAL}
	</update>

	<!-- Custom SQLs here -->

	<insert id="createEnvelopOrder" parameterType="com.vz.esap.translation.dao.model.TblEnvOrder">
		insert into TBL_ENV_ORDER (ENV_ORDER_ID, PREV_PASS_ENV_ORDER_ID,
		SEQUENCE_NO,
		SYSTEM, ORDER_NUMBER, MASTER_ORDER_NUMBER,
		CLLI, REGION, JURISDICTION,
		WIRE_CENTER, SOURCE_ADDR, CUSTOMER_NAME,
		ORDER_REMARKS, RECEIVE_DATE, DUE_DATE,
		COMPLETION_DATE, ORDER_TYPE, ORDER_STATUS,
		ORDER_PRIORITY, CREATED_BY, ORDER_LOCK_DATE,
		ORDER_LOCKED_BY, LAST_MODIFIED, MODIFIED_BY,
		VERSION_NUMBER, ORDER_CLASSIFY, MAIN_TN,
		PROCESS_DATE, ASSIGN_DATE, PARENT_ORDER_ID,
		VZ_ID, WORK_GROUP, ERROR_CODE,
		NEW_PASS_WAITING, TRANSACTION_ID, PROJECT_ID,
		TECHNOLOGY, ORIGIN, SERVICE_TYPE,
		ASGM_VERSION, ORDER_CATEGORY, MINOR_ORDER_TYPE,
		ENTERPRISE_ID, LOCATION_ID, BULK_ORDER,
		EXPEDITE, RESP_HANDLER, PRODUCT_TYPE,
		E2EI_SENSITIVITY_LEVEL, ESAP_CLUSTER)
		values (#{envOrderId,jdbcType=DECIMAL},
		#{prevPassEnvOrderId,jdbcType=DECIMAL},
		#{sequenceNo,jdbcType=DECIMAL},
		#{system,jdbcType=VARCHAR}, #{orderNumber,jdbcType=VARCHAR},
		#{masterOrderNumber,jdbcType=VARCHAR},
		#{clli,jdbcType=VARCHAR}, #{region,jdbcType=VARCHAR}, #{jurisdiction,jdbcType=VARCHAR},
		#{wireCenter,jdbcType=DECIMAL}, #{sourceAddr,jdbcType=VARCHAR},
		#{customerName,jdbcType=VARCHAR},
		#{orderRemarks,jdbcType=VARCHAR},sysdate,
		to_date(#{dueDate,jdbcType=VARCHAR},'yyyy-mm-dd'),
		#{completionDate,jdbcType=VARCHAR}, #{orderType,jdbcType=DECIMAL},
		#{orderStatus,jdbcType=DECIMAL},
		#{orderPriority,jdbcType=DECIMAL}, #{createdBy,jdbcType=VARCHAR}, #{orderLockDate,jdbcType=VARCHAR},
		#{orderLockedBy,jdbcType=VARCHAR}, #{lastModified,jdbcType=VARCHAR},
		#{modifiedBy,jdbcType=VARCHAR},
		#{versionNumber,jdbcType=VARCHAR}, #{orderClassify,jdbcType=DECIMAL}, #{mainTn,jdbcType=VARCHAR},
		#{processDate,jdbcType=VARCHAR}, #{assignDate,jdbcType=VARCHAR},
		#{parentOrderId,jdbcType=DECIMAL},
		#{vzId,jdbcType=VARCHAR}, #{workGroup,jdbcType=VARCHAR}, #{errorCode,jdbcType=VARCHAR},
		#{newPassWaiting,jdbcType=CHAR}, #{transactionId,jdbcType=DECIMAL},
		#{projectId,jdbcType=VARCHAR},
		#{technology,jdbcType=VARCHAR}, #{origin,jdbcType=VARCHAR}, #{serviceType,jdbcType=VARCHAR},
		#{asgmVersion,jdbcType=VARCHAR}, #{orderCategory,jdbcType=VARCHAR},
		#{minorOrderType,jdbcType=VARCHAR},
		#{enterpriseId,jdbcType=VARCHAR}, #{locationId,jdbcType=VARCHAR}, #{bulkOrder,jdbcType=VARCHAR},
		#{expedite,jdbcType=VARCHAR}, #{respHandler,jdbcType=VARCHAR},
		#{productType,jdbcType=DECIMAL},
		#{e2eiSensitivityLevel,jdbcType=VARCHAR},
		#{esapCluster,jdbcType=VARCHAR})
	</insert>

	<update id="updateTblEnvOrderStatus" parameterType="map">
		update TBL_ENV_ORDER
		set ORDER_STATUS = '${Status}'
		where ENV_ORDER_ID = '${EnvOrderId}'
	</update>

	<update id="updateTblEnvOrderStatusToFailed" parameterType="map">
		update TBL_ENV_ORDER
		set ORDER_STATUS = '${Status}'
		where ENV_ORDER_ID = '${EnvOrderId}'
	</update>
</mapper>