<?xml version="1.0" encoding="UTF-8" ?>
<!DOCTYPE mapper PUBLIC "-//mybatis.org//DTD Mapper 3.0//EN" "http://mybatis.org/dtd/mybatis-3-mapper.dtd" >
<mapper namespace="com.vz.esap.translation.dao.repository.CustomTblEnvOrderRespMapper" >
  <resultMap id="BaseResultMap" type="com.vz.esap.translation.dao.model.TblEnvOrderResp" >
    <!--
      WARNING - @mbggenerated
      This element is automatically generated by MyBatis Generator, do not modify.
      This element was generated on Fri Nov 10 10:19:39 IST 2017.
    -->
    <id column="TBL_ENV_ORDER_RESP_ID" property="tblEnvOrderRespId" jdbcType="DECIMAL" />
    <result column="SEQUENCE_NO" property="sequenceNo" jdbcType="DECIMAL" />
    <result column="ENV_ORDER_ID" property="envOrderId" jdbcType="DECIMAL" />
    <result column="ORDER_ID" property="orderId" jdbcType="DECIMAL" />
    <result column="RESP_DATE" property="respDate" jdbcType="TIMESTAMP" />
    <result column="RESP_TYPE" property="respType" jdbcType="VARCHAR" />
    <result column="RESP_DESC" property="respDesc" jdbcType="VARCHAR" />
    <result column="RESP_ERROR_CODE" property="respErrorCode" jdbcType="VARCHAR" />
    <result column="MILESTONE" property="milestone" jdbcType="VARCHAR" />
  </resultMap>
  <sql id="Example_Where_Clause" >
    <!--
      WARNING - @mbggenerated
      This element is automatically generated by MyBatis Generator, do not modify.
      This element was generated on Fri Nov 10 10:19:39 IST 2017.
    -->
    <where >
      <foreach collection="oredCriteria" item="criteria" separator="or" >
        <if test="criteria.valid" >
          <trim prefix="(" suffix=")" prefixOverrides="and" >
            <foreach collection="criteria.criteria" item="criterion" >
              <choose >
                <when test="criterion.noValue" >
                  and ${criterion.condition}
                </when>
                <when test="criterion.singleValue" >
                  and ${criterion.condition} #{criterion.value}
                </when>
                <when test="criterion.betweenValue" >
                  and ${criterion.condition} #{criterion.value} and #{criterion.secondValue}
                </when>
                <when test="criterion.listValue" >
                  and ${criterion.condition}
                  <foreach collection="criterion.value" item="listItem" open="(" close=")" separator="," >
                    #{listItem}
                  </foreach>
                </when>
              </choose>
            </foreach>
          </trim>
        </if>
      </foreach>
    </where>
  </sql>
  <sql id="Update_By_Example_Where_Clause" >
    <!--
      WARNING - @mbggenerated
      This element is automatically generated by MyBatis Generator, do not modify.
      This element was generated on Fri Nov 10 10:19:39 IST 2017.
    -->
    <where >
      <foreach collection="example.oredCriteria" item="criteria" separator="or" >
        <if test="criteria.valid" >
          <trim prefix="(" suffix=")" prefixOverrides="and" >
            <foreach collection="criteria.criteria" item="criterion" >
              <choose >
                <when test="criterion.noValue" >
                  and ${criterion.condition}
                </when>
                <when test="criterion.singleValue" >
                  and ${criterion.condition} #{criterion.value}
                </when>
                <when test="criterion.betweenValue" >
                  and ${criterion.condition} #{criterion.value} and #{criterion.secondValue}
                </when>
                <when test="criterion.listValue" >
                  and ${criterion.condition}
                  <foreach collection="criterion.value" item="listItem" open="(" close=")" separator="," >
                    #{listItem}
                  </foreach>
                </when>
              </choose>
            </foreach>
          </trim>
        </if>
      </foreach>
    </where>
  </sql>
  <sql id="Base_Column_List" >
    <!--
      WARNING - @mbggenerated
      This element is automatically generated by MyBatis Generator, do not modify.
      This element was generated on Fri Nov 10 10:19:39 IST 2017.
    -->
    TBL_ENV_ORDER_RESP_ID, SEQUENCE_NO, ENV_ORDER_ID, ORDER_ID, RESP_DATE, RESP_TYPE, 
    RESP_DESC, RESP_ERROR_CODE, MILESTONE
  </sql>
  <select id="selectByExample" resultMap="BaseResultMap" parameterType="com.vz.esap.translation.dao.model.TblEnvOrderRespExample" >
    <!--
      WARNING - @mbggenerated
      This element is automatically generated by MyBatis Generator, do not modify.
      This element was generated on Fri Nov 10 10:19:39 IST 2017.
    -->
    select
    <if test="distinct" >
      distinct
    </if>
    <include refid="Base_Column_List" />
    from TBL_ENV_ORDER_RESP
    <if test="_parameter != null" >
      <include refid="Example_Where_Clause" />
    </if>
    <if test="orderByClause != null" >
      order by ${orderByClause}
    </if>
  </select>
  <select id="selectByPrimaryKey" resultMap="BaseResultMap" parameterType="java.lang.Long" >
    <!--
      WARNING - @mbggenerated
      This element is automatically generated by MyBatis Generator, do not modify.
      This element was generated on Fri Nov 10 10:19:39 IST 2017.
    -->
    select 
    <include refid="Base_Column_List" />
    from TBL_ENV_ORDER_RESP
    where TBL_ENV_ORDER_RESP_ID = #{tblEnvOrderRespId,jdbcType=DECIMAL}
  </select>
  <delete id="deleteByPrimaryKey" parameterType="java.lang.Long" >
    <!--
      WARNING - @mbggenerated
      This element is automatically generated by MyBatis Generator, do not modify.
      This element was generated on Fri Nov 10 10:19:39 IST 2017.
    -->
    delete from TBL_ENV_ORDER_RESP
    where TBL_ENV_ORDER_RESP_ID = #{tblEnvOrderRespId,jdbcType=DECIMAL}
  </delete>
  <delete id="deleteByExample" parameterType="com.vz.esap.translation.dao.model.TblEnvOrderRespExample" >
    <!--
      WARNING - @mbggenerated
      This element is automatically generated by MyBatis Generator, do not modify.
      This element was generated on Fri Nov 10 10:19:39 IST 2017.
    -->
    delete from TBL_ENV_ORDER_RESP
    <if test="_parameter != null" >
      <include refid="Example_Where_Clause" />
    </if>
  </delete>
  <insert id="insert" parameterType="com.vz.esap.translation.dao.model.TblEnvOrderResp" >
    <!--
      WARNING - @mbggenerated
      This element is automatically generated by MyBatis Generator, do not modify.
      This element was generated on Fri Nov 10 10:19:39 IST 2017.
    -->
    insert into TBL_ENV_ORDER_RESP (TBL_ENV_ORDER_RESP_ID, SEQUENCE_NO, ENV_ORDER_ID, 
      ORDER_ID, RESP_DATE, RESP_TYPE, 
      RESP_DESC, RESP_ERROR_CODE, MILESTONE
      )
    values (#{tblEnvOrderRespId,jdbcType=DECIMAL}, #{sequenceNo,jdbcType=DECIMAL}, #{envOrderId,jdbcType=DECIMAL}, 
      #{orderId,jdbcType=DECIMAL}, #{respDate,jdbcType=TIMESTAMP}, #{respType,jdbcType=VARCHAR}, 
      #{respDesc,jdbcType=VARCHAR}, #{respErrorCode,jdbcType=VARCHAR}, #{milestone,jdbcType=VARCHAR}
      )
  </insert>
  <insert id="insertSelective" parameterType="com.vz.esap.translation.dao.model.TblEnvOrderResp" >
    <!--
      WARNING - @mbggenerated
      This element is automatically generated by MyBatis Generator, do not modify.
      This element was generated on Fri Nov 10 10:19:39 IST 2017.
    -->
    insert into TBL_ENV_ORDER_RESP
    <trim prefix="(" suffix=")" suffixOverrides="," >
      <if test="tblEnvOrderRespId != null" >
        TBL_ENV_ORDER_RESP_ID,
      </if>
      <if test="sequenceNo != null" >
        SEQUENCE_NO,
      </if>
      <if test="envOrderId != null" >
        ENV_ORDER_ID,
      </if>
      <if test="orderId != null" >
        ORDER_ID,
      </if>
      <if test="respDate != null" >
        RESP_DATE,
      </if>
      <if test="respType != null" >
        RESP_TYPE,
      </if>
      <if test="respDesc != null" >
        RESP_DESC,
      </if>
      <if test="respErrorCode != null" >
        RESP_ERROR_CODE,
      </if>
      <if test="milestone != null" >
        MILESTONE,
      </if>
    </trim>
    <trim prefix="values (" suffix=")" suffixOverrides="," >
      <if test="tblEnvOrderRespId != null" >
        #{tblEnvOrderRespId,jdbcType=DECIMAL},
      </if>
      <if test="sequenceNo != null" >
        #{sequenceNo,jdbcType=DECIMAL},
      </if>
      <if test="envOrderId != null" >
        #{envOrderId,jdbcType=DECIMAL},
      </if>
      <if test="orderId != null" >
        #{orderId,jdbcType=DECIMAL},
      </if>
      <if test="respDate != null" >
        #{respDate,jdbcType=TIMESTAMP},
      </if>
      <if test="respType != null" >
        #{respType,jdbcType=VARCHAR},
      </if>
      <if test="respDesc != null" >
        #{respDesc,jdbcType=VARCHAR},
      </if>
      <if test="respErrorCode != null" >
        #{respErrorCode,jdbcType=VARCHAR},
      </if>
      <if test="milestone != null" >
        #{milestone,jdbcType=VARCHAR},
      </if>
    </trim>
  </insert>
  <select id="countByExample" parameterType="com.vz.esap.translation.dao.model.TblEnvOrderRespExample" resultType="java.lang.Integer" >
    <!--
      WARNING - @mbggenerated
      This element is automatically generated by MyBatis Generator, do not modify.
      This element was generated on Fri Nov 10 10:19:39 IST 2017.
    -->
    select count(*) from TBL_ENV_ORDER_RESP
    <if test="_parameter != null" >
      <include refid="Example_Where_Clause" />
    </if>
  </select>
  <update id="updateByExampleSelective" parameterType="map" >
    <!--
      WARNING - @mbggenerated
      This element is automatically generated by MyBatis Generator, do not modify.
      This element was generated on Fri Nov 10 10:19:39 IST 2017.
    -->
    update TBL_ENV_ORDER_RESP
    <set >
      <if test="record.tblEnvOrderRespId != null" >
        TBL_ENV_ORDER_RESP_ID = #{record.tblEnvOrderRespId,jdbcType=DECIMAL},
      </if>
      <if test="record.sequenceNo != null" >
        SEQUENCE_NO = #{record.sequenceNo,jdbcType=DECIMAL},
      </if>
      <if test="record.envOrderId != null" >
        ENV_ORDER_ID = #{record.envOrderId,jdbcType=DECIMAL},
      </if>
      <if test="record.orderId != null" >
        ORDER_ID = #{record.orderId,jdbcType=DECIMAL},
      </if>
      <if test="record.respDate != null" >
        RESP_DATE = #{record.respDate,jdbcType=TIMESTAMP},
      </if>
      <if test="record.respType != null" >
        RESP_TYPE = #{record.respType,jdbcType=VARCHAR},
      </if>
      <if test="record.respDesc != null" >
        RESP_DESC = #{record.respDesc,jdbcType=VARCHAR},
      </if>
      <if test="record.respErrorCode != null" >
        RESP_ERROR_CODE = #{record.respErrorCode,jdbcType=VARCHAR},
      </if>
      <if test="record.milestone != null" >
        MILESTONE = #{record.milestone,jdbcType=VARCHAR},
      </if>
    </set>
    <if test="_parameter != null" >
      <include refid="Update_By_Example_Where_Clause" />
    </if>
  </update>
  <update id="updateByExample" parameterType="map" >
    <!--
      WARNING - @mbggenerated
      This element is automatically generated by MyBatis Generator, do not modify.
      This element was generated on Fri Nov 10 10:19:39 IST 2017.
    -->
    update TBL_ENV_ORDER_RESP
    set TBL_ENV_ORDER_RESP_ID = #{record.tblEnvOrderRespId,jdbcType=DECIMAL},
      SEQUENCE_NO = #{record.sequenceNo,jdbcType=DECIMAL},
      ENV_ORDER_ID = #{record.envOrderId,jdbcType=DECIMAL},
      ORDER_ID = #{record.orderId,jdbcType=DECIMAL},
      RESP_DATE = #{record.respDate,jdbcType=TIMESTAMP},
      RESP_TYPE = #{record.respType,jdbcType=VARCHAR},
      RESP_DESC = #{record.respDesc,jdbcType=VARCHAR},
      RESP_ERROR_CODE = #{record.respErrorCode,jdbcType=VARCHAR},
      MILESTONE = #{record.milestone,jdbcType=VARCHAR}
    <if test="_parameter != null" >
      <include refid="Update_By_Example_Where_Clause" />
    </if>
  </update>
  <update id="updateByPrimaryKeySelective" parameterType="com.vz.esap.translation.dao.model.TblEnvOrderResp" >
    <!--
      WARNING - @mbggenerated
      This element is automatically generated by MyBatis Generator, do not modify.
      This element was generated on Fri Nov 10 10:19:39 IST 2017.
    -->
    update TBL_ENV_ORDER_RESP
    <set >
      <if test="sequenceNo != null" >
        SEQUENCE_NO = #{sequenceNo,jdbcType=DECIMAL},
      </if>
      <if test="envOrderId != null" >
        ENV_ORDER_ID = #{envOrderId,jdbcType=DECIMAL},
      </if>
      <if test="orderId != null" >
        ORDER_ID = #{orderId,jdbcType=DECIMAL},
      </if>
      <if test="respDate != null" >
        RESP_DATE = #{respDate,jdbcType=TIMESTAMP},
      </if>
      <if test="respType != null" >
        RESP_TYPE = #{respType,jdbcType=VARCHAR},
      </if>
      <if test="respDesc != null" >
        RESP_DESC = #{respDesc,jdbcType=VARCHAR},
      </if>
      <if test="respErrorCode != null" >
        RESP_ERROR_CODE = #{respErrorCode,jdbcType=VARCHAR},
      </if>
      <if test="milestone != null" >
        MILESTONE = #{milestone,jdbcType=VARCHAR},
      </if>
    </set>
    where TBL_ENV_ORDER_RESP_ID = #{tblEnvOrderRespId,jdbcType=DECIMAL}
  </update>
  <update id="updateByPrimaryKey" parameterType="com.vz.esap.translation.dao.model.TblEnvOrderResp" >
    <!--
      WARNING - @mbggenerated
      This element is automatically generated by MyBatis Generator, do not modify.
      This element was generated on Fri Nov 10 10:19:39 IST 2017.
    -->
    update TBL_ENV_ORDER_RESP
    set SEQUENCE_NO = #{sequenceNo,jdbcType=DECIMAL},
      ENV_ORDER_ID = #{envOrderId,jdbcType=DECIMAL},
      ORDER_ID = #{orderId,jdbcType=DECIMAL},
      RESP_DATE = #{respDate,jdbcType=TIMESTAMP},
      RESP_TYPE = #{respType,jdbcType=VARCHAR},
      RESP_DESC = #{respDesc,jdbcType=VARCHAR},
      RESP_ERROR_CODE = #{respErrorCode,jdbcType=VARCHAR},
      MILESTONE = #{milestone,jdbcType=VARCHAR}
    where TBL_ENV_ORDER_RESP_ID = #{tblEnvOrderRespId,jdbcType=DECIMAL}
  </update>
  
  <!--  Custom SQLs here -->
  
   <insert id="insertTblEnvOrderRespData" parameterType="com.vz.esap.translation.dao.model.TblEnvOrderResp" >
    insert into TBL_ENV_ORDER_RESP (TBL_ENV_ORDER_RESP_ID, SEQUENCE_NO, ENV_ORDER_ID, 
      ORDER_ID, RESP_DATE, RESP_TYPE, 
      RESP_DESC, RESP_ERROR_CODE, MILESTONE
      )
    values (TBL_ENV_ORDER_RESP_ID_SEQ.NEXTVAL, #{sequenceNo,jdbcType=DECIMAL}, #{envOrderId,jdbcType=DECIMAL}, 
      #{orderId,jdbcType=DECIMAL}, #{respDate,jdbcType=TIMESTAMP}, #{respType,jdbcType=VARCHAR}, 
      #{respDesc,jdbcType=VARCHAR}, #{respErrorCode,jdbcType=VARCHAR}, #{milestone,jdbcType=VARCHAR}
      )
  </insert>
</mapper>