<?xml version="1.0" encoding="UTF-8" ?>
<!DOCTYPE mapper PUBLIC "-//mybatis.org//DTD Mapper 3.0//EN" "http://mybatis.org/dtd/mybatis-3-mapper.dtd" >
<mapper namespace="com.vz.esap.translation.dao.repository.TblLorTnDetailsMapper">
	<resultMap id="BaseResultMap"
		type="com.vz.esap.translation.dao.model.TblLorTnDetails">
		<!-- WARNING - @mbggenerated This element is automatically generated by 
			MyBatis Generator, do not modify. This element was generated on Wed Jul 11 
			15:14:52 CDT 2018. -->
		<id column="LOR_US_TN_ID" property="lorUsTnId" jdbcType="DECIMAL" />
		<result column="BOD_SVC_CAPABILITY_ID" property="bodSvcCapabilityId"
			jdbcType="DECIMAL" />
		<result column="SVC_CAP_ID" property="svcCapId" jdbcType="VARCHAR" />
		<result column="FEATURE_CODE" property="featureCode" jdbcType="VARCHAR" />
		<result column="FEATURE_NAME" property="featureName" jdbcType="VARCHAR" />
		<result column="CAP_ACTION_CODE" property="capActionCode"
			jdbcType="VARCHAR" />
		<result column="SPEC_CODE" property="specCode" jdbcType="VARCHAR" />
		<result column="SPEC_VALUE" property="specValue" jdbcType="VARCHAR" />
		<result column="ACTION" property="action" jdbcType="VARCHAR" />
		<result column="ORDER_VERSION" property="orderVersion"
			jdbcType="VARCHAR" />
		<result column="ORDER_NUMBER" property="orderNumber" jdbcType="VARCHAR" />
		<result column="TN_TYPE" property="tnType" jdbcType="VARCHAR" />
	</resultMap>
	<sql id="Example_Where_Clause">
		<!-- WARNING - @mbggenerated This element is automatically generated by 
			MyBatis Generator, do not modify. This element was generated on Wed Jul 11 
			15:14:52 CDT 2018. -->
		<where>
			<foreach collection="oredCriteria" item="criteria" separator="or">
				<if test="criteria.valid">
					<trim prefix="(" suffix=")" prefixOverrides="and">
						<foreach collection="criteria.criteria" item="criterion">
							<choose>
								<when test="criterion.noValue">
									and ${criterion.condition}
								</when>
								<when test="criterion.singleValue">
									and ${criterion.condition} #{criterion.value}
								</when>
								<when test="criterion.betweenValue">
									and ${criterion.condition} #{criterion.value} and
									#{criterion.secondValue}
								</when>
								<when test="criterion.listValue">
									and ${criterion.condition}
									<foreach collection="criterion.value" item="listItem"
										open="(" close=")" separator=",">
										#{listItem}
									</foreach>
								</when>
							</choose>
						</foreach>
					</trim>
				</if>
			</foreach>
		</where>
	</sql>
	<sql id="Update_By_Example_Where_Clause">
		<!-- WARNING - @mbggenerated This element is automatically generated by 
			MyBatis Generator, do not modify. This element was generated on Wed Jul 11 
			15:14:52 CDT 2018. -->
		<where>
			<foreach collection="example.oredCriteria" item="criteria"
				separator="or">
				<if test="criteria.valid">
					<trim prefix="(" suffix=")" prefixOverrides="and">
						<foreach collection="criteria.criteria" item="criterion">
							<choose>
								<when test="criterion.noValue">
									and ${criterion.condition}
								</when>
								<when test="criterion.singleValue">
									and ${criterion.condition} #{criterion.value}
								</when>
								<when test="criterion.betweenValue">
									and ${criterion.condition} #{criterion.value} and
									#{criterion.secondValue}
								</when>
								<when test="criterion.listValue">
									and ${criterion.condition}
									<foreach collection="criterion.value" item="listItem"
										open="(" close=")" separator=",">
										#{listItem}
									</foreach>
								</when>
							</choose>
						</foreach>
					</trim>
				</if>
			</foreach>
		</where>
	</sql>
	<sql id="Base_Column_List">
		<!-- WARNING - @mbggenerated This element is automatically generated by 
			MyBatis Generator, do not modify. This element was generated on Wed Jul 11 
			15:14:52 CDT 2018. -->
		LOR_US_TN_ID, BOD_SVC_CAPABILITY_ID, SVC_CAP_ID, FEATURE_CODE,
		FEATURE_NAME, CAP_ACTION_CODE,
		SPEC_CODE, SPEC_VALUE, ACTION, ORDER_VERSION, ORDER_NUMBER, TN_TYPE
	</sql>
	<select id="selectByExample" resultMap="BaseResultMap"
		parameterType="com.vz.esap.translation.dao.model.TblLorTnDetailsExample">
		<!-- WARNING - @mbggenerated This element is automatically generated by 
			MyBatis Generator, do not modify. This element was generated on Wed Jul 11 
			15:14:52 CDT 2018. -->
		select
		<if test="distinct">
			distinct
		</if>
		<include refid="Base_Column_List" />
		from TBL_LOR_TN_DETAILS
		<if test="_parameter != null">
			<include refid="Example_Where_Clause" />
		</if>
		<if test="orderByClause != null">
			order by ${orderByClause}
		</if>
	</select>
	<select id="selectByPrimaryKey" resultMap="BaseResultMap"
		parameterType="java.lang.Long">
		<!-- WARNING - @mbggenerated This element is automatically generated by 
			MyBatis Generator, do not modify. This element was generated on Wed Jul 11 
			15:14:52 CDT 2018. -->
		select
		<include refid="Base_Column_List" />
		from TBL_LOR_TN_DETAILS
		where LOR_US_TN_ID = #{lorUsTnId,jdbcType=DECIMAL}
	</select>
	<delete id="deleteByPrimaryKey" parameterType="java.lang.Long">
		<!-- WARNING - @mbggenerated This element is automatically generated by 
			MyBatis Generator, do not modify. This element was generated on Wed Jul 11 
			15:14:52 CDT 2018. -->
		delete from TBL_LOR_TN_DETAILS
		where LOR_US_TN_ID = #{lorUsTnId,jdbcType=DECIMAL}
	</delete>
	<delete id="deleteByExample"
		parameterType="com.vz.esap.translation.dao.model.TblLorTnDetailsExample">
		<!-- WARNING - @mbggenerated This element is automatically generated by 
			MyBatis Generator, do not modify. This element was generated on Wed Jul 11 
			15:14:52 CDT 2018. -->
		delete from TBL_LOR_TN_DETAILS
		<if test="_parameter != null">
			<include refid="Example_Where_Clause" />
		</if>
	</delete>
	<insert id="insert" parameterType="com.vz.esap.translation.dao.model.TblLorTnDetails">
		<!-- WARNING - @mbggenerated This element is automatically generated by 
			MyBatis Generator, do not modify. This element was generated on Wed Jul 11 
			15:14:52 CDT 2018. -->
		insert into TBL_LOR_TN_DETAILS (LOR_US_TN_ID, BOD_SVC_CAPABILITY_ID,
		SVC_CAP_ID,
		FEATURE_CODE, FEATURE_NAME, CAP_ACTION_CODE,
		SPEC_CODE, SPEC_VALUE, ACTION,
		ORDER_VERSION, ORDER_NUMBER, TN_TYPE
		)
		values (#{lorUsTnId,jdbcType=DECIMAL},
		#{bodSvcCapabilityId,jdbcType=DECIMAL}, #{svcCapId,jdbcType=VARCHAR},
		#{featureCode,jdbcType=VARCHAR}, #{featureName,jdbcType=VARCHAR},
		#{capActionCode,jdbcType=VARCHAR},
		#{specCode,jdbcType=VARCHAR}, #{specValue,jdbcType=VARCHAR}, #{action,jdbcType=VARCHAR},
		#{orderVersion,jdbcType=VARCHAR}, #{orderNumber,jdbcType=VARCHAR},
		#{tnType,jdbcType=VARCHAR}
		)
	</insert>
	<insert id="insertSelective" parameterType="com.vz.esap.translation.dao.model.TblLorTnDetails">
		<!-- WARNING - @mbggenerated This element is automatically generated by 
			MyBatis Generator, do not modify. This element was generated on Wed Jul 11 
			15:14:52 CDT 2018. -->
		insert into TBL_LOR_TN_DETAILS
		<trim prefix="(" suffix=")" suffixOverrides=",">
			<if test="lorUsTnId != null">
				LOR_US_TN_ID,
			</if>
			<if test="bodSvcCapabilityId != null">
				BOD_SVC_CAPABILITY_ID,
			</if>
			<if test="svcCapId != null">
				SVC_CAP_ID,
			</if>
			<if test="featureCode != null">
				FEATURE_CODE,
			</if>
			<if test="featureName != null">
				FEATURE_NAME,
			</if>
			<if test="capActionCode != null">
				CAP_ACTION_CODE,
			</if>
			<if test="specCode != null">
				SPEC_CODE,
			</if>
			<if test="specValue != null">
				SPEC_VALUE,
			</if>
			<if test="action != null">
				ACTION,
			</if>
			<if test="orderVersion != null">
				ORDER_VERSION,
			</if>
			<if test="orderNumber != null">
				ORDER_NUMBER,
			</if>
			<if test="tnType != null">
				TN_TYPE,
			</if>
		</trim>
		<trim prefix="values (" suffix=")" suffixOverrides=",">
			<if test="lorUsTnId != null">
				#{lorUsTnId,jdbcType=DECIMAL},
			</if>
			<if test="bodSvcCapabilityId != null">
				#{bodSvcCapabilityId,jdbcType=DECIMAL},
			</if>
			<if test="svcCapId != null">
				#{svcCapId,jdbcType=VARCHAR},
			</if>
			<if test="featureCode != null">
				#{featureCode,jdbcType=VARCHAR},
			</if>
			<if test="featureName != null">
				#{featureName,jdbcType=VARCHAR},
			</if>
			<if test="capActionCode != null">
				#{capActionCode,jdbcType=VARCHAR},
			</if>
			<if test="specCode != null">
				#{specCode,jdbcType=VARCHAR},
			</if>
			<if test="specValue != null">
				#{specValue,jdbcType=VARCHAR},
			</if>
			<if test="action != null">
				#{action,jdbcType=VARCHAR},
			</if>
			<if test="orderVersion != null">
				#{orderVersion,jdbcType=VARCHAR},
			</if>
			<if test="orderNumber != null">
				#{orderNumber,jdbcType=VARCHAR},
			</if>
			<if test="tnType != null">
				#{tnType,jdbcType=VARCHAR},
			</if>
		</trim>
	</insert>
	<select id="countByExample"
		parameterType="com.vz.esap.translation.dao.model.TblLorTnDetailsExample"
		resultType="java.lang.Integer">
		<!-- WARNING - @mbggenerated This element is automatically generated by 
			MyBatis Generator, do not modify. This element was generated on Wed Jul 11 
			15:14:52 CDT 2018. -->
		select count(*) from TBL_LOR_TN_DETAILS
		<if test="_parameter != null">
			<include refid="Example_Where_Clause" />
		</if>
	</select>
	<update id="updateByExampleSelective" parameterType="map">
		<!-- WARNING - @mbggenerated This element is automatically generated by 
			MyBatis Generator, do not modify. This element was generated on Wed Jul 11 
			15:14:52 CDT 2018. -->
		update TBL_LOR_TN_DETAILS
		<set>
			<if test="record.lorUsTnId != null">
				LOR_US_TN_ID = #{record.lorUsTnId,jdbcType=DECIMAL},
			</if>
			<if test="record.bodSvcCapabilityId != null">
				BOD_SVC_CAPABILITY_ID =
				#{record.bodSvcCapabilityId,jdbcType=DECIMAL},
			</if>
			<if test="record.svcCapId != null">
				SVC_CAP_ID = #{record.svcCapId,jdbcType=VARCHAR},
			</if>
			<if test="record.featureCode != null">
				FEATURE_CODE = #{record.featureCode,jdbcType=VARCHAR},
			</if>
			<if test="record.featureName != null">
				FEATURE_NAME = #{record.featureName,jdbcType=VARCHAR},
			</if>
			<if test="record.capActionCode != null">
				CAP_ACTION_CODE = #{record.capActionCode,jdbcType=VARCHAR},
			</if>
			<if test="record.specCode != null">
				SPEC_CODE = #{record.specCode,jdbcType=VARCHAR},
			</if>
			<if test="record.specValue != null">
				SPEC_VALUE = #{record.specValue,jdbcType=VARCHAR},
			</if>
			<if test="record.action != null">
				ACTION = #{record.action,jdbcType=VARCHAR},
			</if>
			<if test="record.orderVersion != null">
				ORDER_VERSION = #{record.orderVersion,jdbcType=VARCHAR},
			</if>
			<if test="record.orderNumber != null">
				ORDER_NUMBER = #{record.orderNumber,jdbcType=VARCHAR},
			</if>
			<if test="record.tnType != null">
				TN_TYPE = #{record.tnType,jdbcType=VARCHAR},
			</if>
		</set>
		<if test="_parameter != null">
			<include refid="Update_By_Example_Where_Clause" />
		</if>
	</update>
	<update id="updateByExample" parameterType="map">
		<!-- WARNING - @mbggenerated This element is automatically generated by 
			MyBatis Generator, do not modify. This element was generated on Wed Jul 11 
			15:14:52 CDT 2018. -->
		update TBL_LOR_TN_DETAILS
		set LOR_US_TN_ID = #{record.lorUsTnId,jdbcType=DECIMAL},
		BOD_SVC_CAPABILITY_ID = #{record.bodSvcCapabilityId,jdbcType=DECIMAL},
		SVC_CAP_ID = #{record.svcCapId,jdbcType=VARCHAR},
		FEATURE_CODE = #{record.featureCode,jdbcType=VARCHAR},
		FEATURE_NAME = #{record.featureName,jdbcType=VARCHAR},
		CAP_ACTION_CODE = #{record.capActionCode,jdbcType=VARCHAR},
		SPEC_CODE = #{record.specCode,jdbcType=VARCHAR},
		SPEC_VALUE = #{record.specValue,jdbcType=VARCHAR},
		ACTION = #{record.action,jdbcType=VARCHAR},
		ORDER_VERSION = #{record.orderVersion,jdbcType=VARCHAR},
		ORDER_NUMBER = #{record.orderNumber,jdbcType=VARCHAR},
		TN_TYPE = #{record.tnType,jdbcType=VARCHAR}
		<if test="_parameter != null">
			<include refid="Update_By_Example_Where_Clause" />
		</if>
	</update>
	<update id="updateByPrimaryKeySelective" parameterType="com.vz.esap.translation.dao.model.TblLorTnDetails">
		<!-- WARNING - @mbggenerated This element is automatically generated by 
			MyBatis Generator, do not modify. This element was generated on Wed Jul 11 
			15:14:52 CDT 2018. -->
		update TBL_LOR_TN_DETAILS
		<set>
			<if test="bodSvcCapabilityId != null">
				BOD_SVC_CAPABILITY_ID = #{bodSvcCapabilityId,jdbcType=DECIMAL},
			</if>
			<if test="svcCapId != null">
				SVC_CAP_ID = #{svcCapId,jdbcType=VARCHAR},
			</if>
			<if test="featureCode != null">
				FEATURE_CODE = #{featureCode,jdbcType=VARCHAR},
			</if>
			<if test="featureName != null">
				FEATURE_NAME = #{featureName,jdbcType=VARCHAR},
			</if>
			<if test="capActionCode != null">
				CAP_ACTION_CODE = #{capActionCode,jdbcType=VARCHAR},
			</if>
			<if test="specCode != null">
				SPEC_CODE = #{specCode,jdbcType=VARCHAR},
			</if>
			<if test="specValue != null">
				SPEC_VALUE = #{specValue,jdbcType=VARCHAR},
			</if>
			<if test="action != null">
				ACTION = #{action,jdbcType=VARCHAR},
			</if>
			<if test="orderVersion != null">
				ORDER_VERSION = #{orderVersion,jdbcType=VARCHAR},
			</if>
			<if test="orderNumber != null">
				ORDER_NUMBER = #{orderNumber,jdbcType=VARCHAR},
			</if>
			<if test="tnType != null">
				TN_TYPE = #{tnType,jdbcType=VARCHAR},
			</if>
		</set>
		where LOR_US_TN_ID = #{lorUsTnId,jdbcType=DECIMAL}
	</update>
	<update id="updateByPrimaryKey" parameterType="com.vz.esap.translation.dao.model.TblLorTnDetails">
		<!-- WARNING - @mbggenerated This element is automatically generated by 
			MyBatis Generator, do not modify. This element was generated on Wed Jul 11 
			15:14:52 CDT 2018. -->
		update TBL_LOR_TN_DETAILS
		set BOD_SVC_CAPABILITY_ID = #{bodSvcCapabilityId,jdbcType=DECIMAL},
		SVC_CAP_ID = #{svcCapId,jdbcType=VARCHAR},
		FEATURE_CODE = #{featureCode,jdbcType=VARCHAR},
		FEATURE_NAME = #{featureName,jdbcType=VARCHAR},
		CAP_ACTION_CODE = #{capActionCode,jdbcType=VARCHAR},
		SPEC_CODE = #{specCode,jdbcType=VARCHAR},
		SPEC_VALUE = #{specValue,jdbcType=VARCHAR},
		ACTION = #{action,jdbcType=VARCHAR},
		ORDER_VERSION = #{orderVersion,jdbcType=VARCHAR},
		ORDER_NUMBER = #{orderNumber,jdbcType=VARCHAR},
		TN_TYPE = #{tnType,jdbcType=VARCHAR}
		where LOR_US_TN_ID = #{lorUsTnId,jdbcType=DECIMAL}
	</update>

	<!-- Custom SQLs here -->

	<select id="getReserveTNForOrder" resultMap="BaseResultMap"
		parameterType="hashmap">

		SELECT
		<include refid="Base_Column_List" />
		FROM TBL_LOR_TN_DETAILS tltd,
		(SELECT rn, unique_svc_cap_id FROM (SELECT rownum rn, unique_svc_cap_id FROM
		( SELECT DISTINCT(SVC_CAP_ID) unique_svc_cap_id FROM
		TBL_LOR_TN_DETAILS WHERE
		SVC_CAP_ID NOT IN ( SELECT DISTINCT SVC_CAP_ID FROM TBL_LOR_TN_DETAILS WHERE
		ORDER_NUMBER = #{in_order_number,jdbcType=VARCHAR}
		AND ORDER_VERSION = 0 AND ((spec_code='ESP_TRANSITION_TYPE' AND
		(Upper(spec_value) = 'W2R')) OR
		(spec_code ='SP_VOIP_TN_DISPOSITION' AND (Upper(spec_value) = 'R' or
		Upper(spec_value) = 'RETAINED'
		or Upper(spec_value) = 'DISCONNECT' OR Upper(spec_value) = 'D'))) )
		AND ORDER_NUMBER = #{in_order_number,jdbcType=VARCHAR} AND ORDER_VERSION
		= #{in_order_version,jdbcType=VARCHAR} ORDER BY svc_cap_id)) WHERE rn
		&gt;= ${RowNum} AND rn &lt;= ${RowNum} )
		unicapids WHERE tltd.SVC_CAP_ID = unicapids.unique_svc_cap_id AND ORDER_NUMBER
		= #{in_order_number,jdbcType=VARCHAR} AND ORDER_VERSION = 0 ORDER BY
		tltd.SVC_CAP_ID,tltd.SPEC_CODE desc

	</select>

	<!-- <select id="getGroupTNForOrder" resultMap="BaseResultMap"
		parameterType="hashmap">

		SELECT
		<include refid="Base_Column_List" />
		FROM TBL_LOR_TN_DETAILS tltd,
		(SELECT rn, unique_svc_cap_id FROM (SELECT rownum rn, unique_svc_cap_id FROM
		( SELECT DISTINCT(SVC_CAP_ID) unique_svc_cap_id FROM
		TBL_LOR_TN_DETAILS WHERE
		SVC_CAP_ID NOT IN ( SELECT DISTINCT SVC_CAP_ID FROM TBL_LOR_TN_DETAILS WHERE
		ORDER_NUMBER = #{in_order_number,jdbcType=VARCHAR}
		AND ORDER_VERSION = #{in_order_version,jdbcType=VARCHAR} AND ((spec_code='ESP_TRANSITION_TYPE' AND
		(Upper(spec_value) = 'W2R')) OR
		(spec_code ='SP_VOIP_TN_DISPOSITION' AND (Upper(spec_value) = 'R' or
		Upper(spec_value) = 'RETAINED'
		or Upper(spec_value) = 'DISCONNECT' OR Upper(spec_value) = 'D'))) )
		AND ORDER_NUMBER = #{in_order_number,jdbcType=VARCHAR} AND ORDER_VERSION
		= #{in_order_version,jdbcType=VARCHAR} ORDER BY svc_cap_id)) WHERE rn
		&gt;= #{rn_low_limit,jdbcType=DECIMAL}
		AND rn &lt;= #{rn_higher_limit,jdbcType=DECIMAL} )
		unicapids WHERE tltd.SVC_CAP_ID = unicapids.unique_svc_cap_id AND ORDER_NUMBER
		= #{in_order_number,jdbcType=VARCHAR} AND ORDER_VERSION = #{in_order_version,jdbcType=VARCHAR} ORDER BY
		tltd.SVC_CAP_ID,tltd.SPEC_CODE desc

	</select> -->
	
	<!-- Start fix for non Reg TNs -->
	
	<select id="getGroupTNForOrder" resultMap="BaseResultMap"
		parameterType="hashmap">

		SELECT
		<include refid="Base_Column_List" />
		FROM TBL_LOR_TN_DETAILS tltd,
		(SELECT rn, unique_svc_cap_id FROM (SELECT rownum rn, unique_svc_cap_id FROM
		( SELECT DISTINCT(SVC_CAP_ID) unique_svc_cap_id FROM
		TBL_LOR_TN_DETAILS WHERE
		SVC_CAP_ID NOT IN ( SELECT DISTINCT SVC_CAP_ID FROM TBL_LOR_TN_DETAILS WHERE
		ORDER_NUMBER = #{in_order_number,jdbcType=VARCHAR}
		AND ORDER_VERSION = #{in_order_version,jdbcType=VARCHAR} 
		AND (Upper(SPEC_CODE) = 'SP_XO_TNT' 
        AND (Upper(spec_value) = 'UIFN' OR Upper(spec_value) = 'ITFS' OR Upper(spec_value) = 'DOMESTIC TF')))
		AND ORDER_NUMBER = #{in_order_number,jdbcType=VARCHAR} AND ORDER_VERSION
		= #{in_order_version,jdbcType=VARCHAR} ORDER BY svc_cap_id)) WHERE rn
		&gt;= #{rn_low_limit,jdbcType=DECIMAL}
		AND rn &lt;= #{rn_higher_limit,jdbcType=DECIMAL} )
		unicapids WHERE tltd.SVC_CAP_ID = unicapids.unique_svc_cap_id AND ORDER_NUMBER
		= #{in_order_number,jdbcType=VARCHAR} AND ORDER_VERSION = #{in_order_version,jdbcType=VARCHAR} ORDER BY
		tltd.SVC_CAP_ID,tltd.SPEC_CODE desc

	</select>

	 <!-- End fix for non Reg TNs -->
	 
<!-- 	<select id="getDistinctTrunkGroupFromLotTnDetails" resultMap="BaseResultMap"
		parameterType="hashmap">

		select DISTINCT SPEC_VALUE from TBL_LOR_TN_DETAILS
		where 1=1
		and order_number = '86009928'
		and SPEC_CODE = 'SP_XO_TRU'

	</select> -->

</mapper>