<?xml version="1.0" encoding="UTF-8" ?>
<!DOCTYPE mapper PUBLIC "-//mybatis.org//DTD Mapper 3.0//EN" "http://mybatis.org/dtd/mybatis-3-mapper.dtd" >
<mapper namespace="com.vz.esap.translation.dao.repository.TblLorTnChngDetailsMapper" >
  <resultMap id="BaseResultMap" type="com.vz.esap.translation.dao.model.TblLorTnChngDetails" >
    <!--
      WARNING - @mbggenerated
      This element is automatically generated by MyBatis Generator, do not modify.
      This element was generated on Fri Nov 02 16:28:29 IST 2018.
    -->
    <id column="LOR_US_TN_CHNG_ID" property="lorUsTnChngId" jdbcType="DECIMAL" />
    <result column="ORDER_VERSION" property="orderVersion" jdbcType="VARCHAR" />
    <result column="ORDER_NUMBER" property="orderNumber" jdbcType="VARCHAR" />
    <result column="SERVICE_ID" property="serviceId" jdbcType="DECIMAL" />
    <result column="SERVICE_TYPE" property="serviceType" jdbcType="VARCHAR" />
    <result column="FEATURE_CODE" property="featureCode" jdbcType="VARCHAR" />
    <result column="FET_INS_ID" property="fetInsId" jdbcType="VARCHAR" />
    <result column="SPEC_CODE" property="specCode" jdbcType="VARCHAR" />
    <result column="CHANGE_TYPE" property="changeType" jdbcType="VARCHAR" />
    <result column="CM_TYPE" property="cmType" jdbcType="VARCHAR" />
    <result column="ORIGINAL_VALUE" property="originalValue" jdbcType="VARCHAR" />
    <result column="NEW_VALUE" property="newValue" jdbcType="VARCHAR" />
  </resultMap>
  <sql id="Example_Where_Clause" >
    <!--
      WARNING - @mbggenerated
      This element is automatically generated by MyBatis Generator, do not modify.
      This element was generated on Fri Nov 02 16:28:29 IST 2018.
    -->
    <where >
      <foreach collection="oredCriteria" item="criteria" separator="or" >
        <if test="criteria.valid" >
          <trim prefix="(" suffix=")" prefixOverrides="and" >
            <foreach collection="criteria.criteria" item="criterion" >
              <choose >
                <when test="criterion.noValue" >
                  and ${criterion.condition}
                </when>
                <when test="criterion.singleValue" >
                  and ${criterion.condition} #{criterion.value}
                </when>
                <when test="criterion.betweenValue" >
                  and ${criterion.condition} #{criterion.value} and #{criterion.secondValue}
                </when>
                <when test="criterion.listValue" >
                  and ${criterion.condition}
                  <foreach collection="criterion.value" item="listItem" open="(" close=")" separator="," >
                    #{listItem}
                  </foreach>
                </when>
              </choose>
            </foreach>
          </trim>
        </if>
      </foreach>
    </where>
  </sql>
  <sql id="Update_By_Example_Where_Clause" >
    <!--
      WARNING - @mbggenerated
      This element is automatically generated by MyBatis Generator, do not modify.
      This element was generated on Fri Nov 02 16:28:29 IST 2018.
    -->
    <where >
      <foreach collection="example.oredCriteria" item="criteria" separator="or" >
        <if test="criteria.valid" >
          <trim prefix="(" suffix=")" prefixOverrides="and" >
            <foreach collection="criteria.criteria" item="criterion" >
              <choose >
                <when test="criterion.noValue" >
                  and ${criterion.condition}
                </when>
                <when test="criterion.singleValue" >
                  and ${criterion.condition} #{criterion.value}
                </when>
                <when test="criterion.betweenValue" >
                  and ${criterion.condition} #{criterion.value} and #{criterion.secondValue}
                </when>
                <when test="criterion.listValue" >
                  and ${criterion.condition}
                  <foreach collection="criterion.value" item="listItem" open="(" close=")" separator="," >
                    #{listItem}
                  </foreach>
                </when>
              </choose>
            </foreach>
          </trim>
        </if>
      </foreach>
    </where>
  </sql>
  <sql id="Base_Column_List" >
    <!--
      WARNING - @mbggenerated
      This element is automatically generated by MyBatis Generator, do not modify.
      This element was generated on Fri Nov 02 16:28:29 IST 2018.
    -->
    LOR_US_TN_CHNG_ID, ORDER_VERSION, ORDER_NUMBER, SERVICE_ID, SERVICE_TYPE, FEATURE_CODE, 
    FET_INS_ID, SPEC_CODE, CHANGE_TYPE, CM_TYPE, ORIGINAL_VALUE, NEW_VALUE
  </sql>
  <select id="selectByExample" resultMap="BaseResultMap" parameterType="com.vz.esap.translation.dao.model.TblLorTnChngDetailsExample" >
    <!--
      WARNING - @mbggenerated
      This element is automatically generated by MyBatis Generator, do not modify.
      This element was generated on Fri Nov 02 16:28:29 IST 2018.
    -->
    select
    <if test="distinct" >
      distinct
    </if>
    <include refid="Base_Column_List" />
    from TBL_LOR_TN_CHNG_DETAILS
    <if test="_parameter != null" >
      <include refid="Example_Where_Clause" />
    </if>
    <if test="orderByClause != null" >
      order by ${orderByClause}
    </if>
  </select>
  <select id="selectByPrimaryKey" resultMap="BaseResultMap" parameterType="java.lang.Long" >
    <!--
      WARNING - @mbggenerated
      This element is automatically generated by MyBatis Generator, do not modify.
      This element was generated on Fri Nov 02 16:28:29 IST 2018.
    -->
    select 
    <include refid="Base_Column_List" />
    from TBL_LOR_TN_CHNG_DETAILS
    where LOR_US_TN_CHNG_ID = #{lorUsTnChngId,jdbcType=DECIMAL}
  </select>
  <delete id="deleteByPrimaryKey" parameterType="java.lang.Long" >
    <!--
      WARNING - @mbggenerated
      This element is automatically generated by MyBatis Generator, do not modify.
      This element was generated on Fri Nov 02 16:28:29 IST 2018.
    -->
    delete from TBL_LOR_TN_CHNG_DETAILS
    where LOR_US_TN_CHNG_ID = #{lorUsTnChngId,jdbcType=DECIMAL}
  </delete>
  <delete id="deleteByExample" parameterType="com.vz.esap.translation.dao.model.TblLorTnChngDetailsExample" >
    <!--
      WARNING - @mbggenerated
      This element is automatically generated by MyBatis Generator, do not modify.
      This element was generated on Fri Nov 02 16:28:29 IST 2018.
    -->
    delete from TBL_LOR_TN_CHNG_DETAILS
    <if test="_parameter != null" >
      <include refid="Example_Where_Clause" />
    </if>
  </delete>
  <insert id="insert" parameterType="com.vz.esap.translation.dao.model.TblLorTnChngDetails" >
    <!--
      WARNING - @mbggenerated
      This element is automatically generated by MyBatis Generator, do not modify.
      This element was generated on Fri Nov 02 16:28:29 IST 2018.
    -->
    insert into TBL_LOR_TN_CHNG_DETAILS (LOR_US_TN_CHNG_ID, ORDER_VERSION, ORDER_NUMBER, 
      SERVICE_ID, SERVICE_TYPE, FEATURE_CODE, 
      FET_INS_ID, SPEC_CODE, CHANGE_TYPE, 
      CM_TYPE, ORIGINAL_VALUE, NEW_VALUE
      )
    values (#{lorUsTnChngId,jdbcType=DECIMAL}, #{orderVersion,jdbcType=VARCHAR}, #{orderNumber,jdbcType=VARCHAR}, 
      #{serviceId,jdbcType=DECIMAL}, #{serviceType,jdbcType=VARCHAR}, #{featureCode,jdbcType=VARCHAR}, 
      #{fetInsId,jdbcType=VARCHAR}, #{specCode,jdbcType=VARCHAR}, #{changeType,jdbcType=VARCHAR}, 
      #{cmType,jdbcType=VARCHAR}, #{originalValue,jdbcType=VARCHAR}, #{newValue,jdbcType=VARCHAR}
      )
  </insert>
  <insert id="insertSelective" parameterType="com.vz.esap.translation.dao.model.TblLorTnChngDetails" >
    <!--
      WARNING - @mbggenerated
      This element is automatically generated by MyBatis Generator, do not modify.
      This element was generated on Fri Nov 02 16:28:29 IST 2018.
    -->
    insert into TBL_LOR_TN_CHNG_DETAILS
    <trim prefix="(" suffix=")" suffixOverrides="," >
      <if test="lorUsTnChngId != null" >
        LOR_US_TN_CHNG_ID,
      </if>
      <if test="orderVersion != null" >
        ORDER_VERSION,
      </if>
      <if test="orderNumber != null" >
        ORDER_NUMBER,
      </if>
      <if test="serviceId != null" >
        SERVICE_ID,
      </if>
      <if test="serviceType != null" >
        SERVICE_TYPE,
      </if>
      <if test="featureCode != null" >
        FEATURE_CODE,
      </if>
      <if test="fetInsId != null" >
        FET_INS_ID,
      </if>
      <if test="specCode != null" >
        SPEC_CODE,
      </if>
      <if test="changeType != null" >
        CHANGE_TYPE,
      </if>
      <if test="cmType != null" >
        CM_TYPE,
      </if>
      <if test="originalValue != null" >
        ORIGINAL_VALUE,
      </if>
      <if test="newValue != null" >
        NEW_VALUE,
      </if>
    </trim>
    <trim prefix="values (" suffix=")" suffixOverrides="," >
      <if test="lorUsTnChngId != null" >
        #{lorUsTnChngId,jdbcType=DECIMAL},
      </if>
      <if test="orderVersion != null" >
        #{orderVersion,jdbcType=VARCHAR},
      </if>
      <if test="orderNumber != null" >
        #{orderNumber,jdbcType=VARCHAR},
      </if>
      <if test="serviceId != null" >
        #{serviceId,jdbcType=DECIMAL},
      </if>
      <if test="serviceType != null" >
        #{serviceType,jdbcType=VARCHAR},
      </if>
      <if test="featureCode != null" >
        #{featureCode,jdbcType=VARCHAR},
      </if>
      <if test="fetInsId != null" >
        #{fetInsId,jdbcType=VARCHAR},
      </if>
      <if test="specCode != null" >
        #{specCode,jdbcType=VARCHAR},
      </if>
      <if test="changeType != null" >
        #{changeType,jdbcType=VARCHAR},
      </if>
      <if test="cmType != null" >
        #{cmType,jdbcType=VARCHAR},
      </if>
      <if test="originalValue != null" >
        #{originalValue,jdbcType=VARCHAR},
      </if>
      <if test="newValue != null" >
        #{newValue,jdbcType=VARCHAR},
      </if>
    </trim>
  </insert>
  <select id="countByExample" parameterType="com.vz.esap.translation.dao.model.TblLorTnChngDetailsExample" resultType="java.lang.Integer" >
    <!--
      WARNING - @mbggenerated
      This element is automatically generated by MyBatis Generator, do not modify.
      This element was generated on Fri Nov 02 16:28:29 IST 2018.
    -->
    select count(*) from TBL_LOR_TN_CHNG_DETAILS
    <if test="_parameter != null" >
      <include refid="Example_Where_Clause" />
    </if>
  </select>
  <update id="updateByExampleSelective" parameterType="map" >
    <!--
      WARNING - @mbggenerated
      This element is automatically generated by MyBatis Generator, do not modify.
      This element was generated on Fri Nov 02 16:28:29 IST 2018.
    -->
    update TBL_LOR_TN_CHNG_DETAILS
    <set >
      <if test="record.lorUsTnChngId != null" >
        LOR_US_TN_CHNG_ID = #{record.lorUsTnChngId,jdbcType=DECIMAL},
      </if>
      <if test="record.orderVersion != null" >
        ORDER_VERSION = #{record.orderVersion,jdbcType=VARCHAR},
      </if>
      <if test="record.orderNumber != null" >
        ORDER_NUMBER = #{record.orderNumber,jdbcType=VARCHAR},
      </if>
      <if test="record.serviceId != null" >
        SERVICE_ID = #{record.serviceId,jdbcType=DECIMAL},
      </if>
      <if test="record.serviceType != null" >
        SERVICE_TYPE = #{record.serviceType,jdbcType=VARCHAR},
      </if>
      <if test="record.featureCode != null" >
        FEATURE_CODE = #{record.featureCode,jdbcType=VARCHAR},
      </if>
      <if test="record.fetInsId != null" >
        FET_INS_ID = #{record.fetInsId,jdbcType=VARCHAR},
      </if>
      <if test="record.specCode != null" >
        SPEC_CODE = #{record.specCode,jdbcType=VARCHAR},
      </if>
      <if test="record.changeType != null" >
        CHANGE_TYPE = #{record.changeType,jdbcType=VARCHAR},
      </if>
      <if test="record.cmType != null" >
        CM_TYPE = #{record.cmType,jdbcType=VARCHAR},
      </if>
      <if test="record.originalValue != null" >
        ORIGINAL_VALUE = #{record.originalValue,jdbcType=VARCHAR},
      </if>
      <if test="record.newValue != null" >
        NEW_VALUE = #{record.newValue,jdbcType=VARCHAR},
      </if>
    </set>
    <if test="_parameter != null" >
      <include refid="Update_By_Example_Where_Clause" />
    </if>
  </update>
  <update id="updateByExample" parameterType="map" >
    <!--
      WARNING - @mbggenerated
      This element is automatically generated by MyBatis Generator, do not modify.
      This element was generated on Fri Nov 02 16:28:29 IST 2018.
    -->
    update TBL_LOR_TN_CHNG_DETAILS
    set LOR_US_TN_CHNG_ID = #{record.lorUsTnChngId,jdbcType=DECIMAL},
      ORDER_VERSION = #{record.orderVersion,jdbcType=VARCHAR},
      ORDER_NUMBER = #{record.orderNumber,jdbcType=VARCHAR},
      SERVICE_ID = #{record.serviceId,jdbcType=DECIMAL},
      SERVICE_TYPE = #{record.serviceType,jdbcType=VARCHAR},
      FEATURE_CODE = #{record.featureCode,jdbcType=VARCHAR},
      FET_INS_ID = #{record.fetInsId,jdbcType=VARCHAR},
      SPEC_CODE = #{record.specCode,jdbcType=VARCHAR},
      CHANGE_TYPE = #{record.changeType,jdbcType=VARCHAR},
      CM_TYPE = #{record.cmType,jdbcType=VARCHAR},
      ORIGINAL_VALUE = #{record.originalValue,jdbcType=VARCHAR},
      NEW_VALUE = #{record.newValue,jdbcType=VARCHAR}
    <if test="_parameter != null" >
      <include refid="Update_By_Example_Where_Clause" />
    </if>
  </update>
  <update id="updateByPrimaryKeySelective" parameterType="com.vz.esap.translation.dao.model.TblLorTnChngDetails" >
    <!--
      WARNING - @mbggenerated
      This element is automatically generated by MyBatis Generator, do not modify.
      This element was generated on Fri Nov 02 16:28:29 IST 2018.
    -->
    update TBL_LOR_TN_CHNG_DETAILS
    <set >
      <if test="orderVersion != null" >
        ORDER_VERSION = #{orderVersion,jdbcType=VARCHAR},
      </if>
      <if test="orderNumber != null" >
        ORDER_NUMBER = #{orderNumber,jdbcType=VARCHAR},
      </if>
      <if test="serviceId != null" >
        SERVICE_ID = #{serviceId,jdbcType=DECIMAL},
      </if>
      <if test="serviceType != null" >
        SERVICE_TYPE = #{serviceType,jdbcType=VARCHAR},
      </if>
      <if test="featureCode != null" >
        FEATURE_CODE = #{featureCode,jdbcType=VARCHAR},
      </if>
      <if test="fetInsId != null" >
        FET_INS_ID = #{fetInsId,jdbcType=VARCHAR},
      </if>
      <if test="specCode != null" >
        SPEC_CODE = #{specCode,jdbcType=VARCHAR},
      </if>
      <if test="changeType != null" >
        CHANGE_TYPE = #{changeType,jdbcType=VARCHAR},
      </if>
      <if test="cmType != null" >
        CM_TYPE = #{cmType,jdbcType=VARCHAR},
      </if>
      <if test="originalValue != null" >
        ORIGINAL_VALUE = #{originalValue,jdbcType=VARCHAR},
      </if>
      <if test="newValue != null" >
        NEW_VALUE = #{newValue,jdbcType=VARCHAR},
      </if>
    </set>
    where LOR_US_TN_CHNG_ID = #{lorUsTnChngId,jdbcType=DECIMAL}
  </update>
  <update id="updateByPrimaryKey" parameterType="com.vz.esap.translation.dao.model.TblLorTnChngDetails" >
    <!--
      WARNING - @mbggenerated
      This element is automatically generated by MyBatis Generator, do not modify.
      This element was generated on Fri Nov 02 16:28:29 IST 2018.
    -->
    update TBL_LOR_TN_CHNG_DETAILS
    set ORDER_VERSION = #{orderVersion,jdbcType=VARCHAR},
      ORDER_NUMBER = #{orderNumber,jdbcType=VARCHAR},
      SERVICE_ID = #{serviceId,jdbcType=DECIMAL},
      SERVICE_TYPE = #{serviceType,jdbcType=VARCHAR},
      FEATURE_CODE = #{featureCode,jdbcType=VARCHAR},
      FET_INS_ID = #{fetInsId,jdbcType=VARCHAR},
      SPEC_CODE = #{specCode,jdbcType=VARCHAR},
      CHANGE_TYPE = #{changeType,jdbcType=VARCHAR},
      CM_TYPE = #{cmType,jdbcType=VARCHAR},
      ORIGINAL_VALUE = #{originalValue,jdbcType=VARCHAR},
      NEW_VALUE = #{newValue,jdbcType=VARCHAR}
    where LOR_US_TN_CHNG_ID = #{lorUsTnChngId,jdbcType=DECIMAL}
  </update>
</mapper>