<?xml version="1.0" encoding="UTF-8" ?>
<!DOCTYPE mapper PUBLIC "-//mybatis.org//DTD Mapper 3.0//EN" "http://mybatis.org/dtd/mybatis-3-mapper.dtd" >
<mapper namespace="com.vz.esap.translation.dao.repository.TblMilestoneOrdersMapper" >
  <resultMap id="BaseResultMap" type="com.vz.esap.translation.dao.model.TblMilestoneOrders" >
    <!--
      WARNING - @mbggenerated
      This element is automatically generated by MyBatis Generator, do not modify.
      This element was generated on Fri Oct 05 11:47:40 CDT 2018.
    -->
    <id column="ORDER_ID" property="orderId" jdbcType="DECIMAL" />
    <id column="WF_SERVICE" property="wfService" jdbcType="VARCHAR" />
    <id column="SEQ_NO" property="seqNo" jdbcType="DECIMAL" />
    <result column="ENV_ORDER_ID" property="envOrderId" jdbcType="DECIMAL" />
    <result column="MILESTONE" property="milestone" jdbcType="DECIMAL" />
    <result column="STATUS" property="status" jdbcType="DECIMAL" />
    <result column="TRANSACTION_ID" property="transactionId" jdbcType="DECIMAL" />
  </resultMap>
  <sql id="Example_Where_Clause" >
    <!--
      WARNING - @mbggenerated
      This element is automatically generated by MyBatis Generator, do not modify.
      This element was generated on Fri Oct 05 11:47:40 CDT 2018.
    -->
    <where >
      <foreach collection="oredCriteria" item="criteria" separator="or" >
        <if test="criteria.valid" >
          <trim prefix="(" suffix=")" prefixOverrides="and" >
            <foreach collection="criteria.criteria" item="criterion" >
              <choose >
                <when test="criterion.noValue" >
                  and ${criterion.condition}
                </when>
                <when test="criterion.singleValue" >
                  and ${criterion.condition} #{criterion.value}
                </when>
                <when test="criterion.betweenValue" >
                  and ${criterion.condition} #{criterion.value} and #{criterion.secondValue}
                </when>
                <when test="criterion.listValue" >
                  and ${criterion.condition}
                  <foreach collection="criterion.value" item="listItem" open="(" close=")" separator="," >
                    #{listItem}
                  </foreach>
                </when>
              </choose>
            </foreach>
          </trim>
        </if>
      </foreach>
    </where>
  </sql>
  <sql id="Update_By_Example_Where_Clause" >
    <!--
      WARNING - @mbggenerated
      This element is automatically generated by MyBatis Generator, do not modify.
      This element was generated on Fri Oct 05 11:47:40 CDT 2018.
    -->
    <where >
      <foreach collection="example.oredCriteria" item="criteria" separator="or" >
        <if test="criteria.valid" >
          <trim prefix="(" suffix=")" prefixOverrides="and" >
            <foreach collection="criteria.criteria" item="criterion" >
              <choose >
                <when test="criterion.noValue" >
                  and ${criterion.condition}
                </when>
                <when test="criterion.singleValue" >
                  and ${criterion.condition} #{criterion.value}
                </when>
                <when test="criterion.betweenValue" >
                  and ${criterion.condition} #{criterion.value} and #{criterion.secondValue}
                </when>
                <when test="criterion.listValue" >
                  and ${criterion.condition}
                  <foreach collection="criterion.value" item="listItem" open="(" close=")" separator="," >
                    #{listItem}
                  </foreach>
                </when>
              </choose>
            </foreach>
          </trim>
        </if>
      </foreach>
    </where>
  </sql>
  <sql id="Base_Column_List" >
    <!--
      WARNING - @mbggenerated
      This element is automatically generated by MyBatis Generator, do not modify.
      This element was generated on Fri Oct 05 11:47:40 CDT 2018.
    -->
    ORDER_ID, WF_SERVICE, SEQ_NO, ENV_ORDER_ID, MILESTONE, STATUS, TRANSACTION_ID
  </sql>
  <select id="selectByExample" resultMap="BaseResultMap" parameterType="com.vz.esap.translation.dao.model.TblMilestoneOrdersExample" >
    <!--
      WARNING - @mbggenerated
      This element is automatically generated by MyBatis Generator, do not modify.
      This element was generated on Fri Oct 05 11:47:40 CDT 2018.
    -->
    select
    <if test="distinct" >
      distinct
    </if>
    <include refid="Base_Column_List" />
    from TBL_ORDER_MILESTONE
    <if test="_parameter != null" >
      <include refid="Example_Where_Clause" />
    </if>
    <if test="orderByClause != null" >
      order by ${orderByClause}
    </if>
  </select>
  <select id="selectByPrimaryKey" resultMap="BaseResultMap" parameterType="map" >
    <!--
      WARNING - @mbggenerated
      This element is automatically generated by MyBatis Generator, do not modify.
      This element was generated on Fri Oct 05 11:47:40 CDT 2018.
    -->
    select 
    <include refid="Base_Column_List" />
    from TBL_ORDER_MILESTONE
    where ORDER_ID = #{orderId,jdbcType=DECIMAL}
      and WF_SERVICE = #{wfService,jdbcType=VARCHAR}
      and SEQ_NO = #{seqNo,jdbcType=DECIMAL}
  </select>
  <delete id="deleteByPrimaryKey" parameterType="map" >
    <!--
      WARNING - @mbggenerated
      This element is automatically generated by MyBatis Generator, do not modify.
      This element was generated on Fri Oct 05 11:47:40 CDT 2018.
    -->
    delete from TBL_ORDER_MILESTONE
    where ORDER_ID = #{orderId,jdbcType=DECIMAL}
      and WF_SERVICE = #{wfService,jdbcType=VARCHAR}
      and SEQ_NO = #{seqNo,jdbcType=DECIMAL}
  </delete>
  <delete id="deleteByExample" parameterType="com.vz.esap.translation.dao.model.TblMilestoneOrdersExample" >
    <!--
      WARNING - @mbggenerated
      This element is automatically generated by MyBatis Generator, do not modify.
      This element was generated on Fri Oct 05 11:47:40 CDT 2018.
    -->
    delete from TBL_ORDER_MILESTONE
    <if test="_parameter != null" >
      <include refid="Example_Where_Clause" />
    </if>
  </delete>
  <insert id="insert" parameterType="com.vz.esap.translation.dao.model.TblMilestoneOrders" >
    <!--
      WARNING - @mbggenerated
      This element is automatically generated by MyBatis Generator, do not modify.
      This element was generated on Fri Oct 05 11:47:40 CDT 2018.
    -->
    insert into TBL_ORDER_MILESTONE (ORDER_ID, WF_SERVICE, SEQ_NO, 
      ENV_ORDER_ID, MILESTONE, STATUS, 
      TRANSACTION_ID)
    values (#{orderId,jdbcType=DECIMAL}, #{wfService,jdbcType=VARCHAR}, #{seqNo,jdbcType=DECIMAL}, 
      #{envOrderId,jdbcType=DECIMAL}, #{milestone,jdbcType=DECIMAL}, #{status,jdbcType=DECIMAL}, 
      #{transactionId,jdbcType=DECIMAL})
  </insert>
  <insert id="insertSelective" parameterType="com.vz.esap.translation.dao.model.TblMilestoneOrders" >
    <!--
      WARNING - @mbggenerated
      This element is automatically generated by MyBatis Generator, do not modify.
      This element was generated on Fri Oct 05 11:47:40 CDT 2018.
    -->
    insert into TBL_ORDER_MILESTONE
    <trim prefix="(" suffix=")" suffixOverrides="," >
      <if test="orderId != null" >
        ORDER_ID,
      </if>
      <if test="wfService != null" >
        WF_SERVICE,
      </if>
      <if test="seqNo != null" >
        SEQ_NO,
      </if>
      <if test="envOrderId != null" >
        ENV_ORDER_ID,
      </if>
      <if test="milestone != null" >
        MILESTONE,
      </if>
      <if test="status != null" >
        STATUS,
      </if>
      <if test="transactionId != null" >
        TRANSACTION_ID,
      </if>
    </trim>
    <trim prefix="values (" suffix=")" suffixOverrides="," >
      <if test="orderId != null" >
        #{orderId,jdbcType=DECIMAL},
      </if>
      <if test="wfService != null" >
        #{wfService,jdbcType=VARCHAR},
      </if>
      <if test="seqNo != null" >
        #{seqNo,jdbcType=DECIMAL},
      </if>
      <if test="envOrderId != null" >
        #{envOrderId,jdbcType=DECIMAL},
      </if>
      <if test="milestone != null" >
        #{milestone,jdbcType=DECIMAL},
      </if>
      <if test="status != null" >
        #{status,jdbcType=DECIMAL},
      </if>
      <if test="transactionId != null" >
        #{transactionId,jdbcType=DECIMAL},
      </if>
    </trim>
  </insert>
  <select id="countByExample" parameterType="com.vz.esap.translation.dao.model.TblMilestoneOrdersExample" resultType="java.lang.Integer" >
    <!--
      WARNING - @mbggenerated
      This element is automatically generated by MyBatis Generator, do not modify.
      This element was generated on Fri Oct 05 11:47:40 CDT 2018.
    -->
    select count(*) from TBL_ORDER_MILESTONE
    <if test="_parameter != null" >
      <include refid="Example_Where_Clause" />
    </if>
  </select>
  <update id="updateByExampleSelective" parameterType="map" >
    <!--
      WARNING - @mbggenerated
      This element is automatically generated by MyBatis Generator, do not modify.
      This element was generated on Fri Oct 05 11:47:40 CDT 2018.
    -->
    update TBL_ORDER_MILESTONE
    <set >
      <if test="record.orderId != null" >
        ORDER_ID = #{record.orderId,jdbcType=DECIMAL},
      </if>
      <if test="record.wfService != null" >
        WF_SERVICE = #{record.wfService,jdbcType=VARCHAR},
      </if>
      <if test="record.seqNo != null" >
        SEQ_NO = #{record.seqNo,jdbcType=DECIMAL},
      </if>
      <if test="record.envOrderId != null" >
        ENV_ORDER_ID = #{record.envOrderId,jdbcType=DECIMAL},
      </if>
      <if test="record.milestone != null" >
        MILESTONE = #{record.milestone,jdbcType=DECIMAL},
      </if>
      <if test="record.status != null" >
        STATUS = #{record.status,jdbcType=DECIMAL},
      </if>
      <if test="record.transactionId != null" >
        TRANSACTION_ID = #{record.transactionId,jdbcType=DECIMAL},
      </if>
    </set>
    <if test="_parameter != null" >
      <include refid="Update_By_Example_Where_Clause" />
    </if>
  </update>
  <update id="updateByExample" parameterType="map" >
    <!--
      WARNING - @mbggenerated
      This element is automatically generated by MyBatis Generator, do not modify.
      This element was generated on Fri Oct 05 11:47:40 CDT 2018.
    -->
    update TBL_ORDER_MILESTONE
    set ORDER_ID = #{record.orderId,jdbcType=DECIMAL},
      WF_SERVICE = #{record.wfService,jdbcType=VARCHAR},
      SEQ_NO = #{record.seqNo,jdbcType=DECIMAL},
      ENV_ORDER_ID = #{record.envOrderId,jdbcType=DECIMAL},
      MILESTONE = #{record.milestone,jdbcType=DECIMAL},
      STATUS = #{record.status,jdbcType=DECIMAL},
      TRANSACTION_ID = #{record.transactionId,jdbcType=DECIMAL}
    <if test="_parameter != null" >
      <include refid="Update_By_Example_Where_Clause" />
    </if>
  </update>
  <update id="updateByPrimaryKeySelective" parameterType="com.vz.esap.translation.dao.model.TblMilestoneOrders" >
    <!--
      WARNING - @mbggenerated
      This element is automatically generated by MyBatis Generator, do not modify.
      This element was generated on Fri Oct 05 11:47:40 CDT 2018.
    -->
    update TBL_ORDER_MILESTONE
    <set >
      <if test="envOrderId != null" >
        ENV_ORDER_ID = #{envOrderId,jdbcType=DECIMAL},
      </if>
      <if test="milestone != null" >
        MILESTONE = #{milestone,jdbcType=DECIMAL},
      </if>
      <if test="status != null" >
        STATUS = #{status,jdbcType=DECIMAL},
      </if>
      <if test="transactionId != null" >
        TRANSACTION_ID = #{transactionId,jdbcType=DECIMAL},
      </if>
    </set>
    where ORDER_ID = #{orderId,jdbcType=DECIMAL}
      and WF_SERVICE = #{wfService,jdbcType=VARCHAR}
      and SEQ_NO = #{seqNo,jdbcType=DECIMAL}
  </update>
  <update id="updateByPrimaryKey" parameterType="com.vz.esap.translation.dao.model.TblMilestoneOrders" >
    <!--
      WARNING - @mbggenerated
      This element is automatically generated by MyBatis Generator, do not modify.
      This element was generated on Fri Oct 05 11:47:40 CDT 2018.
    -->
    update TBL_ORDER_MILESTONE
    set ENV_ORDER_ID = #{envOrderId,jdbcType=DECIMAL},
      MILESTONE = #{milestone,jdbcType=DECIMAL},
      STATUS = #{status,jdbcType=DECIMAL},
      TRANSACTION_ID = #{transactionId,jdbcType=DECIMAL}
    where ORDER_ID = #{orderId,jdbcType=DECIMAL}
      and WF_SERVICE = #{wfService,jdbcType=VARCHAR}
      and SEQ_NO = #{seqNo,jdbcType=DECIMAL}
  </update>
</mapper>