<?xml version="1.0" encoding="UTF-8" ?>
<!DOCTYPE mapper PUBLIC "-//mybatis.org//DTD Mapper 3.0//EN" "http://mybatis.org/dtd/mybatis-3-mapper.dtd" >
<mapper
	namespace="com.vz.esap.translation.dao.repository.CustomTblOrderDetailsMapper">
	<resultMap id="BaseResultMap"
		type="com.vz.esap.translation.dao.model.TblOrderDetails">
		<!-- WARNING - @mbggenerated This element is automatically generated by 
			MyBatis Generator, do not modify. This element was generated on Wed Nov 01 
			18:07:03 IST 2017. -->
		<id column="ORDER_DETAIL_ID" property="orderDetailId" jdbcType="DECIMAL" />
		<result column="ORDER_ID" property="orderId" jdbcType="DECIMAL" />
		<result column="DATA_TYPE" property="dataType" jdbcType="DECIMAL" />
		<result column="SEQ_NO" property="seqNo" jdbcType="DECIMAL" />
		<result column="PARAM_TYPE" property="paramType" jdbcType="VARCHAR" />
		<result column="ACTION" property="action" jdbcType="VARCHAR" />
		<result column="PARAM_NAME" property="paramName" jdbcType="VARCHAR" />
		<result column="PARAM_VALUE" property="paramValue" jdbcType="VARCHAR" />
		<result column="PARENT_ID" property="parentId" jdbcType="DECIMAL" />
		<result column="FLOW_STATUS" property="flowStatus" jdbcType="DECIMAL" />
		<result column="LEAF" property="leaf" jdbcType="DECIMAL" />
	</resultMap>
	<sql id="Example_Where_Clause">
		<!-- WARNING - @mbggenerated This element is automatically generated by 
			MyBatis Generator, do not modify. This element was generated on Wed Nov 01 
			18:07:03 IST 2017. -->
		<where>
			<foreach collection="oredCriteria" item="criteria" separator="or">
				<if test="criteria.valid">
					<trim prefix="(" suffix=")" prefixOverrides="and">
						<foreach collection="criteria.criteria" item="criterion">
							<choose>
								<when test="criterion.noValue">
									and ${criterion.condition}
								</when>
								<when test="criterion.singleValue">
									and ${criterion.condition} #{criterion.value}
								</when>
								<when test="criterion.betweenValue">
									and ${criterion.condition} #{criterion.value}
									and
									#{criterion.secondValue}
								</when>
								<when test="criterion.listValue">
									and ${criterion.condition}
									<foreach collection="criterion.value" item="listItem"
										open="(" close=")" separator=",">
										#{listItem}
									</foreach>
								</when>
							</choose>
						</foreach>
					</trim>
				</if>
			</foreach>
		</where>
	</sql>
	<sql id="Update_By_Example_Where_Clause">
		<!-- WARNING - @mbggenerated This element is automatically generated by 
			MyBatis Generator, do not modify. This element was generated on Wed Nov 01 
			18:07:03 IST 2017. -->
		<where>
			<foreach collection="example.oredCriteria" item="criteria"
				separator="or">
				<if test="criteria.valid">
					<trim prefix="(" suffix=")" prefixOverrides="and">
						<foreach collection="criteria.criteria" item="criterion">
							<choose>
								<when test="criterion.noValue">
									and ${criterion.condition}
								</when>
								<when test="criterion.singleValue">
									and ${criterion.condition} #{criterion.value}
								</when>
								<when test="criterion.betweenValue">
									and ${criterion.condition} #{criterion.value}
									and
									#{criterion.secondValue}
								</when>
								<when test="criterion.listValue">
									and ${criterion.condition}
									<foreach collection="criterion.value" item="listItem"
										open="(" close=")" separator=",">
										#{listItem}
									</foreach>
								</when>
							</choose>
						</foreach>
					</trim>
				</if>
			</foreach>
		</where>
	</sql>
	<sql id="Base_Column_List">
		<!-- WARNING - @mbggenerated This element is automatically generated by 
			MyBatis Generator, do not modify. This element was generated on Wed Nov 01 
			18:07:03 IST 2017. -->
		ORDER_DETAIL_ID, ORDER_ID, DATA_TYPE, SEQ_NO, PARAM_TYPE, ACTION,
		PARAM_NAME, PARAM_VALUE,
		PARENT_ID, FLOW_STATUS, LEAF
	</sql>
	<select id="selectByExample" resultMap="BaseResultMap"
		parameterType="com.vz.esap.translation.dao.model.TblOrderDetailsExample">
		<!-- WARNING - @mbggenerated This element is automatically generated by 
			MyBatis Generator, do not modify. This element was generated on Wed Nov 01 
			18:07:03 IST 2017. -->
		select
		<if test="distinct">
			distinct
		</if>
		<include refid="Base_Column_List" />
		from TBL_ORDER_DETAILS
		<if test="_parameter != null">
			<include refid="Example_Where_Clause" />
		</if>
		<if test="orderByClause != null">
			order by ${orderByClause}
		</if>
	</select>
	<select id="selectByPrimaryKey" resultMap="BaseResultMap"
		parameterType="java.lang.Long">
		<!-- WARNING - @mbggenerated This element is automatically generated by 
			MyBatis Generator, do not modify. This element was generated on Wed Nov 01 
			18:07:03 IST 2017. -->
		select
		<include refid="Base_Column_List" />
		from TBL_ORDER_DETAILS
		where ORDER_DETAIL_ID =
		#{orderDetailId,jdbcType=DECIMAL}
	</select>
	<delete id="deleteByPrimaryKey" parameterType="java.lang.Long">
		<!-- WARNING - @mbggenerated This element is automatically generated by 
			MyBatis Generator, do not modify. This element was generated on Wed Nov 01 
			18:07:03 IST 2017. -->
		delete from TBL_ORDER_DETAILS
		where ORDER_DETAIL_ID =
		#{orderDetailId,jdbcType=DECIMAL}
	</delete>
	<delete id="deleteByExample"
		parameterType="com.vz.esap.translation.dao.model.TblOrderDetailsExample">
		<!-- WARNING - @mbggenerated This element is automatically generated by 
			MyBatis Generator, do not modify. This element was generated on Wed Nov 01 
			18:07:03 IST 2017. -->
		delete from TBL_ORDER_DETAILS
		<if test="_parameter != null">
			<include refid="Example_Where_Clause" />
		</if>
	</delete>
	<insert id="insert" parameterType="com.vz.esap.translation.dao.model.TblOrderDetails">
		<!-- WARNING - @mbggenerated This element is automatically generated by 
			MyBatis Generator, do not modify. This element was generated on Wed Nov 01 
			18:07:03 IST 2017. -->
		insert into TBL_ORDER_DETAILS (ORDER_DETAIL_ID, ORDER_ID, DATA_TYPE,
		SEQ_NO, PARAM_TYPE, ACTION,
		PARAM_NAME, PARAM_VALUE, PARENT_ID,
		FLOW_STATUS, LEAF)
		values (#{orderDetailId,jdbcType=DECIMAL},
		#{orderId,jdbcType=DECIMAL},
		#{dataType,jdbcType=DECIMAL},
		#{seqNo,jdbcType=DECIMAL}, #{paramType,jdbcType=VARCHAR},
		#{action,jdbcType=VARCHAR},
		#{paramName,jdbcType=VARCHAR},
		#{paramValue,jdbcType=VARCHAR},
		#{parentId,jdbcType=DECIMAL},
		#{flowStatus,jdbcType=DECIMAL}, #{leaf,jdbcType=DECIMAL})
	</insert>
	<insert id="insertSelective" parameterType="com.vz.esap.translation.dao.model.TblOrderDetails">
		<!-- WARNING - @mbggenerated This element is automatically generated by 
			MyBatis Generator, do not modify. This element was generated on Wed Nov 01 
			18:07:03 IST 2017. -->
		insert into TBL_ORDER_DETAILS
		<trim prefix="(" suffix=")" suffixOverrides=",">
			<if test="orderDetailId != null">
				ORDER_DETAIL_ID,
			</if>
			<if test="orderId != null">
				ORDER_ID,
			</if>
			<if test="dataType != null">
				DATA_TYPE,
			</if>
			<if test="seqNo != null">
				SEQ_NO,
			</if>
			<if test="paramType != null">
				PARAM_TYPE,
			</if>
			<if test="action != null">
				ACTION,
			</if>
			<if test="paramName != null">
				PARAM_NAME,
			</if>
			<if test="paramValue != null">
				PARAM_VALUE,
			</if>
			<if test="parentId != null">
				PARENT_ID,
			</if>
			<if test="flowStatus != null">
				FLOW_STATUS,
			</if>
			<if test="leaf != null">
				LEAF,
			</if>
		</trim>
		<trim prefix="values (" suffix=")" suffixOverrides=",">
			<if test="orderDetailId != null">
				#{orderDetailId,jdbcType=DECIMAL},
			</if>
			<if test="orderId != null">
				#{orderId,jdbcType=DECIMAL},
			</if>
			<if test="dataType != null">
				#{dataType,jdbcType=DECIMAL},
			</if>
			<if test="seqNo != null">
				#{seqNo,jdbcType=DECIMAL},
			</if>
			<if test="paramType != null">
				#{paramType,jdbcType=VARCHAR},
			</if>
			<if test="action != null">
				#{action,jdbcType=VARCHAR},
			</if>
			<if test="paramName != null">
				#{paramName,jdbcType=VARCHAR},
			</if>
			<if test="paramValue != null">
				#{paramValue,jdbcType=VARCHAR},
			</if>
			<if test="parentId != null">
				#{parentId,jdbcType=DECIMAL},
			</if>
			<if test="flowStatus != null">
				#{flowStatus,jdbcType=DECIMAL},
			</if>
			<if test="leaf != null">
				#{leaf,jdbcType=DECIMAL},
			</if>
		</trim>
	</insert>
	<select id="countByExample"
		parameterType="com.vz.esap.translation.dao.model.TblOrderDetailsExample"
		resultType="java.lang.Integer">
		<!-- WARNING - @mbggenerated This element is automatically generated by 
			MyBatis Generator, do not modify. This element was generated on Wed Nov 01 
			18:07:03 IST 2017. -->
		select count(*) from TBL_ORDER_DETAILS
		<if test="_parameter != null">
			<include refid="Example_Where_Clause" />
		</if>
	</select>
	<update id="updateByExampleSelective" parameterType="map">
		<!-- WARNING - @mbggenerated This element is automatically generated by 
			MyBatis Generator, do not modify. This element was generated on Wed Nov 01 
			18:07:03 IST 2017. -->
		update TBL_ORDER_DETAILS
		<set>
			<if test="record.orderDetailId != null">
				ORDER_DETAIL_ID =
				#{record.orderDetailId,jdbcType=DECIMAL},
			</if>
			<if test="record.orderId != null">
				ORDER_ID = #{record.orderId,jdbcType=DECIMAL},
			</if>
			<if test="record.dataType != null">
				DATA_TYPE = #{record.dataType,jdbcType=DECIMAL},
			</if>
			<if test="record.seqNo != null">
				SEQ_NO = #{record.seqNo,jdbcType=DECIMAL},
			</if>
			<if test="record.paramType != null">
				PARAM_TYPE = #{record.paramType,jdbcType=VARCHAR},
			</if>
			<if test="record.action != null">
				ACTION = #{record.action,jdbcType=VARCHAR},
			</if>
			<if test="record.paramName != null">
				PARAM_NAME = #{record.paramName,jdbcType=VARCHAR},
			</if>
			<if test="record.paramValue != null">
				PARAM_VALUE = #{record.paramValue,jdbcType=VARCHAR},
			</if>
			<if test="record.parentId != null">
				PARENT_ID = #{record.parentId,jdbcType=DECIMAL},
			</if>
			<if test="record.flowStatus != null">
				FLOW_STATUS = #{record.flowStatus,jdbcType=DECIMAL},
			</if>
			<if test="record.leaf != null">
				LEAF = #{record.leaf,jdbcType=DECIMAL},
			</if>
		</set>
		<if test="_parameter != null">
			<include refid="Update_By_Example_Where_Clause" />
		</if>
	</update>
	<update id="updateByExample" parameterType="map">
		<!-- WARNING - @mbggenerated This element is automatically generated by 
			MyBatis Generator, do not modify. This element was generated on Wed Nov 01 
			18:07:03 IST 2017. -->
		update TBL_ORDER_DETAILS
		set ORDER_DETAIL_ID =
		#{record.orderDetailId,jdbcType=DECIMAL},
		ORDER_ID =
		#{record.orderId,jdbcType=DECIMAL},
		DATA_TYPE =
		#{record.dataType,jdbcType=DECIMAL},
		SEQ_NO =
		#{record.seqNo,jdbcType=DECIMAL},
		PARAM_TYPE =
		#{record.paramType,jdbcType=VARCHAR},
		ACTION =
		#{record.action,jdbcType=VARCHAR},
		PARAM_NAME =
		#{record.paramName,jdbcType=VARCHAR},
		PARAM_VALUE =
		#{record.paramValue,jdbcType=VARCHAR},
		PARENT_ID =
		#{record.parentId,jdbcType=DECIMAL},
		FLOW_STATUS =
		#{record.flowStatus,jdbcType=DECIMAL},
		LEAF =
		#{record.leaf,jdbcType=DECIMAL}
		<if test="_parameter != null">
			<include refid="Update_By_Example_Where_Clause" />
		</if>
	</update>
	<update id="updateByPrimaryKeySelective" parameterType="com.vz.esap.translation.dao.model.TblOrderDetails">
		<!-- WARNING - @mbggenerated This element is automatically generated by 
			MyBatis Generator, do not modify. This element was generated on Wed Nov 01 
			18:07:03 IST 2017. -->
		update TBL_ORDER_DETAILS
		<set>
			<if test="orderId != null">
				ORDER_ID = #{orderId,jdbcType=DECIMAL},
			</if>
			<if test="dataType != null">
				DATA_TYPE = #{dataType,jdbcType=DECIMAL},
			</if>
			<if test="seqNo != null">
				SEQ_NO = #{seqNo,jdbcType=DECIMAL},
			</if>
			<if test="paramType != null">
				PARAM_TYPE = #{paramType,jdbcType=VARCHAR},
			</if>
			<if test="action != null">
				ACTION = #{action,jdbcType=VARCHAR},
			</if>
			<if test="paramName != null">
				PARAM_NAME = #{paramName,jdbcType=VARCHAR},
			</if>
			<if test="paramValue != null">
				PARAM_VALUE = #{paramValue,jdbcType=VARCHAR},
			</if>
			<if test="parentId != null">
				PARENT_ID = #{parentId,jdbcType=DECIMAL},
			</if>
			<if test="flowStatus != null">
				FLOW_STATUS = #{flowStatus,jdbcType=DECIMAL},
			</if>
			<if test="leaf != null">
				LEAF = #{leaf,jdbcType=DECIMAL},
			</if>
		</set>
		where ORDER_DETAIL_ID = #{orderDetailId,jdbcType=DECIMAL}
	</update>
	<update id="updateByPrimaryKey" parameterType="com.vz.esap.translation.dao.model.TblOrderDetails">
		<!-- WARNING - @mbggenerated This element is automatically generated by 
			MyBatis Generator, do not modify. This element was generated on Wed Nov 01 
			18:07:03 IST 2017. -->
		update TBL_ORDER_DETAILS
		set ORDER_ID = #{orderId,jdbcType=DECIMAL},
		DATA_TYPE = #{dataType,jdbcType=DECIMAL},
		SEQ_NO =
		#{seqNo,jdbcType=DECIMAL},
		PARAM_TYPE = #{paramType,jdbcType=VARCHAR},
		ACTION = #{action,jdbcType=VARCHAR},
		PARAM_NAME =
		#{paramName,jdbcType=VARCHAR},
		PARAM_VALUE =
		#{paramValue,jdbcType=VARCHAR},
		PARENT_ID =
		#{parentId,jdbcType=DECIMAL},
		FLOW_STATUS =
		#{flowStatus,jdbcType=DECIMAL},
		LEAF = #{leaf,jdbcType=DECIMAL}
		where
		ORDER_DETAIL_ID = #{orderDetailId,jdbcType=DECIMAL}
	</update>


	<!-- Custom SQLs here -->

	<insert id="insertOrderDetail" parameterType="com.vz.esap.translation.dao.model.TblOrderDetails">
		insert into
		TBL_ORDER_DETAILS (ORDER_DETAIL_ID, ORDER_ID,
		SEQ_NO, PARAM_TYPE,
		ACTION,
		PARAM_NAME, PARAM_VALUE, PARENT_ID,
		FLOW_STATUS, LEAF)
		values
		(#{orderDetailId,jdbcType=DECIMAL}, #{orderId,jdbcType=DECIMAL},
		#{seqNo,jdbcType=DECIMAL}, #{paramType,jdbcType=VARCHAR},
		#{action,jdbcType=VARCHAR},
		#{paramName,jdbcType=VARCHAR},
		#{paramValue,jdbcType=VARCHAR}, #{parentId,jdbcType=DECIMAL},
		#{flowStatus,jdbcType=DECIMAL}, #{leaf,jdbcType=DECIMAL})
	</insert>
	<select id="getOrdDtlIdNextVal" parameterType="map" resultType="java.lang.Long">
		SELECT order_detail_id_seq.nextval FROM DUAL
	</select>
	<select id="getTblOrderDetailsEntities" parameterType="com.vz.esap.translation.dao.model.TblOrderDetails"
		resultMap="BaseResultMap">
		SELECT
		<include refid="Base_Column_List" />
		FROM TBL_ORDER_DETAILS WHERE 0=0 AND ORDER_ID =
		#{orderId,jdbcType=DECIMAL}
		AND UPPER(PARAM_NAME) IN ('ENTERPRISE','LOCATION', 'GROUP','DEVICE','ENTERPRISETRUNK','SONUSNBS') ORDER BY ORDER_DETAIL_ID
	</select>
	<!-- <select id="getTblOrderDetailsEntities" parameterType="com.vz.esap.translation.dao.model.TblOrderDetails"
		resultMap="BaseResultMap">
		SELECT
		<include refid="Base_Column_List" />
		FROM TBL_ORDER_DETAILS WHERE 0=0 AND ORDER_ID =
		#{orderId,jdbcType=DECIMAL}
		AND UPPER(PARAM_NAME) IN ('ENTERPRISE',
		'LOCATION', 'CPEGATEWAYDEVICE',
		'PBXGROUP', 'KEYGROUP', 'ETTN',
		'TRUNKTN', 'SUBSCRIBER', 'RESERVETN',
		'ENTERPRISETRUNK','EBI', 'ETEBI',
		'IPTERM', 'VILOTN') ORDER BY
		ORDER_DETAIL_ID
	</select>-->
	<select id="getOrderDetailsForDefiniteActionAndParentId"
		resultMap="BaseResultMap" parameterType="com.vz.esap.translation.dao.model.TblOrderDetails">
		SELECT
		<include refid="Base_Column_List" />
		FROM TBL_ORDER_DETAILS WHERE order_id = #{orderId,jdbcType=DECIMAL}
		AND ( action in (#{action,jdbcType=VARCHAR}, 'c') OR (param_type like
		'%,3,%' AND
		action='r' AND (parent_id = #{parentId,jdbcType=DECIMAL} OR
		EXISTS
		(SELECT 1 FROM tbl_order_details d2 WHERE
		d2.order_id=#{orderId,jdbcType=DECIMAL} AND
		d2.order_detail_id=tbl_order_details.parent_id AND (d2.param_type like
		'%,3,%' OR d2.action!='r'))))) AND action in
		(#{action,jdbcType=VARCHAR}, 'r', 'c') CONNECT BY (prior
		order_detail_id=parent_id AND order_id=#{orderId,jdbcType=DECIMAL})
		START WITH (order_id=#{orderId,jdbcType=DECIMAL} AND parent_id=
		#{parentId,jdbcType=DECIMAL} ) ORDER SIBLINGS BY order_detail_id
	</select>
	<select id="getTblOrderDetailsTNEntities" parameterType="com.vz.esap.translation.dao.model.TblOrderDetails"
		resultMap="BaseResultMap">
		SELECT
		<include refid="Base_Column_List" />
		FROM TBL_ORDER_DETAILS WHERE 0=0 AND ORDER_ID =
		#{orderId,jdbcType=DECIMAL}
		AND UPPER(PARAM_NAME) =  'TRUNKTN' ORDER BY ORDER_DETAIL_ID
	</select>
	<select id="getOrderDetailParam" parameterType="map"
		resultMap="BaseResultMap">
		SELECT
		<include refid="Base_Column_List" />
		FROM TBL_ORDER_DETAILS where 0=0 AND ORDER_ID = #{prevOrderId}
		AND UPPER(PARAM_NAME) = #{param_name}
	</select>
	<select id="getTblOrderDetailsForOrder" parameterType="map"
		resultMap="BaseResultMap">
		SELECT
		<include refid="Base_Column_List" />
		FROM TBL_ORDER_DETAILS where 0=0 AND ORDER_ID = #{orderId}
		ORDER BY ORDER_DETAIL_ID
	</select>
	
	
	<select id="getOrderDetailsForNoActionAndParentId"
		resultMap="BaseResultMap" parameterType="com.vz.esap.translation.dao.model.TblOrderDetails">
		SELECT
		<include refid="Base_Column_List" />
		FROM TBL_ORDER_DETAILS WHERE order_id = #{orderId,jdbcType=DECIMAL}
		AND ( action in ('n', 'o', 'r', 'c') OR (param_type like
		'%,3,%' AND
		action='r' AND (parent_id = #{parentId,jdbcType=DECIMAL} OR
		EXISTS
		(SELECT 1 FROM tbl_order_details d2 WHERE
		d2.order_id=#{orderId,jdbcType=DECIMAL} AND
		d2.order_detail_id=tbl_order_details.parent_id AND (d2.param_type like
		'%,3,%' OR d2.action!='r'))))) AND action in
		('n', 'o', 'r', 'c') CONNECT BY (prior
		order_detail_id=parent_id AND order_id=#{orderId,jdbcType=DECIMAL})
		START WITH (order_id=#{orderId,jdbcType=DECIMAL} AND parent_id=
		#{parentId,jdbcType=DECIMAL} ) ORDER SIBLINGS BY order_detail_id
	</select>
	
</mapper>