<?xml version="1.0" encoding="UTF-8" ?>
<!DOCTYPE mapper PUBLIC "-//mybatis.org//DTD Mapper 3.0//EN" "http://mybatis.org/dtd/mybatis-3-mapper.dtd" >
<mapper namespace="com.vz.esap.translation.dao.repository.CustomTblOrderMapper">
	<resultMap id="BaseResultMap" type="com.vz.esap.translation.dao.model.TblOrder">
		<!-- WARNING - @mbggenerated This element is automatically generated by 
			MyBatis Generator, do not modify. This element was generated on Tue Oct 31 
			18:59:58 IST 2017. -->
		<id column="ORDER_ID" property="orderId" jdbcType="DECIMAL" />
		<result column="ENV_ORDER_ID" property="envOrderId" jdbcType="DECIMAL" />
		<result column="PREV_PASS_ORDER_ID" property="prevPassOrderId"
			jdbcType="DECIMAL" />
		<result column="DEST_SYSTEM" property="destSystem" jdbcType="VARCHAR" />
		<result column="APPTYPE_ID" property="apptypeId" jdbcType="DECIMAL" />
		<result column="ORDER_STATUS" property="orderStatus" jdbcType="DECIMAL" />
		<result column="PREV_ORDER_STATUS" property="prevOrderStatus"
			jdbcType="DECIMAL" />
		<result column="DUE_DATE" property="dueDate" jdbcType="TIMESTAMP" />
		<result column="WORK_GROUP" property="workGroup" jdbcType="VARCHAR" />
		<result column="PRIORITY" property="priority" jdbcType="DECIMAL" />
		<result column="RECVD_DATE" property="recvdDate" jdbcType="TIMESTAMP" />
		<result column="SOURCE_SYSTEM" property="sourceSystem"
			jdbcType="VARCHAR" />
		<result column="SOURCE_SERVICE" property="sourceService"
			jdbcType="VARCHAR" />
		<result column="MANUAL_ORDER" property="manualOrder" jdbcType="CHAR" />
		<result column="COMPLETED_DATE" property="completedDate"
			jdbcType="TIMESTAMP" />
		<result column="FAILED_DATE" property="failedDate" jdbcType="TIMESTAMP" />
		<result column="VZ_ID" property="vzId" jdbcType="VARCHAR" />
		<result column="RESPONSE_REQD" property="responseReqd"
			jdbcType="DECIMAL" />
		<result column="START_DATE" property="startDate" jdbcType="TIMESTAMP" />
		<result column="UPDATED_DATE" property="updatedDate" jdbcType="TIMESTAMP" />
		<result column="UPSTREAM_WO_ID" property="upstreamWoId"
			jdbcType="VARCHAR" />
		<result column="UPSTREAM_FLOW_ID" property="upstreamFlowId"
			jdbcType="VARCHAR" />
		<result column="UPSTREAM_TASK_ID" property="upstreamTaskId"
			jdbcType="DECIMAL" />
		<result column="TDN" property="tdn" jdbcType="VARCHAR" />
		<result column="NPA" property="npa" jdbcType="VARCHAR" />
		<result column="CLLI" property="clli" jdbcType="VARCHAR" />
		<result column="TIMEZONE_OFFSET" property="timezoneOffset"
			jdbcType="DECIMAL" />
		<result column="CATALOG" property="catalog" jdbcType="VARCHAR" />
		<result column="WIRE_CENTER" property="wireCenter" jdbcType="DECIMAL" />
		<result column="PARENT_ORDER" property="parentOrder" jdbcType="DECIMAL" />
		<result column="TRANSLATOR_ID" property="translatorId"
			jdbcType="VARCHAR" />
		<result column="LOCKED_FROM_STATUS" property="lockedFromStatus"
			jdbcType="DECIMAL" />
		<result column="LOCKED_BY_VZ_ID" property="lockedByVzId"
			jdbcType="VARCHAR" />
		<result column="RETURN_STATUS" property="returnStatus"
			jdbcType="DECIMAL" />
		<result column="COS" property="cos" jdbcType="VARCHAR" />
		<result column="ACCOUNT_NUMBER" property="accountNumber"
			jdbcType="VARCHAR" />
		<result column="TRANSACTION_NUMBER" property="transactionNumber"
			jdbcType="VARCHAR" />
		<result column="VERSION_NO" property="versionNo" jdbcType="VARCHAR" />
		<result column="FLOW_PATH" property="flowPath" jdbcType="CHAR" />
		<result column="ORDER_TYPE" property="orderType" jdbcType="CHAR" />
		<result column="MINOR_ORDER_TYPE" property="minorOrderType"
			jdbcType="CHAR" />
		<result column="SOACS_CODE" property="soacsCode" jdbcType="DECIMAL" />
		<result column="ACTION" property="action" jdbcType="CHAR" />
		<result column="APS_STATE" property="apsState" jdbcType="DECIMAL" />
		<result column="EXK" property="exk" jdbcType="VARCHAR" />
		<result column="PROJECT_ID" property="projectId" jdbcType="VARCHAR" />
		<result column="ERROR_CODE" property="errorCode" jdbcType="VARCHAR" />
		<result column="ESAP_CLUSTER" property="esapCluster" jdbcType="VARCHAR" />
	</resultMap>
	<sql id="Example_Where_Clause">
		<!-- WARNING - @mbggenerated This element is automatically generated by 
			MyBatis Generator, do not modify. This element was generated on Tue Oct 31 
			18:59:58 IST 2017. -->
		<where>
			<foreach collection="oredCriteria" item="criteria" separator="or">
				<if test="criteria.valid">
					<trim prefix="(" suffix=")" prefixOverrides="and">
						<foreach collection="criteria.criteria" item="criterion">
							<choose>
								<when test="criterion.noValue">
									and ${criterion.condition}
								</when>
								<when test="criterion.singleValue">
									and ${criterion.condition} #{criterion.value}
								</when>
								<when test="criterion.betweenValue">
									and ${criterion.condition} #{criterion.value} and
									#{criterion.secondValue}
								</when>
								<when test="criterion.listValue">
									and ${criterion.condition}
									<foreach collection="criterion.value" item="listItem"
										open="(" close=")" separator=",">
										#{listItem}
									</foreach>
								</when>
							</choose>
						</foreach>
					</trim>
				</if>
			</foreach>
		</where>
	</sql>
	<sql id="Update_By_Example_Where_Clause">
		<!-- WARNING - @mbggenerated This element is automatically generated by 
			MyBatis Generator, do not modify. This element was generated on Tue Oct 31 
			18:59:58 IST 2017. -->
		<where>
			<foreach collection="example.oredCriteria" item="criteria"
				separator="or">
				<if test="criteria.valid">
					<trim prefix="(" suffix=")" prefixOverrides="and">
						<foreach collection="criteria.criteria" item="criterion">
							<choose>
								<when test="criterion.noValue">
									and ${criterion.condition}
								</when>
								<when test="criterion.singleValue">
									and ${criterion.condition} #{criterion.value}
								</when>
								<when test="criterion.betweenValue">
									and ${criterion.condition} #{criterion.value} and
									#{criterion.secondValue}
								</when>
								<when test="criterion.listValue">
									and ${criterion.condition}
									<foreach collection="criterion.value" item="listItem"
										open="(" close=")" separator=",">
										#{listItem}
									</foreach>
								</when>
							</choose>
						</foreach>
					</trim>
				</if>
			</foreach>
		</where>
	</sql>
	<sql id="Base_Column_List">
		<!-- WARNING - @mbggenerated This element is automatically generated by 
			MyBatis Generator, do not modify. This element was generated on Tue Oct 31 
			18:59:58 IST 2017. -->
		ORDER_ID, ENV_ORDER_ID, PREV_PASS_ORDER_ID, DEST_SYSTEM, APPTYPE_ID,
		ORDER_STATUS,
		PREV_ORDER_STATUS, DUE_DATE, WORK_GROUP, PRIORITY, RECVD_DATE, SOURCE_SYSTEM,
		SOURCE_SERVICE,
		MANUAL_ORDER, COMPLETED_DATE, FAILED_DATE, VZ_ID, RESPONSE_REQD, START_DATE,
		UPDATED_DATE,
		UPSTREAM_WO_ID, UPSTREAM_FLOW_ID, UPSTREAM_TASK_ID, TDN, NPA, CLLI, TIMEZONE_OFFSET,
		CATALOG, WIRE_CENTER, PARENT_ORDER, TRANSLATOR_ID, LOCKED_FROM_STATUS,
		LOCKED_BY_VZ_ID,
		RETURN_STATUS, COS, ACCOUNT_NUMBER, TRANSACTION_NUMBER, VERSION_NO, FLOW_PATH,
		ORDER_TYPE,
		MINOR_ORDER_TYPE, SOACS_CODE, ACTION, APS_STATE, EXK, PROJECT_ID, ERROR_CODE,
		ESAP_CLUSTER
	</sql>
	<select id="selectByExample" resultMap="BaseResultMap"
		parameterType="com.vz.esap.translation.dao.model.TblOrderExample">
		<!-- WARNING - @mbggenerated This element is automatically generated by 
			MyBatis Generator, do not modify. This element was generated on Tue Oct 31 
			18:59:58 IST 2017. -->
		select
		<if test="distinct">
			distinct
		</if>
		<include refid="Base_Column_List" />
		from TBL_ORDER
		<if test="_parameter != null">
			<include refid="Example_Where_Clause" />
		</if>
		<if test="orderByClause != null">
			order by ${orderByClause}
		</if>
	</select>
	<select id="selectByPrimaryKey" resultMap="BaseResultMap"
		parameterType="java.lang.Long">
		<!-- WARNING - @mbggenerated This element is automatically generated by 
			MyBatis Generator, do not modify. This element was generated on Tue Oct 31 
			18:59:58 IST 2017. -->
		select
		<include refid="Base_Column_List" />
		from TBL_ORDER
		where ORDER_ID = #{orderId,jdbcType=DECIMAL}
	</select>
	<delete id="deleteByPrimaryKey" parameterType="java.lang.Long">
		<!-- WARNING - @mbggenerated This element is automatically generated by 
			MyBatis Generator, do not modify. This element was generated on Tue Oct 31 
			18:59:58 IST 2017. -->
		delete from TBL_ORDER
		where ORDER_ID = #{orderId,jdbcType=DECIMAL}
	</delete>
	<delete id="deleteByExample" parameterType="com.vz.esap.translation.dao.model.TblOrderExample">
		<!-- WARNING - @mbggenerated This element is automatically generated by 
			MyBatis Generator, do not modify. This element was generated on Tue Oct 31 
			18:59:58 IST 2017. -->
		delete from TBL_ORDER
		<if test="_parameter != null">
			<include refid="Example_Where_Clause" />
		</if>
	</delete>
	<insert id="insert" parameterType="com.vz.esap.translation.dao.model.TblOrder">
		<!-- WARNING - @mbggenerated This element is automatically generated by 
			MyBatis Generator, do not modify. This element was generated on Tue Oct 31 
			18:59:58 IST 2017. -->
		insert into TBL_ORDER (ORDER_ID, ENV_ORDER_ID, PREV_PASS_ORDER_ID,
		DEST_SYSTEM, APPTYPE_ID, ORDER_STATUS,
		PREV_ORDER_STATUS, DUE_DATE, WORK_GROUP,
		PRIORITY, RECVD_DATE, SOURCE_SYSTEM,
		SOURCE_SERVICE, MANUAL_ORDER, COMPLETED_DATE,
		FAILED_DATE, VZ_ID, RESPONSE_REQD,
		START_DATE, UPDATED_DATE, UPSTREAM_WO_ID,
		UPSTREAM_FLOW_ID, UPSTREAM_TASK_ID, TDN,
		NPA, CLLI, TIMEZONE_OFFSET,
		CATALOG, WIRE_CENTER, PARENT_ORDER,
		TRANSLATOR_ID, LOCKED_FROM_STATUS, LOCKED_BY_VZ_ID,
		RETURN_STATUS, COS, ACCOUNT_NUMBER,
		TRANSACTION_NUMBER, VERSION_NO, FLOW_PATH,
		ORDER_TYPE, MINOR_ORDER_TYPE, SOACS_CODE,
		ACTION, APS_STATE, EXK,
		PROJECT_ID, ERROR_CODE, ESAP_CLUSTER
		)
		values (#{orderId,jdbcType=DECIMAL}, #{envOrderId,jdbcType=DECIMAL},
		#{prevPassOrderId,jdbcType=DECIMAL},
		#{destSystem,jdbcType=VARCHAR}, #{apptypeId,jdbcType=DECIMAL}, #{orderStatus,jdbcType=DECIMAL},
		#{prevOrderStatus,jdbcType=DECIMAL}, #{dueDate,jdbcType=TIMESTAMP},
		#{workGroup,jdbcType=VARCHAR},
		#{priority,jdbcType=DECIMAL}, #{recvdDate,jdbcType=TIMESTAMP}, #{sourceSystem,jdbcType=VARCHAR},
		#{sourceService,jdbcType=VARCHAR}, #{manualOrder,jdbcType=CHAR},
		#{completedDate,jdbcType=TIMESTAMP},
		#{failedDate,jdbcType=TIMESTAMP}, #{vzId,jdbcType=VARCHAR}, #{responseReqd,jdbcType=DECIMAL},
		#{startDate,jdbcType=TIMESTAMP}, #{updatedDate,jdbcType=TIMESTAMP},
		#{upstreamWoId,jdbcType=VARCHAR},
		#{upstreamFlowId,jdbcType=VARCHAR}, #{upstreamTaskId,jdbcType=DECIMAL}, #{tdn,jdbcType=VARCHAR},
		#{npa,jdbcType=VARCHAR}, #{clli,jdbcType=VARCHAR},
		#{timezoneOffset,jdbcType=DECIMAL},
		#{catalog,jdbcType=VARCHAR}, #{wireCenter,jdbcType=DECIMAL}, #{parentOrder,jdbcType=DECIMAL},
		#{translatorId,jdbcType=VARCHAR},
		#{lockedFromStatus,jdbcType=DECIMAL},
		#{lockedByVzId,jdbcType=VARCHAR},
		#{returnStatus,jdbcType=DECIMAL}, #{cos,jdbcType=VARCHAR}, #{accountNumber,jdbcType=VARCHAR},
		#{transactionNumber,jdbcType=VARCHAR}, #{versionNo,jdbcType=VARCHAR},
		#{flowPath,jdbcType=CHAR},
		#{orderType,jdbcType=CHAR}, #{minorOrderType,jdbcType=CHAR}, #{soacsCode,jdbcType=DECIMAL},
		#{action,jdbcType=CHAR}, #{apsState,jdbcType=DECIMAL},
		#{exk,jdbcType=VARCHAR},
		#{projectId,jdbcType=VARCHAR}, #{errorCode,jdbcType=VARCHAR}, #{esapCluster,jdbcType=VARCHAR}
		)
	</insert>
	<insert id="insertSelective" parameterType="com.vz.esap.translation.dao.model.TblOrder">
		<!-- WARNING - @mbggenerated This element is automatically generated by 
			MyBatis Generator, do not modify. This element was generated on Tue Oct 31 
			18:59:58 IST 2017. -->
		insert into TBL_ORDER
		<trim prefix="(" suffix=")" suffixOverrides=",">
			<if test="orderId != null">
				ORDER_ID,
			</if>
			<if test="envOrderId != null">
				ENV_ORDER_ID,
			</if>
			<if test="prevPassOrderId != null">
				PREV_PASS_ORDER_ID,
			</if>
			<if test="destSystem != null">
				DEST_SYSTEM,
			</if>
			<if test="apptypeId != null">
				APPTYPE_ID,
			</if>
			<if test="orderStatus != null">
				ORDER_STATUS,
			</if>
			<if test="prevOrderStatus != null">
				PREV_ORDER_STATUS,
			</if>
			<if test="dueDate != null">
				DUE_DATE,
			</if>
			<if test="workGroup != null">
				WORK_GROUP,
			</if>
			<if test="priority != null">
				PRIORITY,
			</if>
			<if test="recvdDate != null">
				RECVD_DATE,
			</if>
			<if test="sourceSystem != null">
				SOURCE_SYSTEM,
			</if>
			<if test="sourceService != null">
				SOURCE_SERVICE,
			</if>
			<if test="manualOrder != null">
				MANUAL_ORDER,
			</if>
			<if test="completedDate != null">
				COMPLETED_DATE,
			</if>
			<if test="failedDate != null">
				FAILED_DATE,
			</if>
			<if test="vzId != null">
				VZ_ID,
			</if>
			<if test="responseReqd != null">
				RESPONSE_REQD,
			</if>
			<if test="startDate != null">
				START_DATE,
			</if>
			<if test="updatedDate != null">
				UPDATED_DATE,
			</if>
			<if test="upstreamWoId != null">
				UPSTREAM_WO_ID,
			</if>
			<if test="upstreamFlowId != null">
				UPSTREAM_FLOW_ID,
			</if>
			<if test="upstreamTaskId != null">
				UPSTREAM_TASK_ID,
			</if>
			<if test="tdn != null">
				TDN,
			</if>
			<if test="npa != null">
				NPA,
			</if>
			<if test="clli != null">
				CLLI,
			</if>
			<if test="timezoneOffset != null">
				TIMEZONE_OFFSET,
			</if>
			<if test="catalog != null">
				CATALOG,
			</if>
			<if test="wireCenter != null">
				WIRE_CENTER,
			</if>
			<if test="parentOrder != null">
				PARENT_ORDER,
			</if>
			<if test="translatorId != null">
				TRANSLATOR_ID,
			</if>
			<if test="lockedFromStatus != null">
				LOCKED_FROM_STATUS,
			</if>
			<if test="lockedByVzId != null">
				LOCKED_BY_VZ_ID,
			</if>
			<if test="returnStatus != null">
				RETURN_STATUS,
			</if>
			<if test="cos != null">
				COS,
			</if>
			<if test="accountNumber != null">
				ACCOUNT_NUMBER,
			</if>
			<if test="transactionNumber != null">
				TRANSACTION_NUMBER,
			</if>
			<if test="versionNo != null">
				VERSION_NO,
			</if>
			<if test="flowPath != null">
				FLOW_PATH,
			</if>
			<if test="orderType != null">
				ORDER_TYPE,
			</if>
			<if test="minorOrderType != null">
				MINOR_ORDER_TYPE,
			</if>
			<if test="soacsCode != null">
				SOACS_CODE,
			</if>
			<if test="action != null">
				ACTION,
			</if>
			<if test="apsState != null">
				APS_STATE,
			</if>
			<if test="exk != null">
				EXK,
			</if>
			<if test="projectId != null">
				PROJECT_ID,
			</if>
			<if test="errorCode != null">
				ERROR_CODE,
			</if>
			<if test="esapCluster != null">
				ESAP_CLUSTER,
			</if>
		</trim>
		<trim prefix="values (" suffix=")" suffixOverrides=",">
			<if test="orderId != null">
				#{orderId,jdbcType=DECIMAL},
			</if>
			<if test="envOrderId != null">
				#{envOrderId,jdbcType=DECIMAL},
			</if>
			<if test="prevPassOrderId != null">
				#{prevPassOrderId,jdbcType=DECIMAL},
			</if>
			<if test="destSystem != null">
				#{destSystem,jdbcType=VARCHAR},
			</if>
			<if test="apptypeId != null">
				#{apptypeId,jdbcType=DECIMAL},
			</if>
			<if test="orderStatus != null">
				#{orderStatus,jdbcType=DECIMAL},
			</if>
			<if test="prevOrderStatus != null">
				#{prevOrderStatus,jdbcType=DECIMAL},
			</if>
			<if test="dueDate != null">
				#{dueDate,jdbcType=TIMESTAMP},
			</if>
			<if test="workGroup != null">
				#{workGroup,jdbcType=VARCHAR},
			</if>
			<if test="priority != null">
				#{priority,jdbcType=DECIMAL},
			</if>
			<if test="recvdDate != null">
				#{recvdDate,jdbcType=TIMESTAMP},
			</if>
			<if test="sourceSystem != null">
				#{sourceSystem,jdbcType=VARCHAR},
			</if>
			<if test="sourceService != null">
				#{sourceService,jdbcType=VARCHAR},
			</if>
			<if test="manualOrder != null">
				#{manualOrder,jdbcType=CHAR},
			</if>
			<if test="completedDate != null">
				#{completedDate,jdbcType=TIMESTAMP},
			</if>
			<if test="failedDate != null">
				#{failedDate,jdbcType=TIMESTAMP},
			</if>
			<if test="vzId != null">
				#{vzId,jdbcType=VARCHAR},
			</if>
			<if test="responseReqd != null">
				#{responseReqd,jdbcType=DECIMAL},
			</if>
			<if test="startDate != null">
				#{startDate,jdbcType=TIMESTAMP},
			</if>
			<if test="updatedDate != null">
				#{updatedDate,jdbcType=TIMESTAMP},
			</if>
			<if test="upstreamWoId != null">
				#{upstreamWoId,jdbcType=VARCHAR},
			</if>
			<if test="upstreamFlowId != null">
				#{upstreamFlowId,jdbcType=VARCHAR},
			</if>
			<if test="upstreamTaskId != null">
				#{upstreamTaskId,jdbcType=DECIMAL},
			</if>
			<if test="tdn != null">
				#{tdn,jdbcType=VARCHAR},
			</if>
			<if test="npa != null">
				#{npa,jdbcType=VARCHAR},
			</if>
			<if test="clli != null">
				#{clli,jdbcType=VARCHAR},
			</if>
			<if test="timezoneOffset != null">
				#{timezoneOffset,jdbcType=DECIMAL},
			</if>
			<if test="catalog != null">
				#{catalog,jdbcType=VARCHAR},
			</if>
			<if test="wireCenter != null">
				#{wireCenter,jdbcType=DECIMAL},
			</if>
			<if test="parentOrder != null">
				#{parentOrder,jdbcType=DECIMAL},
			</if>
			<if test="translatorId != null">
				#{translatorId,jdbcType=VARCHAR},
			</if>
			<if test="lockedFromStatus != null">
				#{lockedFromStatus,jdbcType=DECIMAL},
			</if>
			<if test="lockedByVzId != null">
				#{lockedByVzId,jdbcType=VARCHAR},
			</if>
			<if test="returnStatus != null">
				#{returnStatus,jdbcType=DECIMAL},
			</if>
			<if test="cos != null">
				#{cos,jdbcType=VARCHAR},
			</if>
			<if test="accountNumber != null">
				#{accountNumber,jdbcType=VARCHAR},
			</if>
			<if test="transactionNumber != null">
				#{transactionNumber,jdbcType=VARCHAR},
			</if>
			<if test="versionNo != null">
				#{versionNo,jdbcType=VARCHAR},
			</if>
			<if test="flowPath != null">
				#{flowPath,jdbcType=CHAR},
			</if>
			<if test="orderType != null">
				#{orderType,jdbcType=CHAR},
			</if>
			<if test="minorOrderType != null">
				#{minorOrderType,jdbcType=CHAR},
			</if>
			<if test="soacsCode != null">
				#{soacsCode,jdbcType=DECIMAL},
			</if>
			<if test="action != null">
				#{action,jdbcType=CHAR},
			</if>
			<if test="apsState != null">
				#{apsState,jdbcType=DECIMAL},
			</if>
			<if test="exk != null">
				#{exk,jdbcType=VARCHAR},
			</if>
			<if test="projectId != null">
				#{projectId,jdbcType=VARCHAR},
			</if>
			<if test="errorCode != null">
				#{errorCode,jdbcType=VARCHAR},
			</if>
			<if test="esapCluster != null">
				#{esapCluster,jdbcType=VARCHAR},
			</if>
		</trim>
	</insert>
	<select id="countByExample" parameterType="com.vz.esap.translation.dao.model.TblOrderExample"
		resultType="java.lang.Integer">
		<!-- WARNING - @mbggenerated This element is automatically generated by 
			MyBatis Generator, do not modify. This element was generated on Tue Oct 31 
			18:59:58 IST 2017. -->
		select count(*) from TBL_ORDER
		<if test="_parameter != null">
			<include refid="Example_Where_Clause" />
		</if>
	</select>
	<update id="updateByExampleSelective" parameterType="map">
		<!-- WARNING - @mbggenerated This element is automatically generated by 
			MyBatis Generator, do not modify. This element was generated on Tue Oct 31 
			18:59:58 IST 2017. -->
		update TBL_ORDER
		<set>
			<if test="record.orderId != null">
				ORDER_ID = #{record.orderId,jdbcType=DECIMAL},
			</if>
			<if test="record.envOrderId != null">
				ENV_ORDER_ID = #{record.envOrderId,jdbcType=DECIMAL},
			</if>
			<if test="record.prevPassOrderId != null">
				PREV_PASS_ORDER_ID = #{record.prevPassOrderId,jdbcType=DECIMAL},
			</if>
			<if test="record.destSystem != null">
				DEST_SYSTEM = #{record.destSystem,jdbcType=VARCHAR},
			</if>
			<if test="record.apptypeId != null">
				APPTYPE_ID = #{record.apptypeId,jdbcType=DECIMAL},
			</if>
			<if test="record.orderStatus != null">
				ORDER_STATUS = #{record.orderStatus,jdbcType=DECIMAL},
			</if>
			<if test="record.prevOrderStatus != null">
				PREV_ORDER_STATUS = #{record.prevOrderStatus,jdbcType=DECIMAL},
			</if>
			<if test="record.dueDate != null">
				DUE_DATE = #{record.dueDate,jdbcType=TIMESTAMP},
			</if>
			<if test="record.workGroup != null">
				WORK_GROUP = #{record.workGroup,jdbcType=VARCHAR},
			</if>
			<if test="record.priority != null">
				PRIORITY = #{record.priority,jdbcType=DECIMAL},
			</if>
			<if test="record.recvdDate != null">
				RECVD_DATE = #{record.recvdDate,jdbcType=TIMESTAMP},
			</if>
			<if test="record.sourceSystem != null">
				SOURCE_SYSTEM = #{record.sourceSystem,jdbcType=VARCHAR},
			</if>
			<if test="record.sourceService != null">
				SOURCE_SERVICE = #{record.sourceService,jdbcType=VARCHAR},
			</if>
			<if test="record.manualOrder != null">
				MANUAL_ORDER = #{record.manualOrder,jdbcType=CHAR},
			</if>
			<if test="record.completedDate != null">
				COMPLETED_DATE = #{record.completedDate,jdbcType=TIMESTAMP},
			</if>
			<if test="record.failedDate != null">
				FAILED_DATE = #{record.failedDate,jdbcType=TIMESTAMP},
			</if>
			<if test="record.vzId != null">
				VZ_ID = #{record.vzId,jdbcType=VARCHAR},
			</if>
			<if test="record.responseReqd != null">
				RESPONSE_REQD = #{record.responseReqd,jdbcType=DECIMAL},
			</if>
			<if test="record.startDate != null">
				START_DATE = #{record.startDate,jdbcType=TIMESTAMP},
			</if>
			<if test="record.updatedDate != null">
				UPDATED_DATE = #{record.updatedDate,jdbcType=TIMESTAMP},
			</if>
			<if test="record.upstreamWoId != null">
				UPSTREAM_WO_ID = #{record.upstreamWoId,jdbcType=VARCHAR},
			</if>
			<if test="record.upstreamFlowId != null">
				UPSTREAM_FLOW_ID = #{record.upstreamFlowId,jdbcType=VARCHAR},
			</if>
			<if test="record.upstreamTaskId != null">
				UPSTREAM_TASK_ID = #{record.upstreamTaskId,jdbcType=DECIMAL},
			</if>
			<if test="record.tdn != null">
				TDN = #{record.tdn,jdbcType=VARCHAR},
			</if>
			<if test="record.npa != null">
				NPA = #{record.npa,jdbcType=VARCHAR},
			</if>
			<if test="record.clli != null">
				CLLI = #{record.clli,jdbcType=VARCHAR},
			</if>
			<if test="record.timezoneOffset != null">
				TIMEZONE_OFFSET = #{record.timezoneOffset,jdbcType=DECIMAL},
			</if>
			<if test="record.catalog != null">
				CATALOG = #{record.catalog,jdbcType=VARCHAR},
			</if>
			<if test="record.wireCenter != null">
				WIRE_CENTER = #{record.wireCenter,jdbcType=DECIMAL},
			</if>
			<if test="record.parentOrder != null">
				PARENT_ORDER = #{record.parentOrder,jdbcType=DECIMAL},
			</if>
			<if test="record.translatorId != null">
				TRANSLATOR_ID = #{record.translatorId,jdbcType=VARCHAR},
			</if>
			<if test="record.lockedFromStatus != null">
				LOCKED_FROM_STATUS = #{record.lockedFromStatus,jdbcType=DECIMAL},
			</if>
			<if test="record.lockedByVzId != null">
				LOCKED_BY_VZ_ID = #{record.lockedByVzId,jdbcType=VARCHAR},
			</if>
			<if test="record.returnStatus != null">
				RETURN_STATUS = #{record.returnStatus,jdbcType=DECIMAL},
			</if>
			<if test="record.cos != null">
				COS = #{record.cos,jdbcType=VARCHAR},
			</if>
			<if test="record.accountNumber != null">
				ACCOUNT_NUMBER = #{record.accountNumber,jdbcType=VARCHAR},
			</if>
			<if test="record.transactionNumber != null">
				TRANSACTION_NUMBER = #{record.transactionNumber,jdbcType=VARCHAR},
			</if>
			<if test="record.versionNo != null">
				VERSION_NO = #{record.versionNo,jdbcType=VARCHAR},
			</if>
			<if test="record.flowPath != null">
				FLOW_PATH = #{record.flowPath,jdbcType=CHAR},
			</if>
			<if test="record.orderType != null">
				ORDER_TYPE = #{record.orderType,jdbcType=CHAR},
			</if>
			<if test="record.minorOrderType != null">
				MINOR_ORDER_TYPE = #{record.minorOrderType,jdbcType=CHAR},
			</if>
			<if test="record.soacsCode != null">
				SOACS_CODE = #{record.soacsCode,jdbcType=DECIMAL},
			</if>
			<if test="record.action != null">
				ACTION = #{record.action,jdbcType=CHAR},
			</if>
			<if test="record.apsState != null">
				APS_STATE = #{record.apsState,jdbcType=DECIMAL},
			</if>
			<if test="record.exk != null">
				EXK = #{record.exk,jdbcType=VARCHAR},
			</if>
			<if test="record.projectId != null">
				PROJECT_ID = #{record.projectId,jdbcType=VARCHAR},
			</if>
			<if test="record.errorCode != null">
				ERROR_CODE = #{record.errorCode,jdbcType=VARCHAR},
			</if>
			<if test="record.esapCluster != null">
				ESAP_CLUSTER = #{record.esapCluster,jdbcType=VARCHAR},
			</if>
		</set>
		<if test="_parameter != null">
			<include refid="Update_By_Example_Where_Clause" />
		</if>
	</update>
	<update id="updateByExample" parameterType="map">
		<!-- WARNING - @mbggenerated This element is automatically generated by 
			MyBatis Generator, do not modify. This element was generated on Tue Oct 31 
			18:59:58 IST 2017. -->
		update TBL_ORDER
		set ORDER_ID = #{record.orderId,jdbcType=DECIMAL},
		ENV_ORDER_ID = #{record.envOrderId,jdbcType=DECIMAL},
		PREV_PASS_ORDER_ID = #{record.prevPassOrderId,jdbcType=DECIMAL},
		DEST_SYSTEM = #{record.destSystem,jdbcType=VARCHAR},
		APPTYPE_ID = #{record.apptypeId,jdbcType=DECIMAL},
		ORDER_STATUS = #{record.orderStatus,jdbcType=DECIMAL},
		PREV_ORDER_STATUS = #{record.prevOrderStatus,jdbcType=DECIMAL},
		DUE_DATE = #{record.dueDate,jdbcType=TIMESTAMP},
		WORK_GROUP = #{record.workGroup,jdbcType=VARCHAR},
		PRIORITY = #{record.priority,jdbcType=DECIMAL},
		RECVD_DATE = #{record.recvdDate,jdbcType=TIMESTAMP},
		SOURCE_SYSTEM = #{record.sourceSystem,jdbcType=VARCHAR},
		SOURCE_SERVICE = #{record.sourceService,jdbcType=VARCHAR},
		MANUAL_ORDER = #{record.manualOrder,jdbcType=CHAR},
		COMPLETED_DATE = #{record.completedDate,jdbcType=TIMESTAMP},
		FAILED_DATE = #{record.failedDate,jdbcType=TIMESTAMP},
		VZ_ID = #{record.vzId,jdbcType=VARCHAR},
		RESPONSE_REQD = #{record.responseReqd,jdbcType=DECIMAL},
		START_DATE = #{record.startDate,jdbcType=TIMESTAMP},
		UPDATED_DATE = #{record.updatedDate,jdbcType=TIMESTAMP},
		UPSTREAM_WO_ID = #{record.upstreamWoId,jdbcType=VARCHAR},
		UPSTREAM_FLOW_ID = #{record.upstreamFlowId,jdbcType=VARCHAR},
		UPSTREAM_TASK_ID = #{record.upstreamTaskId,jdbcType=DECIMAL},
		TDN = #{record.tdn,jdbcType=VARCHAR},
		NPA = #{record.npa,jdbcType=VARCHAR},
		CLLI = #{record.clli,jdbcType=VARCHAR},
		TIMEZONE_OFFSET = #{record.timezoneOffset,jdbcType=DECIMAL},
		CATALOG = #{record.catalog,jdbcType=VARCHAR},
		WIRE_CENTER = #{record.wireCenter,jdbcType=DECIMAL},
		PARENT_ORDER = #{record.parentOrder,jdbcType=DECIMAL},
		TRANSLATOR_ID = #{record.translatorId,jdbcType=VARCHAR},
		LOCKED_FROM_STATUS = #{record.lockedFromStatus,jdbcType=DECIMAL},
		LOCKED_BY_VZ_ID = #{record.lockedByVzId,jdbcType=VARCHAR},
		RETURN_STATUS = #{record.returnStatus,jdbcType=DECIMAL},
		COS = #{record.cos,jdbcType=VARCHAR},
		ACCOUNT_NUMBER = #{record.accountNumber,jdbcType=VARCHAR},
		TRANSACTION_NUMBER = #{record.transactionNumber,jdbcType=VARCHAR},
		VERSION_NO = #{record.versionNo,jdbcType=VARCHAR},
		FLOW_PATH = #{record.flowPath,jdbcType=CHAR},
		ORDER_TYPE = #{record.orderType,jdbcType=CHAR},
		MINOR_ORDER_TYPE = #{record.minorOrderType,jdbcType=CHAR},
		SOACS_CODE = #{record.soacsCode,jdbcType=DECIMAL},
		ACTION = #{record.action,jdbcType=CHAR},
		APS_STATE = #{record.apsState,jdbcType=DECIMAL},
		EXK = #{record.exk,jdbcType=VARCHAR},
		PROJECT_ID = #{record.projectId,jdbcType=VARCHAR},
		ERROR_CODE = #{record.errorCode,jdbcType=VARCHAR},
		ESAP_CLUSTER = #{record.esapCluster,jdbcType=VARCHAR}
		<if test="_parameter != null">
			<include refid="Update_By_Example_Where_Clause" />
		</if>
	</update>
	<update id="updateByPrimaryKeySelective" parameterType="com.vz.esap.translation.dao.model.TblOrder">
		<!-- WARNING - @mbggenerated This element is automatically generated by 
			MyBatis Generator, do not modify. This element was generated on Tue Oct 31 
			18:59:58 IST 2017. -->
		update TBL_ORDER
		<set>
			<if test="envOrderId != null">
				ENV_ORDER_ID = #{envOrderId,jdbcType=DECIMAL},
			</if>
			<if test="prevPassOrderId != null">
				PREV_PASS_ORDER_ID = #{prevPassOrderId,jdbcType=DECIMAL},
			</if>
			<if test="destSystem != null">
				DEST_SYSTEM = #{destSystem,jdbcType=VARCHAR},
			</if>
			<if test="apptypeId != null">
				APPTYPE_ID = #{apptypeId,jdbcType=DECIMAL},
			</if>
			<if test="orderStatus != null">
				ORDER_STATUS = #{orderStatus,jdbcType=DECIMAL},
			</if>
			<if test="prevOrderStatus != null">
				PREV_ORDER_STATUS = #{prevOrderStatus,jdbcType=DECIMAL},
			</if>
			<if test="dueDate != null">
				DUE_DATE = #{dueDate,jdbcType=TIMESTAMP},
			</if>
			<if test="workGroup != null">
				WORK_GROUP = #{workGroup,jdbcType=VARCHAR},
			</if>
			<if test="priority != null">
				PRIORITY = #{priority,jdbcType=DECIMAL},
			</if>
			<if test="recvdDate != null">
				RECVD_DATE = #{recvdDate,jdbcType=TIMESTAMP},
			</if>
			<if test="sourceSystem != null">
				SOURCE_SYSTEM = #{sourceSystem,jdbcType=VARCHAR},
			</if>
			<if test="sourceService != null">
				SOURCE_SERVICE = #{sourceService,jdbcType=VARCHAR},
			</if>
			<if test="manualOrder != null">
				MANUAL_ORDER = #{manualOrder,jdbcType=CHAR},
			</if>
			<if test="completedDate != null">
				COMPLETED_DATE = #{completedDate,jdbcType=TIMESTAMP},
			</if>
			<if test="failedDate != null">
				FAILED_DATE = #{failedDate,jdbcType=TIMESTAMP},
			</if>
			<if test="vzId != null">
				VZ_ID = #{vzId,jdbcType=VARCHAR},
			</if>
			<if test="responseReqd != null">
				RESPONSE_REQD = #{responseReqd,jdbcType=DECIMAL},
			</if>
			<if test="startDate != null">
				START_DATE = #{startDate,jdbcType=TIMESTAMP},
			</if>
			<if test="updatedDate != null">
				UPDATED_DATE = #{updatedDate,jdbcType=TIMESTAMP},
			</if>
			<if test="upstreamWoId != null">
				UPSTREAM_WO_ID = #{upstreamWoId,jdbcType=VARCHAR},
			</if>
			<if test="upstreamFlowId != null">
				UPSTREAM_FLOW_ID = #{upstreamFlowId,jdbcType=VARCHAR},
			</if>
			<if test="upstreamTaskId != null">
				UPSTREAM_TASK_ID = #{upstreamTaskId,jdbcType=DECIMAL},
			</if>
			<if test="tdn != null">
				TDN = #{tdn,jdbcType=VARCHAR},
			</if>
			<if test="npa != null">
				NPA = #{npa,jdbcType=VARCHAR},
			</if>
			<if test="clli != null">
				CLLI = #{clli,jdbcType=VARCHAR},
			</if>
			<if test="timezoneOffset != null">
				TIMEZONE_OFFSET = #{timezoneOffset,jdbcType=DECIMAL},
			</if>
			<if test="catalog != null">
				CATALOG = #{catalog,jdbcType=VARCHAR},
			</if>
			<if test="wireCenter != null">
				WIRE_CENTER = #{wireCenter,jdbcType=DECIMAL},
			</if>
			<if test="parentOrder != null">
				PARENT_ORDER = #{parentOrder,jdbcType=DECIMAL},
			</if>
			<if test="translatorId != null">
				TRANSLATOR_ID = #{translatorId,jdbcType=VARCHAR},
			</if>
			<if test="lockedFromStatus != null">
				LOCKED_FROM_STATUS = #{lockedFromStatus,jdbcType=DECIMAL},
			</if>
			<if test="lockedByVzId != null">
				LOCKED_BY_VZ_ID = #{lockedByVzId,jdbcType=VARCHAR},
			</if>
			<if test="returnStatus != null">
				RETURN_STATUS = #{returnStatus,jdbcType=DECIMAL},
			</if>
			<if test="cos != null">
				COS = #{cos,jdbcType=VARCHAR},
			</if>
			<if test="accountNumber != null">
				ACCOUNT_NUMBER = #{accountNumber,jdbcType=VARCHAR},
			</if>
			<if test="transactionNumber != null">
				TRANSACTION_NUMBER = #{transactionNumber,jdbcType=VARCHAR},
			</if>
			<if test="versionNo != null">
				VERSION_NO = #{versionNo,jdbcType=VARCHAR},
			</if>
			<if test="flowPath != null">
				FLOW_PATH = #{flowPath,jdbcType=CHAR},
			</if>
			<if test="orderType != null">
				ORDER_TYPE = #{orderType,jdbcType=CHAR},
			</if>
			<if test="minorOrderType != null">
				MINOR_ORDER_TYPE = #{minorOrderType,jdbcType=CHAR},
			</if>
			<if test="soacsCode != null">
				SOACS_CODE = #{soacsCode,jdbcType=DECIMAL},
			</if>
			<if test="action != null">
				ACTION = #{action,jdbcType=CHAR},
			</if>
			<if test="apsState != null">
				APS_STATE = #{apsState,jdbcType=DECIMAL},
			</if>
			<if test="exk != null">
				EXK = #{exk,jdbcType=VARCHAR},
			</if>
			<if test="projectId != null">
				PROJECT_ID = #{projectId,jdbcType=VARCHAR},
			</if>
			<if test="errorCode != null">
				ERROR_CODE = #{errorCode,jdbcType=VARCHAR},
			</if>
			<if test="esapCluster != null">
				ESAP_CLUSTER = #{esapCluster,jdbcType=VARCHAR},
			</if>
		</set>
		where ORDER_ID = #{orderId,jdbcType=DECIMAL}
	</update>
	<update id="updateByPrimaryKey" parameterType="com.vz.esap.translation.dao.model.TblOrder">
		<!-- WARNING - @mbggenerated This element is automatically generated by 
			MyBatis Generator, do not modify. This element was generated on Tue Oct 31 
			18:59:58 IST 2017. -->
		update TBL_ORDER
		set ENV_ORDER_ID = #{envOrderId,jdbcType=DECIMAL},
		PREV_PASS_ORDER_ID = #{prevPassOrderId,jdbcType=DECIMAL},
		DEST_SYSTEM = #{destSystem,jdbcType=VARCHAR},
		APPTYPE_ID = #{apptypeId,jdbcType=DECIMAL},
		ORDER_STATUS = #{orderStatus,jdbcType=DECIMAL},
		PREV_ORDER_STATUS = #{prevOrderStatus,jdbcType=DECIMAL},
		DUE_DATE = #{dueDate,jdbcType=TIMESTAMP},
		WORK_GROUP = #{workGroup,jdbcType=VARCHAR},
		PRIORITY = #{priority,jdbcType=DECIMAL},
		RECVD_DATE = #{recvdDate,jdbcType=TIMESTAMP},
		SOURCE_SYSTEM = #{sourceSystem,jdbcType=VARCHAR},
		SOURCE_SERVICE = #{sourceService,jdbcType=VARCHAR},
		MANUAL_ORDER = #{manualOrder,jdbcType=CHAR},
		COMPLETED_DATE = #{completedDate,jdbcType=TIMESTAMP},
		FAILED_DATE = #{failedDate,jdbcType=TIMESTAMP},
		VZ_ID = #{vzId,jdbcType=VARCHAR},
		RESPONSE_REQD = #{responseReqd,jdbcType=DECIMAL},
		START_DATE = #{startDate,jdbcType=TIMESTAMP},
		UPDATED_DATE = #{updatedDate,jdbcType=TIMESTAMP},
		UPSTREAM_WO_ID = #{upstreamWoId,jdbcType=VARCHAR},
		UPSTREAM_FLOW_ID = #{upstreamFlowId,jdbcType=VARCHAR},
		UPSTREAM_TASK_ID = #{upstreamTaskId,jdbcType=DECIMAL},
		TDN = #{tdn,jdbcType=VARCHAR},
		NPA = #{npa,jdbcType=VARCHAR},
		CLLI = #{clli,jdbcType=VARCHAR},
		TIMEZONE_OFFSET = #{timezoneOffset,jdbcType=DECIMAL},
		CATALOG = #{catalog,jdbcType=VARCHAR},
		WIRE_CENTER = #{wireCenter,jdbcType=DECIMAL},
		PARENT_ORDER = #{parentOrder,jdbcType=DECIMAL},
		TRANSLATOR_ID = #{translatorId,jdbcType=VARCHAR},
		LOCKED_FROM_STATUS = #{lockedFromStatus,jdbcType=DECIMAL},
		LOCKED_BY_VZ_ID = #{lockedByVzId,jdbcType=VARCHAR},
		RETURN_STATUS = #{returnStatus,jdbcType=DECIMAL},
		COS = #{cos,jdbcType=VARCHAR},
		ACCOUNT_NUMBER = #{accountNumber,jdbcType=VARCHAR},
		TRANSACTION_NUMBER = #{transactionNumber,jdbcType=VARCHAR},
		VERSION_NO = #{versionNo,jdbcType=VARCHAR},
		FLOW_PATH = #{flowPath,jdbcType=CHAR},
		ORDER_TYPE = #{orderType,jdbcType=CHAR},
		MINOR_ORDER_TYPE = #{minorOrderType,jdbcType=CHAR},
		SOACS_CODE = #{soacsCode,jdbcType=DECIMAL},
		ACTION = #{action,jdbcType=CHAR},
		APS_STATE = #{apsState,jdbcType=DECIMAL},
		EXK = #{exk,jdbcType=VARCHAR},
		PROJECT_ID = #{projectId,jdbcType=VARCHAR},
		ERROR_CODE = #{errorCode,jdbcType=VARCHAR},
		ESAP_CLUSTER = #{esapCluster,jdbcType=VARCHAR}
		where ORDER_ID = #{orderId,jdbcType=DECIMAL}
	</update>

	<!-- Custom SQLs here -->


	<insert id="createTblOrder" parameterType="com.vz.esap.translation.dao.model.TblOrder">
		insert into TBL_ORDER (ORDER_ID, ENV_ORDER_ID, PREV_PASS_ORDER_ID,
		DEST_SYSTEM, APPTYPE_ID, ORDER_STATUS,
		PREV_ORDER_STATUS, DUE_DATE, WORK_GROUP,
		PRIORITY, RECVD_DATE, SOURCE_SYSTEM,
		SOURCE_SERVICE, MANUAL_ORDER, COMPLETED_DATE,
		FAILED_DATE, VZ_ID, RESPONSE_REQD,
		START_DATE, UPDATED_DATE, UPSTREAM_WO_ID,
		UPSTREAM_FLOW_ID, UPSTREAM_TASK_ID, TDN,
		NPA, CLLI, TIMEZONE_OFFSET,
		CATALOG, WIRE_CENTER, PARENT_ORDER,
		TRANSLATOR_ID, LOCKED_FROM_STATUS, LOCKED_BY_VZ_ID,
		RETURN_STATUS, COS, ACCOUNT_NUMBER,
		TRANSACTION_NUMBER, VERSION_NO, FLOW_PATH,
		ORDER_TYPE, MINOR_ORDER_TYPE, SOACS_CODE,
		ACTION, APS_STATE, EXK,
		PROJECT_ID, ERROR_CODE, ESAP_CLUSTER
		)
		values (#{orderId,jdbcType=DECIMAL}, #{envOrderId,jdbcType=DECIMAL},
		#{prevPassOrderId,jdbcType=DECIMAL},
		#{destSystem,jdbcType=VARCHAR}, #{apptypeId,jdbcType=DECIMAL}, #{orderStatus,jdbcType=DECIMAL},
		#{prevOrderStatus,jdbcType=DECIMAL}, sysdate,
		#{workGroup,jdbcType=VARCHAR},
		#{priority,jdbcType=DECIMAL}, sysdate, #{sourceSystem,jdbcType=VARCHAR},
		#{sourceService,jdbcType=VARCHAR}, #{manualOrder,jdbcType=CHAR},
		#{completedDate,jdbcType=TIMESTAMP},
		#{failedDate,jdbcType=TIMESTAMP}, #{vzId,jdbcType=VARCHAR}, #{responseReqd,jdbcType=DECIMAL},
		#{startDate,jdbcType=TIMESTAMP}, #{updatedDate,jdbcType=TIMESTAMP},
		#{upstreamWoId,jdbcType=VARCHAR},
		#{upstreamFlowId,jdbcType=VARCHAR}, #{upstreamTaskId,jdbcType=DECIMAL}, #{tdn,jdbcType=VARCHAR},
		#{npa,jdbcType=VARCHAR}, #{clli,jdbcType=VARCHAR},
		#{timezoneOffset,jdbcType=DECIMAL},
		#{catalog,jdbcType=VARCHAR}, #{wireCenter,jdbcType=DECIMAL}, #{parentOrder,jdbcType=DECIMAL},
		#{translatorId,jdbcType=VARCHAR},
		#{lockedFromStatus,jdbcType=DECIMAL},
		#{lockedByVzId,jdbcType=VARCHAR},
		#{returnStatus,jdbcType=DECIMAL}, #{cos,jdbcType=VARCHAR}, #{accountNumber,jdbcType=VARCHAR},
		#{transactionNumber,jdbcType=VARCHAR}, #{versionNo,jdbcType=VARCHAR},
		#{flowPath,jdbcType=CHAR},
		#{orderType,jdbcType=CHAR}, #{minorOrderType,jdbcType=CHAR}, #{soacsCode,jdbcType=DECIMAL},
		#{action,jdbcType=CHAR}, #{apsState,jdbcType=DECIMAL},
		#{exk,jdbcType=VARCHAR},
		#{projectId,jdbcType=VARCHAR}, #{errorCode,jdbcType=VARCHAR}, #{esapCluster,jdbcType=VARCHAR}
		)
	</insert>

	<update id="updateTblOrderStatus" parameterType="map">
		update
		TBL_ORDER
		set ORDER_STATUS = '${Status}'
		where ORDER_ID =
		'${OrderId}'
	</update>
		<update id="updateOrderId" parameterType="map">
		update
		TBL_ORDER
		set ENV_ORDER_ID = '${envOrderId}'
		where ORDER_ID =
		'${prevPassOrderId}'
	</update>
</mapper>