<?xml version="1.0" encoding="UTF-8" ?>
<!DOCTYPE mapper PUBLIC "-//mybatis.org//DTD Mapper 3.0//EN" "http://mybatis.org/dtd/mybatis-3-mapper.dtd" >
<mapper
	namespace="com.vz.esap.translation.dao.repository.CustomTblOrderServiceMapper">
	<resultMap id="BaseResultMap"
		type="com.vz.esap.translation.dao.model.TblOrderService">
		<!-- WARNING - @mbggenerated This element is automatically generated by 
			MyBatis Generator, do not modify. This element was generated on Mon Nov 06 
			11:07:43 IST 2017. -->
		<id column="ORDER_ID" property="orderId" jdbcType="DECIMAL" />
		<id column="SEQ_NO" property="seqNo" jdbcType="DECIMAL" />
		<result column="SERVICE" property="service" jdbcType="VARCHAR" />
		<result column="SERVICE_STATUS" property="serviceStatus"
			jdbcType="DECIMAL" />
		<result column="CLLI" property="clli" jdbcType="VARCHAR" />
		<result column="INITIAL_FLAG" property="initialFlag" jdbcType="DECIMAL" />
		<result column="AQM_WORK_ID" property="aqmWorkId" jdbcType="DECIMAL" />
		<result column="SKIP_FLAG" property="skipFlag" jdbcType="DECIMAL" />
	</resultMap>
	<sql id="Example_Where_Clause">
		<!-- WARNING - @mbggenerated This element is automatically generated by 
			MyBatis Generator, do not modify. This element was generated on Mon Nov 06 
			11:07:43 IST 2017. -->
		<where>
			<foreach collection="oredCriteria" item="criteria" separator="or">
				<if test="criteria.valid">
					<trim prefix="(" suffix=")" prefixOverrides="and">
						<foreach collection="criteria.criteria" item="criterion">
							<choose>
								<when test="criterion.noValue">
									and ${criterion.condition}
								</when>
								<when test="criterion.singleValue">
									and ${criterion.condition} #{criterion.value}
								</when>
								<when test="criterion.betweenValue">
									and ${criterion.condition} #{criterion.value} and
									#{criterion.secondValue}
								</when>
								<when test="criterion.listValue">
									and ${criterion.condition}
									<foreach collection="criterion.value" item="listItem"
										open="(" close=")" separator=",">
										#{listItem}
									</foreach>
								</when>
							</choose>
						</foreach>
					</trim>
				</if>
			</foreach>
		</where>
	</sql>
	<sql id="Update_By_Example_Where_Clause">
		<!-- WARNING - @mbggenerated This element is automatically generated by 
			MyBatis Generator, do not modify. This element was generated on Mon Nov 06 
			11:07:43 IST 2017. -->
		<where>
			<foreach collection="example.oredCriteria" item="criteria"
				separator="or">
				<if test="criteria.valid">
					<trim prefix="(" suffix=")" prefixOverrides="and">
						<foreach collection="criteria.criteria" item="criterion">
							<choose>
								<when test="criterion.noValue">
									and ${criterion.condition}
								</when>
								<when test="criterion.singleValue">
									and ${criterion.condition} #{criterion.value}
								</when>
								<when test="criterion.betweenValue">
									and ${criterion.condition} #{criterion.value} and
									#{criterion.secondValue}
								</when>
								<when test="criterion.listValue">
									and ${criterion.condition}
									<foreach collection="criterion.value" item="listItem"
										open="(" close=")" separator=",">
										#{listItem}
									</foreach>
								</when>
							</choose>
						</foreach>
					</trim>
				</if>
			</foreach>
		</where>
	</sql>
	<sql id="Base_Column_List">
		<!-- WARNING - @mbggenerated This element is automatically generated by 
			MyBatis Generator, do not modify. This element was generated on Mon Nov 06 
			11:07:43 IST 2017. -->
		ORDER_ID, SEQ_NO, SERVICE, SERVICE_STATUS, CLLI, INITIAL_FLAG,
		AQM_WORK_ID, SKIP_FLAG
	</sql>
	<select id="selectByExample" resultMap="BaseResultMap"
		parameterType="com.vz.esap.translation.dao.model.TblOrderServiceExample">
		<!-- WARNING - @mbggenerated This element is automatically generated by 
			MyBatis Generator, do not modify. This element was generated on Mon Nov 06 
			11:07:43 IST 2017. -->
		select
		<if test="distinct">
			distinct
		</if>
		<include refid="Base_Column_List" />
		from TBL_ORDER_SERVICE
		<if test="_parameter != null">
			<include refid="Example_Where_Clause" />
		</if>
		<if test="orderByClause != null">
			order by ${orderByClause}
		</if>
	</select>
	<select id="selectByPrimaryKey" resultMap="BaseResultMap"
		parameterType="map">
		<!-- WARNING - @mbggenerated This element is automatically generated by 
			MyBatis Generator, do not modify. This element was generated on Mon Nov 06 
			11:07:43 IST 2017. -->
		select
		<include refid="Base_Column_List" />
		from TBL_ORDER_SERVICE
		where ORDER_ID = #{orderId,jdbcType=DECIMAL}
		and SEQ_NO = #{seqNo,jdbcType=DECIMAL}
	</select>
	<delete id="deleteByPrimaryKey" parameterType="map">
		<!-- WARNING - @mbggenerated This element is automatically generated by 
			MyBatis Generator, do not modify. This element was generated on Mon Nov 06 
			11:07:43 IST 2017. -->
		delete from TBL_ORDER_SERVICE
		where ORDER_ID = #{orderId,jdbcType=DECIMAL}
		and SEQ_NO = #{seqNo,jdbcType=DECIMAL}
	</delete>
	<delete id="deleteByExample"
		parameterType="com.vz.esap.translation.dao.model.TblOrderServiceExample">
		<!-- WARNING - @mbggenerated This element is automatically generated by 
			MyBatis Generator, do not modify. This element was generated on Mon Nov 06 
			11:07:43 IST 2017. -->
		delete from TBL_ORDER_SERVICE
		<if test="_parameter != null">
			<include refid="Example_Where_Clause" />
		</if>
	</delete>
	<insert id="insert" parameterType="com.vz.esap.translation.dao.model.TblOrderService">
		<!-- WARNING - @mbggenerated This element is automatically generated by 
			MyBatis Generator, do not modify. This element was generated on Mon Nov 06 
			11:07:43 IST 2017. -->
		insert into TBL_ORDER_SERVICE (ORDER_ID, SEQ_NO, SERVICE,
		SERVICE_STATUS, CLLI, INITIAL_FLAG,
		AQM_WORK_ID, SKIP_FLAG)
		values (#{orderId,jdbcType=DECIMAL}, #{seqNo,jdbcType=DECIMAL},
		#{service,jdbcType=VARCHAR},
		#{serviceStatus,jdbcType=DECIMAL}, #{clli,jdbcType=VARCHAR}, #{initialFlag,jdbcType=DECIMAL},
		#{aqmWorkId,jdbcType=DECIMAL}, #{skipFlag,jdbcType=DECIMAL})
	</insert>
	<insert id="insertSelective" parameterType="com.vz.esap.translation.dao.model.TblOrderService">
		<!-- WARNING - @mbggenerated This element is automatically generated by 
			MyBatis Generator, do not modify. This element was generated on Mon Nov 06 
			11:07:43 IST 2017. -->
		insert into TBL_ORDER_SERVICE
		<trim prefix="(" suffix=")" suffixOverrides=",">
			<if test="orderId != null">
				ORDER_ID,
			</if>
			<if test="seqNo != null">
				SEQ_NO,
			</if>
			<if test="service != null">
				SERVICE,
			</if>
			<if test="serviceStatus != null">
				SERVICE_STATUS,
			</if>
			<if test="clli != null">
				CLLI,
			</if>
			<if test="initialFlag != null">
				INITIAL_FLAG,
			</if>
			<if test="aqmWorkId != null">
				AQM_WORK_ID,
			</if>
			<if test="skipFlag != null">
				SKIP_FLAG,
			</if>
		</trim>
		<trim prefix="values (" suffix=")" suffixOverrides=",">
			<if test="orderId != null">
				#{orderId,jdbcType=DECIMAL},
			</if>
			<if test="seqNo != null">
				#{seqNo,jdbcType=DECIMAL},
			</if>
			<if test="service != null">
				#{service,jdbcType=VARCHAR},
			</if>
			<if test="serviceStatus != null">
				#{serviceStatus,jdbcType=DECIMAL},
			</if>
			<if test="clli != null">
				#{clli,jdbcType=VARCHAR},
			</if>
			<if test="initialFlag != null">
				#{initialFlag,jdbcType=DECIMAL},
			</if>
			<if test="aqmWorkId != null">
				#{aqmWorkId,jdbcType=DECIMAL},
			</if>
			<if test="skipFlag != null">
				#{skipFlag,jdbcType=DECIMAL},
			</if>
		</trim>
	</insert>
	<select id="countByExample"
		parameterType="com.vz.esap.translation.dao.model.TblOrderServiceExample"
		resultType="java.lang.Integer">
		<!-- WARNING - @mbggenerated This element is automatically generated by 
			MyBatis Generator, do not modify. This element was generated on Mon Nov 06 
			11:07:43 IST 2017. -->
		select count(*) from TBL_ORDER_SERVICE
		<if test="_parameter != null">
			<include refid="Example_Where_Clause" />
		</if>
	</select>
	<update id="updateByExampleSelective" parameterType="map">
		<!-- WARNING - @mbggenerated This element is automatically generated by 
			MyBatis Generator, do not modify. This element was generated on Mon Nov 06 
			11:07:43 IST 2017. -->
		update TBL_ORDER_SERVICE
		<set>
			<if test="record.orderId != null">
				ORDER_ID = #{record.orderId,jdbcType=DECIMAL},
			</if>
			<if test="record.seqNo != null">
				SEQ_NO = #{record.seqNo,jdbcType=DECIMAL},
			</if>
			<if test="record.service != null">
				SERVICE = #{record.service,jdbcType=VARCHAR},
			</if>
			<if test="record.serviceStatus != null">
				SERVICE_STATUS = #{record.serviceStatus,jdbcType=DECIMAL},
			</if>
			<if test="record.clli != null">
				CLLI = #{record.clli,jdbcType=VARCHAR},
			</if>
			<if test="record.initialFlag != null">
				INITIAL_FLAG = #{record.initialFlag,jdbcType=DECIMAL},
			</if>
			<if test="record.aqmWorkId != null">
				AQM_WORK_ID = #{record.aqmWorkId,jdbcType=DECIMAL},
			</if>
			<if test="record.skipFlag != null">
				SKIP_FLAG = #{record.skipFlag,jdbcType=DECIMAL},
			</if>
		</set>
		<if test="_parameter != null">
			<include refid="Update_By_Example_Where_Clause" />
		</if>
	</update>
	<update id="updateByExample" parameterType="map">
		<!-- WARNING - @mbggenerated This element is automatically generated by 
			MyBatis Generator, do not modify. This element was generated on Mon Nov 06 
			11:07:43 IST 2017. -->
		update TBL_ORDER_SERVICE
		set ORDER_ID = #{record.orderId,jdbcType=DECIMAL},
		SEQ_NO = #{record.seqNo,jdbcType=DECIMAL},
		SERVICE = #{record.service,jdbcType=VARCHAR},
		SERVICE_STATUS = #{record.serviceStatus,jdbcType=DECIMAL},
		CLLI = #{record.clli,jdbcType=VARCHAR},
		INITIAL_FLAG = #{record.initialFlag,jdbcType=DECIMAL},
		AQM_WORK_ID = #{record.aqmWorkId,jdbcType=DECIMAL},
		SKIP_FLAG = #{record.skipFlag,jdbcType=DECIMAL}
		<if test="_parameter != null">
			<include refid="Update_By_Example_Where_Clause" />
		</if>
	</update>
	<update id="updateByPrimaryKeySelective" parameterType="com.vz.esap.translation.dao.model.TblOrderService">
		<!-- WARNING - @mbggenerated This element is automatically generated by 
			MyBatis Generator, do not modify. This element was generated on Mon Nov 06 
			11:07:43 IST 2017. -->
		update TBL_ORDER_SERVICE
		<set>
			<if test="service != null">
				SERVICE = #{service,jdbcType=VARCHAR},
			</if>
			<if test="serviceStatus != null">
				SERVICE_STATUS = #{serviceStatus,jdbcType=DECIMAL},
			</if>
			<if test="clli != null">
				CLLI = #{clli,jdbcType=VARCHAR},
			</if>
			<if test="initialFlag != null">
				INITIAL_FLAG = #{initialFlag,jdbcType=DECIMAL},
			</if>
			<if test="aqmWorkId != null">
				AQM_WORK_ID = #{aqmWorkId,jdbcType=DECIMAL},
			</if>
			<if test="skipFlag != null">
				SKIP_FLAG = #{skipFlag,jdbcType=DECIMAL},
			</if>
		</set>
		where ORDER_ID = #{orderId,jdbcType=DECIMAL}
		and SEQ_NO = #{seqNo,jdbcType=DECIMAL}
	</update>
	<update id="updateByPrimaryKey" parameterType="com.vz.esap.translation.dao.model.TblOrderService">
		<!-- WARNING - @mbggenerated This element is automatically generated by 
			MyBatis Generator, do not modify. This element was generated on Mon Nov 06 
			11:07:43 IST 2017. -->
		update TBL_ORDER_SERVICE
		set SERVICE = #{service,jdbcType=VARCHAR},
		SERVICE_STATUS = #{serviceStatus,jdbcType=DECIMAL},
		CLLI = #{clli,jdbcType=VARCHAR},
		INITIAL_FLAG = #{initialFlag,jdbcType=DECIMAL},
		AQM_WORK_ID = #{aqmWorkId,jdbcType=DECIMAL},
		SKIP_FLAG = #{skipFlag,jdbcType=DECIMAL}
		where ORDER_ID = #{orderId,jdbcType=DECIMAL}
		and SEQ_NO = #{seqNo,jdbcType=DECIMAL}
	</update>

	<!-- Custom SQLs here -->

	<insert id="createTblOrderService" parameterType="com.vz.esap.translation.dao.model.TblOrderService">
		<!-- WARNING - @mbggenerated This element is automatically generated by 
			MyBatis Generator, do not modify. This element was generated on Mon Nov 06 
			11:07:43 IST 2017. -->
		insert into TBL_ORDER_SERVICE (ORDER_ID, SEQ_NO, SERVICE,
		SERVICE_STATUS, CLLI, INITIAL_FLAG,
		AQM_WORK_ID, SKIP_FLAG)
		values (#{orderId,jdbcType=DECIMAL}, #{seqNo,jdbcType=DECIMAL},
		#{service,jdbcType=VARCHAR},
		#{serviceStatus,jdbcType=DECIMAL}, #{clli,jdbcType=VARCHAR}, #{initialFlag,jdbcType=DECIMAL},
		#{aqmWorkId,jdbcType=DECIMAL}, #{skipFlag,jdbcType=DECIMAL})
	</insert>
	<select id="getOrderServiceList" parameterType="java.lang.Long"
		resultMap="BaseResultMap">
		SELECT
		<include refid="Base_Column_List" />
		FROM TBL_ORDER_SERVICE where 0=0 AND ORDER_ID = #{prevOrderId}
	</select>

	<update id="updateOrderServiceStatusByOrderIdOptionalSeqNum"
		parameterType="map">
		update TBL_ORDER_SERVICE
		set SERVICE_STATUS = #{serviceStatus,jdbcType=DECIMAL}
		where ORDER_ID = #{orderId,jdbcType=DECIMAL}
	</update>
	
	<select id="getSkipTasksForReverseService" parameterType="map" resultType = "java.lang.String">
		SELECT reverse_task
		FROM tbl_service_task st, aqm_workstep ws, aqm_task t
		WHERE t.workstep_id = ws.workstep_id
		AND ws.name = st.task
		AND ( t.required_status = 1
		OR t.completion_status = 1
		OR (t.ready_status = 1 AND start_date = 0) )
		AND reverse_task is not null
		AND t.work_id = #{aqmWorkId}
		AND st.service = #{wfService}
	</select>
	
	<select id="getAsClli" parameterType="java.lang.String" resultType = "java.lang.String">
		select AS_CLLI from TBL_BS_AS where bs_as_id = #{bsAsId}
	</select>	
	
	<select id="getBwCluster" parameterType="java.lang.String" resultType = "java.lang.String">
		select BS_NODE_NAME from TBL_BS_AS where bs_as_id = #{bsAsId}
	</select>	
</mapper>
