<?xml version="1.0" encoding="UTF-8" ?>
<!DOCTYPE mapper PUBLIC "-//mybatis.org//DTD Mapper 3.0//EN" "http://mybatis.org/dtd/mybatis-3-mapper.dtd" >
<mapper namespace="com.vz.esap.translation.dao.repository.CustomTblOrderPrioritySettingsMapper" >
  <resultMap id="BaseResultMap" type="com.vz.esap.translation.dao.model.TblOrderPrioritySettings" >
    <!--
      WARNING - @mbggenerated
      This element is automatically generated by MyBatis Generator, do not modify.
      This element was generated on Thu Nov 09 18:22:23 IST 2017.
    -->
    <result column="PROJECT_ID" property="projectId" jdbcType="VARCHAR" />
    <result column="ORDER_SOURCE" property="orderSource" jdbcType="VARCHAR" />
    <result column="ORDER_TYPE" property="orderType" jdbcType="CHAR" />
    <result column="MINOR_ORDER_TYPE" property="minorOrderType" jdbcType="VARCHAR" />
    <result column="FUNCTION_CODE" property="functionCode" jdbcType="VARCHAR" />
    <result column="BULK_ORDER" property="bulkOrder" jdbcType="CHAR" />
    <result column="PRIORITY" property="priority" jdbcType="DECIMAL" />
    <result column="RESP_HANDLER" property="respHandler" jdbcType="VARCHAR" />
    <result column="EXPEDITE" property="expedite" jdbcType="DECIMAL" />
  </resultMap>
  <sql id="Example_Where_Clause" >
    <!--
      WARNING - @mbggenerated
      This element is automatically generated by MyBatis Generator, do not modify.
      This element was generated on Thu Nov 09 18:22:23 IST 2017.
    -->
    <where >
      <foreach collection="oredCriteria" item="criteria" separator="or" >
        <if test="criteria.valid" >
          <trim prefix="(" suffix=")" prefixOverrides="and" >
            <foreach collection="criteria.criteria" item="criterion" >
              <choose >
                <when test="criterion.noValue" >
                  and ${criterion.condition}
                </when>
                <when test="criterion.singleValue" >
                  and ${criterion.condition} #{criterion.value}
                </when>
                <when test="criterion.betweenValue" >
                  and ${criterion.condition} #{criterion.value} and #{criterion.secondValue}
                </when>
                <when test="criterion.listValue" >
                  and ${criterion.condition}
                  <foreach collection="criterion.value" item="listItem" open="(" close=")" separator="," >
                    #{listItem}
                  </foreach>
                </when>
              </choose>
            </foreach>
          </trim>
        </if>
      </foreach>
    </where>
  </sql>
  <sql id="Update_By_Example_Where_Clause" >
    <!--
      WARNING - @mbggenerated
      This element is automatically generated by MyBatis Generator, do not modify.
      This element was generated on Thu Nov 09 18:22:23 IST 2017.
    -->
    <where >
      <foreach collection="example.oredCriteria" item="criteria" separator="or" >
        <if test="criteria.valid" >
          <trim prefix="(" suffix=")" prefixOverrides="and" >
            <foreach collection="criteria.criteria" item="criterion" >
              <choose >
                <when test="criterion.noValue" >
                  and ${criterion.condition}
                </when>
                <when test="criterion.singleValue" >
                  and ${criterion.condition} #{criterion.value}
                </when>
                <when test="criterion.betweenValue" >
                  and ${criterion.condition} #{criterion.value} and #{criterion.secondValue}
                </when>
                <when test="criterion.listValue" >
                  and ${criterion.condition}
                  <foreach collection="criterion.value" item="listItem" open="(" close=")" separator="," >
                    #{listItem}
                  </foreach>
                </when>
              </choose>
            </foreach>
          </trim>
        </if>
      </foreach>
    </where>
  </sql>
  <sql id="Base_Column_List" >
    <!--
      WARNING - @mbggenerated
      This element is automatically generated by MyBatis Generator, do not modify.
      This element was generated on Thu Nov 09 18:22:23 IST 2017.
    -->
    PROJECT_ID, ORDER_SOURCE, ORDER_TYPE, MINOR_ORDER_TYPE, FUNCTION_CODE, BULK_ORDER, 
    PRIORITY, RESP_HANDLER, EXPEDITE
  </sql>
  <select id="selectByExample" resultMap="BaseResultMap" parameterType="com.vz.esap.translation.dao.model.TblOrderPrioritySettingsExample" >
    <!--
      WARNING - @mbggenerated
      This element is automatically generated by MyBatis Generator, do not modify.
      This element was generated on Thu Nov 09 18:22:23 IST 2017.
    -->
    select
    <if test="distinct" >
      distinct
    </if>
    <include refid="Base_Column_List" />
    from TBL_ORDER_PRIORITY_SETTINGS
    <if test="_parameter != null" >
      <include refid="Example_Where_Clause" />
    </if>
    <if test="orderByClause != null" >
      order by ${orderByClause}
    </if>
  </select>
  <delete id="deleteByExample" parameterType="com.vz.esap.translation.dao.model.TblOrderPrioritySettingsExample" >
    <!--
      WARNING - @mbggenerated
      This element is automatically generated by MyBatis Generator, do not modify.
      This element was generated on Thu Nov 09 18:22:23 IST 2017.
    -->
    delete from TBL_ORDER_PRIORITY_SETTINGS
    <if test="_parameter != null" >
      <include refid="Example_Where_Clause" />
    </if>
  </delete>
  <insert id="insert" parameterType="com.vz.esap.translation.dao.model.TblOrderPrioritySettings" >
    <!--
      WARNING - @mbggenerated
      This element is automatically generated by MyBatis Generator, do not modify.
      This element was generated on Thu Nov 09 18:22:23 IST 2017.
    -->
    insert into TBL_ORDER_PRIORITY_SETTINGS (PROJECT_ID, ORDER_SOURCE, ORDER_TYPE, 
      MINOR_ORDER_TYPE, FUNCTION_CODE, BULK_ORDER, 
      PRIORITY, RESP_HANDLER, EXPEDITE
      )
    values (#{projectId,jdbcType=VARCHAR}, #{orderSource,jdbcType=VARCHAR}, #{orderType,jdbcType=CHAR}, 
      #{minorOrderType,jdbcType=VARCHAR}, #{functionCode,jdbcType=VARCHAR}, #{bulkOrder,jdbcType=CHAR}, 
      #{priority,jdbcType=DECIMAL}, #{respHandler,jdbcType=VARCHAR}, #{expedite,jdbcType=DECIMAL}
      )
  </insert>
  <insert id="insertSelective" parameterType="com.vz.esap.translation.dao.model.TblOrderPrioritySettings" >
    <!--
      WARNING - @mbggenerated
      This element is automatically generated by MyBatis Generator, do not modify.
      This element was generated on Thu Nov 09 18:22:23 IST 2017.
    -->
    insert into TBL_ORDER_PRIORITY_SETTINGS
    <trim prefix="(" suffix=")" suffixOverrides="," >
      <if test="projectId != null" >
        PROJECT_ID,
      </if>
      <if test="orderSource != null" >
        ORDER_SOURCE,
      </if>
      <if test="orderType != null" >
        ORDER_TYPE,
      </if>
      <if test="minorOrderType != null" >
        MINOR_ORDER_TYPE,
      </if>
      <if test="functionCode != null" >
        FUNCTION_CODE,
      </if>
      <if test="bulkOrder != null" >
        BULK_ORDER,
      </if>
      <if test="priority != null" >
        PRIORITY,
      </if>
      <if test="respHandler != null" >
        RESP_HANDLER,
      </if>
      <if test="expedite != null" >
        EXPEDITE,
      </if>
    </trim>
    <trim prefix="values (" suffix=")" suffixOverrides="," >
      <if test="projectId != null" >
        #{projectId,jdbcType=VARCHAR},
      </if>
      <if test="orderSource != null" >
        #{orderSource,jdbcType=VARCHAR},
      </if>
      <if test="orderType != null" >
        #{orderType,jdbcType=CHAR},
      </if>
      <if test="minorOrderType != null" >
        #{minorOrderType,jdbcType=VARCHAR},
      </if>
      <if test="functionCode != null" >
        #{functionCode,jdbcType=VARCHAR},
      </if>
      <if test="bulkOrder != null" >
        #{bulkOrder,jdbcType=CHAR},
      </if>
      <if test="priority != null" >
        #{priority,jdbcType=DECIMAL},
      </if>
      <if test="respHandler != null" >
        #{respHandler,jdbcType=VARCHAR},
      </if>
      <if test="expedite != null" >
        #{expedite,jdbcType=DECIMAL},
      </if>
    </trim>
  </insert>
  <select id="countByExample" parameterType="com.vz.esap.translation.dao.model.TblOrderPrioritySettingsExample" resultType="java.lang.Integer" >
    <!--
      WARNING - @mbggenerated
      This element is automatically generated by MyBatis Generator, do not modify.
      This element was generated on Thu Nov 09 18:22:23 IST 2017.
    -->
    select count(*) from TBL_ORDER_PRIORITY_SETTINGS
    <if test="_parameter != null" >
      <include refid="Example_Where_Clause" />
    </if>
  </select>
  <update id="updateByExampleSelective" parameterType="map" >
    <!--
      WARNING - @mbggenerated
      This element is automatically generated by MyBatis Generator, do not modify.
      This element was generated on Thu Nov 09 18:22:23 IST 2017.
    -->
    update TBL_ORDER_PRIORITY_SETTINGS
    <set >
      <if test="record.projectId != null" >
        PROJECT_ID = #{record.projectId,jdbcType=VARCHAR},
      </if>
      <if test="record.orderSource != null" >
        ORDER_SOURCE = #{record.orderSource,jdbcType=VARCHAR},
      </if>
      <if test="record.orderType != null" >
        ORDER_TYPE = #{record.orderType,jdbcType=CHAR},
      </if>
      <if test="record.minorOrderType != null" >
        MINOR_ORDER_TYPE = #{record.minorOrderType,jdbcType=VARCHAR},
      </if>
      <if test="record.functionCode != null" >
        FUNCTION_CODE = #{record.functionCode,jdbcType=VARCHAR},
      </if>
      <if test="record.bulkOrder != null" >
        BULK_ORDER = #{record.bulkOrder,jdbcType=CHAR},
      </if>
      <if test="record.priority != null" >
        PRIORITY = #{record.priority,jdbcType=DECIMAL},
      </if>
      <if test="record.respHandler != null" >
        RESP_HANDLER = #{record.respHandler,jdbcType=VARCHAR},
      </if>
      <if test="record.expedite != null" >
        EXPEDITE = #{record.expedite,jdbcType=DECIMAL},
      </if>
    </set>
    <if test="_parameter != null" >
      <include refid="Update_By_Example_Where_Clause" />
    </if>
  </update>
  <update id="updateByExample" parameterType="map" >
    <!--
      WARNING - @mbggenerated
      This element is automatically generated by MyBatis Generator, do not modify.
      This element was generated on Thu Nov 09 18:22:23 IST 2017.
    -->
    update TBL_ORDER_PRIORITY_SETTINGS
    set PROJECT_ID = #{record.projectId,jdbcType=VARCHAR},
      ORDER_SOURCE = #{record.orderSource,jdbcType=VARCHAR},
      ORDER_TYPE = #{record.orderType,jdbcType=CHAR},
      MINOR_ORDER_TYPE = #{record.minorOrderType,jdbcType=VARCHAR},
      FUNCTION_CODE = #{record.functionCode,jdbcType=VARCHAR},
      BULK_ORDER = #{record.bulkOrder,jdbcType=CHAR},
      PRIORITY = #{record.priority,jdbcType=DECIMAL},
      RESP_HANDLER = #{record.respHandler,jdbcType=VARCHAR},
      EXPEDITE = #{record.expedite,jdbcType=DECIMAL}
    <if test="_parameter != null" >
      <include refid="Update_By_Example_Where_Clause" />
    </if>
  </update>
  
  
  <!--  Custom SQLs here -->
  
  <select id="getOrderPrioritySettings" resultMap="BaseResultMap" parameterType="map" >
    select * from TBL_ORDER_PRIORITY_SETTINGS WHERE PROJECT_ID = '${ProjectId}'
    <choose>
		<when test="ORDER_SOURCE != null">
			AND (ORDER_SOURCE is null or ORDER_SOURCE='${ORDER_SOURCE}')
		</when>
	</choose>	
	<choose>
		<when test="ORDER_TYPE != null">
			AND (ORDER_TYPE is null or ORDER_TYPE='${ORDER_TYPE}')
		</when>
	</choose>
	<choose>
		<when test="MINOR_ORDER_TYPE != null">
			AND (MINOR_ORDER_TYPE is null or MINOR_ORDER_TYPE='${MINOR_ORDER_TYPE}')
		</when>
	</choose>
	<choose>
		<when test="FUNCTION_CODE != null">
			AND (FUNCTION_CODE is null or FUNCTION_CODE='${FUNCTION_CODE}')
		</when>
	</choose>
	<choose>
		<when test="BULK_ORDER != null">
			AND (BULK_ORDER is null or BULK_ORDER='${BULK_ORDER}')
		</when>
	</choose>	
	<choose>
		<when test="EXPEDITE != null">
			AND (EXPEDITE is null or EXPEDITE='${EXPEDITE}')
		</when>
	</choose>	
	order by PROJECT_ID,ORDER_SOURCE,ORDER_TYPE,MINOR_ORDER_TYPE,FUNCTION_CODE,BULK_ORDER,EXPEDITE
  </select>
  
</mapper>