<?xml version="1.0" encoding="UTF-8" ?>
<!DOCTYPE mapper PUBLIC "-//mybatis.org//DTD Mapper 3.0//EN" "http://mybatis.org/dtd/mybatis-3-mapper.dtd" >
<mapper namespace="com.vz.esap.translation.dao.repository.TblPendingWoTaskDbBeanMapper" >
  <resultMap id="BaseResultMap" type="com.vz.esap.translation.dao.model.TblPendingWoTaskDbBean" >
    <!--
      WARNING - @mbggenerated
      This element is automatically generated by MyBatis Generator, do not modify.
      This element was generated on Thu Jul 18 16:20:10 CDT 2019.
    -->
    <id column="ORDER_ID" property="orderId" jdbcType="DECIMAL" />
    <result column="APPTYPE_ID" property="apptypeId" jdbcType="DECIMAL" />
    <result column="PRIORITY" property="priority" jdbcType="DECIMAL" />
    <result column="RECVD_DATE" property="recvdDate" jdbcType="TIMESTAMP" />
    <result column="PENDING_WO_TYPE" property="pendingWoType" jdbcType="DECIMAL" />
    <result column="BASE_CLLI" property="baseClli" jdbcType="VARCHAR" />
    <result column="SERVICE" property="service" jdbcType="VARCHAR" />
    <result column="SEQ_NO" property="seqNo" jdbcType="DECIMAL" />
    <result column="DEVICE" property="device" jdbcType="VARCHAR" />
    <result column="WF_STATUS" property="wfStatus" jdbcType="DECIMAL" />
    <result column="AQM_TASK_ID" property="aqmTaskId" jdbcType="DECIMAL" />
    <result column="AQM_TASK_OUTPUT" property="aqmTaskOutput" jdbcType="VARCHAR" />
    <result column="AQM_TASK_OUTPUT_OPTIONAL" property="aqmTaskOutputOptional" jdbcType="VARCHAR" />
    <result column="AQM_TASK_COMPLETION_STATUS" property="aqmTaskCompletionStatus" jdbcType="DECIMAL" />
    <result column="ORDER_STATUS" property="orderStatus" jdbcType="DECIMAL" />
    <result column="CONNECTION_TYPE" property="connectionType" jdbcType="VARCHAR" />
    <result column="PREVIOUS_TASK_ID" property="previousTaskId" jdbcType="DECIMAL" />
    <result column="ESAP_CLUSTER" property="esapCluster" jdbcType="VARCHAR" />
  </resultMap>
  <sql id="Example_Where_Clause" >
    <!--
      WARNING - @mbggenerated
      This element is automatically generated by MyBatis Generator, do not modify.
      This element was generated on Thu Jul 18 16:20:10 CDT 2019.
    -->
    <where >
      <foreach collection="oredCriteria" item="criteria" separator="or" >
        <if test="criteria.valid" >
          <trim prefix="(" suffix=")" prefixOverrides="and" >
            <foreach collection="criteria.criteria" item="criterion" >
              <choose >
                <when test="criterion.noValue" >
                  and ${criterion.condition}
                </when>
                <when test="criterion.singleValue" >
                  and ${criterion.condition} #{criterion.value}
                </when>
                <when test="criterion.betweenValue" >
                  and ${criterion.condition} #{criterion.value} and #{criterion.secondValue}
                </when>
                <when test="criterion.listValue" >
                  and ${criterion.condition}
                  <foreach collection="criterion.value" item="listItem" open="(" close=")" separator="," >
                    #{listItem}
                  </foreach>
                </when>
              </choose>
            </foreach>
          </trim>
        </if>
      </foreach>
    </where>
  </sql>
  <sql id="Update_By_Example_Where_Clause" >
    <!--
      WARNING - @mbggenerated
      This element is automatically generated by MyBatis Generator, do not modify.
      This element was generated on Thu Jul 18 16:20:10 CDT 2019.
    -->
    <where >
      <foreach collection="example.oredCriteria" item="criteria" separator="or" >
        <if test="criteria.valid" >
          <trim prefix="(" suffix=")" prefixOverrides="and" >
            <foreach collection="criteria.criteria" item="criterion" >
              <choose >
                <when test="criterion.noValue" >
                  and ${criterion.condition}
                </when>
                <when test="criterion.singleValue" >
                  and ${criterion.condition} #{criterion.value}
                </when>
                <when test="criterion.betweenValue" >
                  and ${criterion.condition} #{criterion.value} and #{criterion.secondValue}
                </when>
                <when test="criterion.listValue" >
                  and ${criterion.condition}
                  <foreach collection="criterion.value" item="listItem" open="(" close=")" separator="," >
                    #{listItem}
                  </foreach>
                </when>
              </choose>
            </foreach>
          </trim>
        </if>
      </foreach>
    </where>
  </sql>
  <sql id="Base_Column_List" >
    <!--
      WARNING - @mbggenerated
      This element is automatically generated by MyBatis Generator, do not modify.
      This element was generated on Thu Jul 18 16:20:10 CDT 2019.
    -->
    ORDER_ID, APPTYPE_ID, PRIORITY, RECVD_DATE, PENDING_WO_TYPE, BASE_CLLI, SERVICE, 
    SEQ_NO, DEVICE, WF_STATUS, AQM_TASK_ID, AQM_TASK_OUTPUT, AQM_TASK_OUTPUT_OPTIONAL, 
    AQM_TASK_COMPLETION_STATUS, ORDER_STATUS, CONNECTION_TYPE, PREVIOUS_TASK_ID, ESAP_CLUSTER
  </sql>
  <select id="selectByExample" resultMap="BaseResultMap" parameterType="com.vz.esap.translation.dao.model.TblPendingWoTaskDbBeanExample" >
    <!--
      WARNING - @mbggenerated
      This element is automatically generated by MyBatis Generator, do not modify.
      This element was generated on Thu Jul 18 16:20:10 CDT 2019.
    -->
    select
    <if test="distinct" >
      distinct
    </if>
    <include refid="Base_Column_List" />
    from TBL_PENDING_WO_TASK
    <if test="_parameter != null" >
      <include refid="Example_Where_Clause" />
    </if>
    <if test="orderByClause != null" >
      order by ${orderByClause}
    </if>
  </select>
  <select id="selectByPrimaryKey" resultMap="BaseResultMap" parameterType="java.lang.Long" >
    <!--
      WARNING - @mbggenerated
      This element is automatically generated by MyBatis Generator, do not modify.
      This element was generated on Thu Jul 18 16:20:10 CDT 2019.
    -->
    select 
    <include refid="Base_Column_List" />
    from TBL_PENDING_WO_TASK
    where ORDER_ID = #{orderId,jdbcType=DECIMAL}
  </select>
  <delete id="deleteByPrimaryKey" parameterType="java.lang.Long" >
    <!--
      WARNING - @mbggenerated
      This element is automatically generated by MyBatis Generator, do not modify.
      This element was generated on Thu Jul 18 16:20:10 CDT 2019.
    -->
    delete from TBL_PENDING_WO_TASK
    where ORDER_ID = #{orderId,jdbcType=DECIMAL}
  </delete>
  <delete id="deleteByExample" parameterType="com.vz.esap.translation.dao.model.TblPendingWoTaskDbBeanExample" >
    <!--
      WARNING - @mbggenerated
      This element is automatically generated by MyBatis Generator, do not modify.
      This element was generated on Thu Jul 18 16:20:10 CDT 2019.
    -->
    delete from TBL_PENDING_WO_TASK
    <if test="_parameter != null" >
      <include refid="Example_Where_Clause" />
    </if>
  </delete>
  <insert id="insert" parameterType="com.vz.esap.translation.dao.model.TblPendingWoTaskDbBean" >
    <!--
      WARNING - @mbggenerated
      This element is automatically generated by MyBatis Generator, do not modify.
      This element was generated on Thu Jul 18 16:20:10 CDT 2019.
    -->
    insert into TBL_PENDING_WO_TASK (ORDER_ID, APPTYPE_ID, PRIORITY, 
      RECVD_DATE, PENDING_WO_TYPE, BASE_CLLI, 
      SERVICE, SEQ_NO, DEVICE, 
      WF_STATUS, AQM_TASK_ID, AQM_TASK_OUTPUT, 
      AQM_TASK_OUTPUT_OPTIONAL, AQM_TASK_COMPLETION_STATUS, 
      ORDER_STATUS, CONNECTION_TYPE, PREVIOUS_TASK_ID, 
      ESAP_CLUSTER)
    values (#{orderId,jdbcType=DECIMAL}, #{apptypeId,jdbcType=DECIMAL}, #{priority,jdbcType=DECIMAL}, 
      #{recvdDate,jdbcType=TIMESTAMP}, #{pendingWoType,jdbcType=DECIMAL}, #{baseClli,jdbcType=VARCHAR}, 
      #{service,jdbcType=VARCHAR}, #{seqNo,jdbcType=DECIMAL}, #{device,jdbcType=VARCHAR}, 
      #{wfStatus,jdbcType=DECIMAL}, #{aqmTaskId,jdbcType=DECIMAL}, #{aqmTaskOutput,jdbcType=VARCHAR}, 
      #{aqmTaskOutputOptional,jdbcType=VARCHAR}, #{aqmTaskCompletionStatus,jdbcType=DECIMAL}, 
      #{orderStatus,jdbcType=DECIMAL}, #{connectionType,jdbcType=VARCHAR}, #{previousTaskId,jdbcType=DECIMAL}, 
      #{esapCluster,jdbcType=VARCHAR})
  </insert>
  <insert id="insertSelective" parameterType="com.vz.esap.translation.dao.model.TblPendingWoTaskDbBean" >
    <!--
      WARNING - @mbggenerated
      This element is automatically generated by MyBatis Generator, do not modify.
      This element was generated on Thu Jul 18 16:20:10 CDT 2019.
    -->
    insert into TBL_PENDING_WO_TASK
    <trim prefix="(" suffix=")" suffixOverrides="," >
      <if test="orderId != null" >
        ORDER_ID,
      </if>
      <if test="apptypeId != null" >
        APPTYPE_ID,
      </if>
      <if test="priority != null" >
        PRIORITY,
      </if>
      <if test="recvdDate != null" >
        RECVD_DATE,
      </if>
      <if test="pendingWoType != null" >
        PENDING_WO_TYPE,
      </if>
      <if test="baseClli != null" >
        BASE_CLLI,
      </if>
      <if test="service != null" >
        SERVICE,
      </if>
      <if test="seqNo != null" >
        SEQ_NO,
      </if>
      <if test="device != null" >
        DEVICE,
      </if>
      <if test="wfStatus != null" >
        WF_STATUS,
      </if>
      <if test="aqmTaskId != null" >
        AQM_TASK_ID,
      </if>
      <if test="aqmTaskOutput != null" >
        AQM_TASK_OUTPUT,
      </if>
      <if test="aqmTaskOutputOptional != null" >
        AQM_TASK_OUTPUT_OPTIONAL,
      </if>
      <if test="aqmTaskCompletionStatus != null" >
        AQM_TASK_COMPLETION_STATUS,
      </if>
      <if test="orderStatus != null" >
        ORDER_STATUS,
      </if>
      <if test="connectionType != null" >
        CONNECTION_TYPE,
      </if>
      <if test="previousTaskId != null" >
        PREVIOUS_TASK_ID,
      </if>
      <if test="esapCluster != null" >
        ESAP_CLUSTER,
      </if>
    </trim>
    <trim prefix="values (" suffix=")" suffixOverrides="," >
      <if test="orderId != null" >
        #{orderId,jdbcType=DECIMAL},
      </if>
      <if test="apptypeId != null" >
        #{apptypeId,jdbcType=DECIMAL},
      </if>
      <if test="priority != null" >
        #{priority,jdbcType=DECIMAL},
      </if>
      <if test="recvdDate != null" >
        #{recvdDate,jdbcType=TIMESTAMP},
      </if>
      <if test="pendingWoType != null" >
        #{pendingWoType,jdbcType=DECIMAL},
      </if>
      <if test="baseClli != null" >
        #{baseClli,jdbcType=VARCHAR},
      </if>
      <if test="service != null" >
        #{service,jdbcType=VARCHAR},
      </if>
      <if test="seqNo != null" >
        #{seqNo,jdbcType=DECIMAL},
      </if>
      <if test="device != null" >
        #{device,jdbcType=VARCHAR},
      </if>
      <if test="wfStatus != null" >
        #{wfStatus,jdbcType=DECIMAL},
      </if>
      <if test="aqmTaskId != null" >
        #{aqmTaskId,jdbcType=DECIMAL},
      </if>
      <if test="aqmTaskOutput != null" >
        #{aqmTaskOutput,jdbcType=VARCHAR},
      </if>
      <if test="aqmTaskOutputOptional != null" >
        #{aqmTaskOutputOptional,jdbcType=VARCHAR},
      </if>
      <if test="aqmTaskCompletionStatus != null" >
        #{aqmTaskCompletionStatus,jdbcType=DECIMAL},
      </if>
      <if test="orderStatus != null" >
        #{orderStatus,jdbcType=DECIMAL},
      </if>
      <if test="connectionType != null" >
        #{connectionType,jdbcType=VARCHAR},
      </if>
      <if test="previousTaskId != null" >
        #{previousTaskId,jdbcType=DECIMAL},
      </if>
      <if test="esapCluster != null" >
        #{esapCluster,jdbcType=VARCHAR},
      </if>
    </trim>
  </insert>
  <select id="countByExample" parameterType="com.vz.esap.translation.dao.model.TblPendingWoTaskDbBeanExample" resultType="java.lang.Integer" >
    <!--
      WARNING - @mbggenerated
      This element is automatically generated by MyBatis Generator, do not modify.
      This element was generated on Thu Jul 18 16:20:10 CDT 2019.
    -->
    select count(*) from TBL_PENDING_WO_TASK
    <if test="_parameter != null" >
      <include refid="Example_Where_Clause" />
    </if>
  </select>
  <update id="updateByExampleSelective" parameterType="map" >
    <!--
      WARNING - @mbggenerated
      This element is automatically generated by MyBatis Generator, do not modify.
      This element was generated on Thu Jul 18 16:20:10 CDT 2019.
    -->
    update TBL_PENDING_WO_TASK
    <set >
      <if test="record.orderId != null" >
        ORDER_ID = #{record.orderId,jdbcType=DECIMAL},
      </if>
      <if test="record.apptypeId != null" >
        APPTYPE_ID = #{record.apptypeId,jdbcType=DECIMAL},
      </if>
      <if test="record.priority != null" >
        PRIORITY = #{record.priority,jdbcType=DECIMAL},
      </if>
      <if test="record.recvdDate != null" >
        RECVD_DATE = #{record.recvdDate,jdbcType=TIMESTAMP},
      </if>
      <if test="record.pendingWoType != null" >
        PENDING_WO_TYPE = #{record.pendingWoType,jdbcType=DECIMAL},
      </if>
      <if test="record.baseClli != null" >
        BASE_CLLI = #{record.baseClli,jdbcType=VARCHAR},
      </if>
      <if test="record.service != null" >
        SERVICE = #{record.service,jdbcType=VARCHAR},
      </if>
      <if test="record.seqNo != null" >
        SEQ_NO = #{record.seqNo,jdbcType=DECIMAL},
      </if>
      <if test="record.device != null" >
        DEVICE = #{record.device,jdbcType=VARCHAR},
      </if>
      <if test="record.wfStatus != null" >
        WF_STATUS = #{record.wfStatus,jdbcType=DECIMAL},
      </if>
      <if test="record.aqmTaskId != null" >
        AQM_TASK_ID = #{record.aqmTaskId,jdbcType=DECIMAL},
      </if>
      <if test="record.aqmTaskOutput != null" >
        AQM_TASK_OUTPUT = #{record.aqmTaskOutput,jdbcType=VARCHAR},
      </if>
      <if test="record.aqmTaskOutputOptional != null" >
        AQM_TASK_OUTPUT_OPTIONAL = #{record.aqmTaskOutputOptional,jdbcType=VARCHAR},
      </if>
      <if test="record.aqmTaskCompletionStatus != null" >
        AQM_TASK_COMPLETION_STATUS = #{record.aqmTaskCompletionStatus,jdbcType=DECIMAL},
      </if>
      <if test="record.orderStatus != null" >
        ORDER_STATUS = #{record.orderStatus,jdbcType=DECIMAL},
      </if>
      <if test="record.connectionType != null" >
        CONNECTION_TYPE = #{record.connectionType,jdbcType=VARCHAR},
      </if>
      <if test="record.previousTaskId != null" >
        PREVIOUS_TASK_ID = #{record.previousTaskId,jdbcType=DECIMAL},
      </if>
      <if test="record.esapCluster != null" >
        ESAP_CLUSTER = #{record.esapCluster,jdbcType=VARCHAR},
      </if>
    </set>
    <if test="_parameter != null" >
      <include refid="Update_By_Example_Where_Clause" />
    </if>
  </update>
  <update id="updateByExample" parameterType="map" >
    <!--
      WARNING - @mbggenerated
      This element is automatically generated by MyBatis Generator, do not modify.
      This element was generated on Thu Jul 18 16:20:10 CDT 2019.
    -->
    update TBL_PENDING_WO_TASK
    set ORDER_ID = #{record.orderId,jdbcType=DECIMAL},
      APPTYPE_ID = #{record.apptypeId,jdbcType=DECIMAL},
      PRIORITY = #{record.priority,jdbcType=DECIMAL},
      RECVD_DATE = #{record.recvdDate,jdbcType=TIMESTAMP},
      PENDING_WO_TYPE = #{record.pendingWoType,jdbcType=DECIMAL},
      BASE_CLLI = #{record.baseClli,jdbcType=VARCHAR},
      SERVICE = #{record.service,jdbcType=VARCHAR},
      SEQ_NO = #{record.seqNo,jdbcType=DECIMAL},
      DEVICE = #{record.device,jdbcType=VARCHAR},
      WF_STATUS = #{record.wfStatus,jdbcType=DECIMAL},
      AQM_TASK_ID = #{record.aqmTaskId,jdbcType=DECIMAL},
      AQM_TASK_OUTPUT = #{record.aqmTaskOutput,jdbcType=VARCHAR},
      AQM_TASK_OUTPUT_OPTIONAL = #{record.aqmTaskOutputOptional,jdbcType=VARCHAR},
      AQM_TASK_COMPLETION_STATUS = #{record.aqmTaskCompletionStatus,jdbcType=DECIMAL},
      ORDER_STATUS = #{record.orderStatus,jdbcType=DECIMAL},
      CONNECTION_TYPE = #{record.connectionType,jdbcType=VARCHAR},
      PREVIOUS_TASK_ID = #{record.previousTaskId,jdbcType=DECIMAL},
      ESAP_CLUSTER = #{record.esapCluster,jdbcType=VARCHAR}
    <if test="_parameter != null" >
      <include refid="Update_By_Example_Where_Clause" />
    </if>
  </update>
  <update id="updateByPrimaryKeySelective" parameterType="com.vz.esap.translation.dao.model.TblPendingWoTaskDbBean" >
    <!--
      WARNING - @mbggenerated
      This element is automatically generated by MyBatis Generator, do not modify.
      This element was generated on Thu Jul 18 16:20:10 CDT 2019.
    -->
    update TBL_PENDING_WO_TASK
    <set >
      <if test="apptypeId != null" >
        APPTYPE_ID = #{apptypeId,jdbcType=DECIMAL},
      </if>
      <if test="priority != null" >
        PRIORITY = #{priority,jdbcType=DECIMAL},
      </if>
      <if test="recvdDate != null" >
        RECVD_DATE = #{recvdDate,jdbcType=TIMESTAMP},
      </if>
      <if test="pendingWoType != null" >
        PENDING_WO_TYPE = #{pendingWoType,jdbcType=DECIMAL},
      </if>
      <if test="baseClli != null" >
        BASE_CLLI = #{baseClli,jdbcType=VARCHAR},
      </if>
      <if test="service != null" >
        SERVICE = #{service,jdbcType=VARCHAR},
      </if>
      <if test="seqNo != null" >
        SEQ_NO = #{seqNo,jdbcType=DECIMAL},
      </if>
      <if test="device != null" >
        DEVICE = #{device,jdbcType=VARCHAR},
      </if>
      <if test="wfStatus != null" >
        WF_STATUS = #{wfStatus,jdbcType=DECIMAL},
      </if>
      <if test="aqmTaskId != null" >
        AQM_TASK_ID = #{aqmTaskId,jdbcType=DECIMAL},
      </if>
      <if test="aqmTaskOutput != null" >
        AQM_TASK_OUTPUT = #{aqmTaskOutput,jdbcType=VARCHAR},
      </if>
      <if test="aqmTaskOutputOptional != null" >
        AQM_TASK_OUTPUT_OPTIONAL = #{aqmTaskOutputOptional,jdbcType=VARCHAR},
      </if>
      <if test="aqmTaskCompletionStatus != null" >
        AQM_TASK_COMPLETION_STATUS = #{aqmTaskCompletionStatus,jdbcType=DECIMAL},
      </if>
      <if test="orderStatus != null" >
        ORDER_STATUS = #{orderStatus,jdbcType=DECIMAL},
      </if>
      <if test="connectionType != null" >
        CONNECTION_TYPE = #{connectionType,jdbcType=VARCHAR},
      </if>
      <if test="previousTaskId != null" >
        PREVIOUS_TASK_ID = #{previousTaskId,jdbcType=DECIMAL},
      </if>
      <if test="esapCluster != null" >
        ESAP_CLUSTER = #{esapCluster,jdbcType=VARCHAR},
      </if>
    </set>
    where ORDER_ID = #{orderId,jdbcType=DECIMAL}
  </update>
  <update id="updateByPrimaryKey" parameterType="com.vz.esap.translation.dao.model.TblPendingWoTaskDbBean" >
    <!--
      WARNING - @mbggenerated
      This element is automatically generated by MyBatis Generator, do not modify.
      This element was generated on Thu Jul 18 16:20:10 CDT 2019.
    -->
    update TBL_PENDING_WO_TASK
    set APPTYPE_ID = #{apptypeId,jdbcType=DECIMAL},
      PRIORITY = #{priority,jdbcType=DECIMAL},
      RECVD_DATE = #{recvdDate,jdbcType=TIMESTAMP},
      PENDING_WO_TYPE = #{pendingWoType,jdbcType=DECIMAL},
      BASE_CLLI = #{baseClli,jdbcType=VARCHAR},
      SERVICE = #{service,jdbcType=VARCHAR},
      SEQ_NO = #{seqNo,jdbcType=DECIMAL},
      DEVICE = #{device,jdbcType=VARCHAR},
      WF_STATUS = #{wfStatus,jdbcType=DECIMAL},
      AQM_TASK_ID = #{aqmTaskId,jdbcType=DECIMAL},
      AQM_TASK_OUTPUT = #{aqmTaskOutput,jdbcType=VARCHAR},
      AQM_TASK_OUTPUT_OPTIONAL = #{aqmTaskOutputOptional,jdbcType=VARCHAR},
      AQM_TASK_COMPLETION_STATUS = #{aqmTaskCompletionStatus,jdbcType=DECIMAL},
      ORDER_STATUS = #{orderStatus,jdbcType=DECIMAL},
      CONNECTION_TYPE = #{connectionType,jdbcType=VARCHAR},
      PREVIOUS_TASK_ID = #{previousTaskId,jdbcType=DECIMAL},
      ESAP_CLUSTER = #{esapCluster,jdbcType=VARCHAR}
    where ORDER_ID = #{orderId,jdbcType=DECIMAL}
  </update>
</mapper>