<?xml version="1.0" encoding="UTF-8" ?>
<!DOCTYPE mapper PUBLIC "-//mybatis.org//DTD Mapper 3.0//EN" "http://mybatis.org/dtd/mybatis-3-mapper.dtd" >
<mapper namespace="com.vz.esap.translation.dao.repository.TblParentOrdersMapper" >
  <resultMap id="BaseResultMap" type="com.vz.esap.translation.dao.model.TblParentOrders" >
    <!--
      WARNING - @mbggenerated
      This element is automatically generated by MyBatis Generator, do not modify.
      This element was generated on Mon Jul 30 13:16:48 CDT 2018.
    -->
    <id column="ORDER_ID" property="orderId" jdbcType="DECIMAL" />
    <id column="PARENT_ORDER_ID" property="parentOrderId" jdbcType="DECIMAL" />
    <result column="PARENT_PENDING" property="parentPending" jdbcType="CHAR" />
  </resultMap>
  <sql id="Example_Where_Clause" >
    <!--
      WARNING - @mbggenerated
      This element is automatically generated by MyBatis Generator, do not modify.
      This element was generated on Mon Jul 30 13:16:48 CDT 2018.
    -->
    <where >
      <foreach collection="oredCriteria" item="criteria" separator="or" >
        <if test="criteria.valid" >
          <trim prefix="(" suffix=")" prefixOverrides="and" >
            <foreach collection="criteria.criteria" item="criterion" >
              <choose >
                <when test="criterion.noValue" >
                  and ${criterion.condition}
                </when>
                <when test="criterion.singleValue" >
                  and ${criterion.condition} #{criterion.value}
                </when>
                <when test="criterion.betweenValue" >
                  and ${criterion.condition} #{criterion.value} and #{criterion.secondValue}
                </when>
                <when test="criterion.listValue" >
                  and ${criterion.condition}
                  <foreach collection="criterion.value" item="listItem" open="(" close=")" separator="," >
                    #{listItem}
                  </foreach>
                </when>
              </choose>
            </foreach>
          </trim>
        </if>
      </foreach>
    </where>
  </sql>
  <sql id="Update_By_Example_Where_Clause" >
    <!--
      WARNING - @mbggenerated
      This element is automatically generated by MyBatis Generator, do not modify.
      This element was generated on Mon Jul 30 13:16:48 CDT 2018.
    -->
    <where >
      <foreach collection="example.oredCriteria" item="criteria" separator="or" >
        <if test="criteria.valid" >
          <trim prefix="(" suffix=")" prefixOverrides="and" >
            <foreach collection="criteria.criteria" item="criterion" >
              <choose >
                <when test="criterion.noValue" >
                  and ${criterion.condition}
                </when>
                <when test="criterion.singleValue" >
                  and ${criterion.condition} #{criterion.value}
                </when>
                <when test="criterion.betweenValue" >
                  and ${criterion.condition} #{criterion.value} and #{criterion.secondValue}
                </when>
                <when test="criterion.listValue" >
                  and ${criterion.condition}
                  <foreach collection="criterion.value" item="listItem" open="(" close=")" separator="," >
                    #{listItem}
                  </foreach>
                </when>
              </choose>
            </foreach>
          </trim>
        </if>
      </foreach>
    </where>
  </sql>
  <sql id="Base_Column_List" >
    <!--
      WARNING - @mbggenerated
      This element is automatically generated by MyBatis Generator, do not modify.
      This element was generated on Mon Jul 30 13:16:48 CDT 2018.
    -->
    ORDER_ID, PARENT_ORDER_ID, PARENT_PENDING
  </sql>
  <select id="selectByExample" resultMap="BaseResultMap" parameterType="com.vz.esap.translation.dao.model.TblParentOrdersExample" >
    <!--
      WARNING - @mbggenerated
      This element is automatically generated by MyBatis Generator, do not modify.
      This element was generated on Mon Jul 30 13:16:48 CDT 2018.
    -->
    select
    <if test="distinct" >
      distinct
    </if>
    <include refid="Base_Column_List" />
    from TBL_PARENT_ORDERS
    <if test="_parameter != null" >
      <include refid="Example_Where_Clause" />
    </if>
    <if test="orderByClause != null" >
      order by ${orderByClause}
    </if>
  </select>
  <select id="selectByPrimaryKey" resultMap="BaseResultMap" parameterType="map" >
    <!--
      WARNING - @mbggenerated
      This element is automatically generated by MyBatis Generator, do not modify.
      This element was generated on Mon Jul 30 13:16:48 CDT 2018.
    -->
    select 
    <include refid="Base_Column_List" />
    from TBL_PARENT_ORDERS
    where ORDER_ID = #{orderId,jdbcType=DECIMAL}
      and PARENT_ORDER_ID = #{parentOrderId,jdbcType=DECIMAL}
  </select>
  <delete id="deleteByPrimaryKey" parameterType="map" >
    <!--
      WARNING - @mbggenerated
      This element is automatically generated by MyBatis Generator, do not modify.
      This element was generated on Mon Jul 30 13:16:48 CDT 2018.
    -->
    delete from TBL_PARENT_ORDERS
    where ORDER_ID = #{orderId,jdbcType=DECIMAL}
      and PARENT_ORDER_ID = #{parentOrderId,jdbcType=DECIMAL}
  </delete>
  <delete id="deleteByExample" parameterType="com.vz.esap.translation.dao.model.TblParentOrdersExample" >
    <!--
      WARNING - @mbggenerated
      This element is automatically generated by MyBatis Generator, do not modify.
      This element was generated on Mon Jul 30 13:16:48 CDT 2018.
    -->
    delete from TBL_PARENT_ORDERS
    <if test="_parameter != null" >
      <include refid="Example_Where_Clause" />
    </if>
  </delete>
  <insert id="insert" parameterType="com.vz.esap.translation.dao.model.TblParentOrders" >
    <!--
      WARNING - @mbggenerated
      This element is automatically generated by MyBatis Generator, do not modify.
      This element was generated on Mon Jul 30 13:16:48 CDT 2018.
    -->
    insert into TBL_PARENT_ORDERS (ORDER_ID, PARENT_ORDER_ID, PARENT_PENDING
      )
    values (#{orderId,jdbcType=DECIMAL}, #{parentOrderId,jdbcType=DECIMAL}, #{parentPending,jdbcType=CHAR}
      )
  </insert>
  <insert id="insertSelective" parameterType="com.vz.esap.translation.dao.model.TblParentOrders" >
    <!--
      WARNING - @mbggenerated
      This element is automatically generated by MyBatis Generator, do not modify.
      This element was generated on Mon Jul 30 13:16:48 CDT 2018.
    -->
    insert into TBL_PARENT_ORDERS
    <trim prefix="(" suffix=")" suffixOverrides="," >
      <if test="orderId != null" >
        ORDER_ID,
      </if>
      <if test="parentOrderId != null" >
        PARENT_ORDER_ID,
      </if>
      <if test="parentPending != null" >
        PARENT_PENDING,
      </if>
    </trim>
    <trim prefix="values (" suffix=")" suffixOverrides="," >
      <if test="orderId != null" >
        #{orderId,jdbcType=DECIMAL},
      </if>
      <if test="parentOrderId != null" >
        #{parentOrderId,jdbcType=DECIMAL},
      </if>
      <if test="parentPending != null" >
        #{parentPending,jdbcType=CHAR},
      </if>
    </trim>
  </insert>
  <select id="countByExample" parameterType="com.vz.esap.translation.dao.model.TblParentOrdersExample" resultType="java.lang.Integer" >
    <!--
      WARNING - @mbggenerated
      This element is automatically generated by MyBatis Generator, do not modify.
      This element was generated on Mon Jul 30 13:16:48 CDT 2018.
    -->
    select count(*) from TBL_PARENT_ORDERS
    <if test="_parameter != null" >
      <include refid="Example_Where_Clause" />
    </if>
  </select>
  <update id="updateByExampleSelective" parameterType="map" >
    <!--
      WARNING - @mbggenerated
      This element is automatically generated by MyBatis Generator, do not modify.
      This element was generated on Mon Jul 30 13:16:48 CDT 2018.
    -->
    update TBL_PARENT_ORDERS
    <set >
      <if test="record.orderId != null" >
        ORDER_ID = #{record.orderId,jdbcType=DECIMAL},
      </if>
      <if test="record.parentOrderId != null" >
        PARENT_ORDER_ID = #{record.parentOrderId,jdbcType=DECIMAL},
      </if>
      <if test="record.parentPending != null" >
        PARENT_PENDING = #{record.parentPending,jdbcType=CHAR},
      </if>
    </set>
    <if test="_parameter != null" >
      <include refid="Update_By_Example_Where_Clause" />
    </if>
  </update>
  <update id="updateByExample" parameterType="map" >
    <!--
      WARNING - @mbggenerated
      This element is automatically generated by MyBatis Generator, do not modify.
      This element was generated on Mon Jul 30 13:16:48 CDT 2018.
    -->
    update TBL_PARENT_ORDERS
    set ORDER_ID = #{record.orderId,jdbcType=DECIMAL},
      PARENT_ORDER_ID = #{record.parentOrderId,jdbcType=DECIMAL},
      PARENT_PENDING = #{record.parentPending,jdbcType=CHAR}
    <if test="_parameter != null" >
      <include refid="Update_By_Example_Where_Clause" />
    </if>
  </update>
  <update id="updateByPrimaryKeySelective" parameterType="com.vz.esap.translation.dao.model.TblParentOrders" >
    <!--
      WARNING - @mbggenerated
      This element is automatically generated by MyBatis Generator, do not modify.
      This element was generated on Mon Jul 30 13:16:48 CDT 2018.
    -->
    update TBL_PARENT_ORDERS
    <set >
      <if test="parentPending != null" >
        PARENT_PENDING = #{parentPending,jdbcType=CHAR},
      </if>
    </set>
    where ORDER_ID = #{orderId,jdbcType=DECIMAL}
      and PARENT_ORDER_ID = #{parentOrderId,jdbcType=DECIMAL}
  </update>
  <update id="updateByPrimaryKey" parameterType="com.vz.esap.translation.dao.model.TblParentOrders" >
    <!--
      WARNING - @mbggenerated
      This element is automatically generated by MyBatis Generator, do not modify.
      This element was generated on Mon Jul 30 13:16:48 CDT 2018.
    -->
    update TBL_PARENT_ORDERS
    set PARENT_PENDING = #{parentPending,jdbcType=CHAR}
    where ORDER_ID = #{orderId,jdbcType=DECIMAL}
      and PARENT_ORDER_ID = #{parentOrderId,jdbcType=DECIMAL}
  </update>
</mapper>