<?xml version="1.0" encoding="UTF-8" ?>
<!DOCTYPE mapper PUBLIC "-//mybatis.org//DTD Mapper 3.0//EN" "http://mybatis.org/dtd/mybatis-3-mapper.dtd" >
<mapper namespace="com.vz.esap.translation.dao.repository.CustomTblRetailServiceMapper" >
  <resultMap id="BaseResultMap" type="com.vz.esap.translation.dao.model.TblRetailService" >
    <!--
      WARNING - @mbggenerated
      This element is automatically generated by MyBatis Generator, do not modify.
      This element was generated on Mon Nov 06 15:53:53 IST 2017.
    -->
    <result column="PRODUCT" property="product" jdbcType="VARCHAR" />
    <result column="ORDER_TYPE" property="orderType" jdbcType="CHAR" />
    <result column="FUNCTION_CODE" property="functionCode" jdbcType="VARCHAR" />
    <result column="CENTREX_TYPE" property="centrexType" jdbcType="VARCHAR" />
    <result column="SERVICE_TYPE" property="serviceType" jdbcType="VARCHAR" />
    <result column="ENTITY_TYPE" property="entityType" jdbcType="VARCHAR" />
    <result column="ENTITY_ACTION" property="entityAction" jdbcType="CHAR" />
    <result column="PARAM_NAME" property="paramName" jdbcType="VARCHAR" />
    <result column="SEQ_NO" property="seqNo" jdbcType="DECIMAL" />
    <result column="REVERSE_SEQ_NO" property="reverseSeqNo" jdbcType="DECIMAL" />
    <result column="SERVICE" property="service" jdbcType="VARCHAR" />
    <result column="WF_SERVICE" property="wfService" jdbcType="VARCHAR" />
    <result column="DELTA_WF_SERVICE" property="deltaWfService" jdbcType="VARCHAR" />
    <result column="REVERSE_WF_SERVICE" property="reverseWfService" jdbcType="VARCHAR" />
    <result column="FORWARD_SKIP" property="forwardSkip" jdbcType="DECIMAL" />
    <result column="REVERSE_SKIP" property="reverseSkip" jdbcType="DECIMAL" />
    <result column="MILESTONE" property="milestone" jdbcType="VARCHAR" />
    <result column="REGION" property="region" jdbcType="VARCHAR" />
    <result column="MULTI_SERVICE_INST" property="multiServiceInst" jdbcType="VARCHAR" />
  </resultMap>
  <sql id="Example_Where_Clause" >
    <!--
      WARNING - @mbggenerated
      This element is automatically generated by MyBatis Generator, do not modify.
      This element was generated on Mon Nov 06 15:53:53 IST 2017.
    -->
    <where >
      <foreach collection="oredCriteria" item="criteria" separator="or" >
        <if test="criteria.valid" >
          <trim prefix="(" suffix=")" prefixOverrides="and" >
            <foreach collection="criteria.criteria" item="criterion" >
              <choose >
                <when test="criterion.noValue" >
                  and ${criterion.condition}
                </when>
                <when test="criterion.singleValue" >
                  and ${criterion.condition} #{criterion.value}
                </when>
                <when test="criterion.betweenValue" >
                  and ${criterion.condition} #{criterion.value} and #{criterion.secondValue}
                </when>
                <when test="criterion.listValue" >
                  and ${criterion.condition}
                  <foreach collection="criterion.value" item="listItem" open="(" close=")" separator="," >
                    #{listItem}
                  </foreach>
                </when>
              </choose>
            </foreach>
          </trim>
        </if>
      </foreach>
    </where>
  </sql>
  <sql id="Update_By_Example_Where_Clause" >
    <!--
      WARNING - @mbggenerated
      This element is automatically generated by MyBatis Generator, do not modify.
      This element was generated on Mon Nov 06 15:53:53 IST 2017.
    -->
    <where >
      <foreach collection="example.oredCriteria" item="criteria" separator="or" >
        <if test="criteria.valid" >
          <trim prefix="(" suffix=")" prefixOverrides="and" >
            <foreach collection="criteria.criteria" item="criterion" >
              <choose >
                <when test="criterion.noValue" >
                  and ${criterion.condition}
                </when>
                <when test="criterion.singleValue" >
                  and ${criterion.condition} #{criterion.value}
                </when>
                <when test="criterion.betweenValue" >
                  and ${criterion.condition} #{criterion.value} and #{criterion.secondValue}
                </when>
                <when test="criterion.listValue" >
                  and ${criterion.condition}
                  <foreach collection="criterion.value" item="listItem" open="(" close=")" separator="," >
                    #{listItem}
                  </foreach>
                </when>
              </choose>
            </foreach>
          </trim>
        </if>
      </foreach>
    </where>
  </sql>
  <sql id="Base_Column_List" >
    <!--
      WARNING - @mbggenerated
      This element is automatically generated by MyBatis Generator, do not modify.
      This element was generated on Mon Nov 06 15:53:53 IST 2017.
    -->
    PRODUCT, ORDER_TYPE, FUNCTION_CODE, CENTREX_TYPE, SERVICE_TYPE, ENTITY_TYPE, ENTITY_ACTION, 
    PARAM_NAME, SEQ_NO, REVERSE_SEQ_NO, SERVICE, WF_SERVICE, DELTA_WF_SERVICE, REVERSE_WF_SERVICE, 
    FORWARD_SKIP, REVERSE_SKIP, MILESTONE, REGION, MULTI_SERVICE_INST
  </sql>
  <select id="selectByExample" resultMap="BaseResultMap" parameterType="com.vz.esap.translation.dao.model.TblRetailServiceExample" >
    <!--
      WARNING - @mbggenerated
      This element is automatically generated by MyBatis Generator, do not modify.
      This element was generated on Mon Nov 06 15:53:53 IST 2017.
    -->
    select
    <if test="distinct" >
      distinct
    </if>
    <include refid="Base_Column_List" />
    from TBL_RETAIL_SERVICE_FXO
    <if test="_parameter != null" >
      <include refid="Example_Where_Clause" />
    </if>
    <if test="orderByClause != null" >
      order by ${orderByClause}
    </if>
  </select>
  <delete id="deleteByExample" parameterType="com.vz.esap.translation.dao.model.TblRetailServiceExample" >
    <!--
      WARNING - @mbggenerated
      This element is automatically generated by MyBatis Generator, do not modify.
      This element was generated on Mon Nov 06 15:53:53 IST 2017.
    -->
    delete from TBL_RETAIL_SERVICE_FXO
    <if test="_parameter != null" >
      <include refid="Example_Where_Clause" />
    </if>
  </delete>
  <insert id="insert" parameterType="com.vz.esap.translation.dao.model.TblRetailService" >
    <!--
      WARNING - @mbggenerated
      This element is automatically generated by MyBatis Generator, do not modify.
      This element was generated on Mon Nov 06 15:53:53 IST 2017.
    -->
    insert into TBL_RETAIL_SERVICE_FXO (PRODUCT, ORDER_TYPE, FUNCTION_CODE, 
      CENTREX_TYPE, SERVICE_TYPE, ENTITY_TYPE, 
      ENTITY_ACTION, PARAM_NAME, SEQ_NO, 
      REVERSE_SEQ_NO, SERVICE, WF_SERVICE, 
      DELTA_WF_SERVICE, REVERSE_WF_SERVICE, FORWARD_SKIP, 
      REVERSE_SKIP, MILESTONE, REGION, 
      MULTI_SERVICE_INST)
    values (#{product,jdbcType=VARCHAR}, #{orderType,jdbcType=CHAR}, #{functionCode,jdbcType=VARCHAR}, 
      #{centrexType,jdbcType=VARCHAR}, #{serviceType,jdbcType=VARCHAR}, #{entityType,jdbcType=VARCHAR}, 
      #{entityAction,jdbcType=CHAR}, #{paramName,jdbcType=VARCHAR}, #{seqNo,jdbcType=DECIMAL}, 
      #{reverseSeqNo,jdbcType=DECIMAL}, #{service,jdbcType=VARCHAR}, #{wfService,jdbcType=VARCHAR}, 
      #{deltaWfService,jdbcType=VARCHAR}, #{reverseWfService,jdbcType=VARCHAR}, #{forwardSkip,jdbcType=DECIMAL}, 
      #{reverseSkip,jdbcType=DECIMAL}, #{milestone,jdbcType=VARCHAR}, #{region,jdbcType=VARCHAR}, 
      #{multiServiceInst,jdbcType=VARCHAR})
  </insert>
  <insert id="insertSelective" parameterType="com.vz.esap.translation.dao.model.TblRetailService" >
    <!--
      WARNING - @mbggenerated
      This element is automatically generated by MyBatis Generator, do not modify.
      This element was generated on Mon Nov 06 15:53:53 IST 2017.
    -->
    insert into TBL_RETAIL_SERVICE_FXO
    <trim prefix="(" suffix=")" suffixOverrides="," >
      <if test="product != null" >
        PRODUCT,
      </if>
      <if test="orderType != null" >
        ORDER_TYPE,
      </if>
      <if test="functionCode != null" >
        FUNCTION_CODE,
      </if>
      <if test="centrexType != null" >
        CENTREX_TYPE,
      </if>
      <if test="serviceType != null" >
        SERVICE_TYPE,
      </if>
      <if test="entityType != null" >
        ENTITY_TYPE,
      </if>
      <if test="entityAction != null" >
        ENTITY_ACTION,
      </if>
      <if test="paramName != null" >
        PARAM_NAME,
      </if>
      <if test="seqNo != null" >
        SEQ_NO,
      </if>
      <if test="reverseSeqNo != null" >
        REVERSE_SEQ_NO,
      </if>
      <if test="service != null" >
        SERVICE,
      </if>
      <if test="wfService != null" >
        WF_SERVICE,
      </if>
      <if test="deltaWfService != null" >
        DELTA_WF_SERVICE,
      </if>
      <if test="reverseWfService != null" >
        REVERSE_WF_SERVICE,
      </if>
      <if test="forwardSkip != null" >
        FORWARD_SKIP,
      </if>
      <if test="reverseSkip != null" >
        REVERSE_SKIP,
      </if>
      <if test="milestone != null" >
        MILESTONE,
      </if>
      <if test="region != null" >
        REGION,
      </if>
      <if test="multiServiceInst != null" >
        MULTI_SERVICE_INST,
      </if>
    </trim>
    <trim prefix="values (" suffix=")" suffixOverrides="," >
      <if test="product != null" >
        #{product,jdbcType=VARCHAR},
      </if>
      <if test="orderType != null" >
        #{orderType,jdbcType=CHAR},
      </if>
      <if test="functionCode != null" >
        #{functionCode,jdbcType=VARCHAR},
      </if>
      <if test="centrexType != null" >
        #{centrexType,jdbcType=VARCHAR},
      </if>
      <if test="serviceType != null" >
        #{serviceType,jdbcType=VARCHAR},
      </if>
      <if test="entityType != null" >
        #{entityType,jdbcType=VARCHAR},
      </if>
      <if test="entityAction != null" >
        #{entityAction,jdbcType=CHAR},
      </if>
      <if test="paramName != null" >
        #{paramName,jdbcType=VARCHAR},
      </if>
      <if test="seqNo != null" >
        #{seqNo,jdbcType=DECIMAL},
      </if>
      <if test="reverseSeqNo != null" >
        #{reverseSeqNo,jdbcType=DECIMAL},
      </if>
      <if test="service != null" >
        #{service,jdbcType=VARCHAR},
      </if>
      <if test="wfService != null" >
        #{wfService,jdbcType=VARCHAR},
      </if>
      <if test="deltaWfService != null" >
        #{deltaWfService,jdbcType=VARCHAR},
      </if>
      <if test="reverseWfService != null" >
        #{reverseWfService,jdbcType=VARCHAR},
      </if>
      <if test="forwardSkip != null" >
        #{forwardSkip,jdbcType=DECIMAL},
      </if>
      <if test="reverseSkip != null" >
        #{reverseSkip,jdbcType=DECIMAL},
      </if>
      <if test="milestone != null" >
        #{milestone,jdbcType=VARCHAR},
      </if>
      <if test="region != null" >
        #{region,jdbcType=VARCHAR},
      </if>
      <if test="multiServiceInst != null" >
        #{multiServiceInst,jdbcType=VARCHAR},
      </if>
    </trim>
  </insert>
  <select id="countByExample" parameterType="com.vz.esap.translation.dao.model.TblRetailServiceExample" resultType="java.lang.Integer" >
    <!--
      WARNING - @mbggenerated
      This element is automatically generated by MyBatis Generator, do not modify.
      This element was generated on Mon Nov 06 15:53:53 IST 2017.
    -->
    select count(*) from TBL_RETAIL_SERVICE_FXO
    <if test="_parameter != null" >
      <include refid="Example_Where_Clause" />
    </if>
  </select>
  <update id="updateByExampleSelective" parameterType="map" >
    <!--
      WARNING - @mbggenerated
      This element is automatically generated by MyBatis Generator, do not modify.
      This element was generated on Mon Nov 06 15:53:53 IST 2017.
    -->
    update TBL_RETAIL_SERVICE_FXO
    <set >
      <if test="record.product != null" >
        PRODUCT = #{record.product,jdbcType=VARCHAR},
      </if>
      <if test="record.orderType != null" >
        ORDER_TYPE = #{record.orderType,jdbcType=CHAR},
      </if>
      <if test="record.functionCode != null" >
        FUNCTION_CODE = #{record.functionCode,jdbcType=VARCHAR},
      </if>
      <if test="record.centrexType != null" >
        CENTREX_TYPE = #{record.centrexType,jdbcType=VARCHAR},
      </if>
      <if test="record.serviceType != null" >
        SERVICE_TYPE = #{record.serviceType,jdbcType=VARCHAR},
      </if>
      <if test="record.entityType != null" >
        ENTITY_TYPE = #{record.entityType,jdbcType=VARCHAR},
      </if>
      <if test="record.entityAction != null" >
        ENTITY_ACTION = #{record.entityAction,jdbcType=CHAR},
      </if>
      <if test="record.paramName != null" >
        PARAM_NAME = #{record.paramName,jdbcType=VARCHAR},
      </if>
      <if test="record.seqNo != null" >
        SEQ_NO = #{record.seqNo,jdbcType=DECIMAL},
      </if>
      <if test="record.reverseSeqNo != null" >
        REVERSE_SEQ_NO = #{record.reverseSeqNo,jdbcType=DECIMAL},
      </if>
      <if test="record.service != null" >
        SERVICE = #{record.service,jdbcType=VARCHAR},
      </if>
      <if test="record.wfService != null" >
        WF_SERVICE = #{record.wfService,jdbcType=VARCHAR},
      </if>
      <if test="record.deltaWfService != null" >
        DELTA_WF_SERVICE = #{record.deltaWfService,jdbcType=VARCHAR},
      </if>
      <if test="record.reverseWfService != null" >
        REVERSE_WF_SERVICE = #{record.reverseWfService,jdbcType=VARCHAR},
      </if>
      <if test="record.forwardSkip != null" >
        FORWARD_SKIP = #{record.forwardSkip,jdbcType=DECIMAL},
      </if>
      <if test="record.reverseSkip != null" >
        REVERSE_SKIP = #{record.reverseSkip,jdbcType=DECIMAL},
      </if>
      <if test="record.milestone != null" >
        MILESTONE = #{record.milestone,jdbcType=VARCHAR},
      </if>
      <if test="record.region != null" >
        REGION = #{record.region,jdbcType=VARCHAR},
      </if>
      <if test="record.multiServiceInst != null" >
        MULTI_SERVICE_INST = #{record.multiServiceInst,jdbcType=VARCHAR},
      </if>
    </set>
    <if test="_parameter != null" >
      <include refid="Update_By_Example_Where_Clause" />
    </if>
  </update>
  <update id="updateByExample" parameterType="map" >
    <!--
      WARNING - @mbggenerated
      This element is automatically generated by MyBatis Generator, do not modify.
      This element was generated on Mon Nov 06 15:53:53 IST 2017.
    -->
    update TBL_RETAIL_SERVICE_FXO
    set PRODUCT = #{record.product,jdbcType=VARCHAR},
      ORDER_TYPE = #{record.orderType,jdbcType=CHAR},
      FUNCTION_CODE = #{record.functionCode,jdbcType=VARCHAR},
      CENTREX_TYPE = #{record.centrexType,jdbcType=VARCHAR},
      SERVICE_TYPE = #{record.serviceType,jdbcType=VARCHAR},
      ENTITY_TYPE = #{record.entityType,jdbcType=VARCHAR},
      ENTITY_ACTION = #{record.entityAction,jdbcType=CHAR},
      PARAM_NAME = #{record.paramName,jdbcType=VARCHAR},
      SEQ_NO = #{record.seqNo,jdbcType=DECIMAL},
      REVERSE_SEQ_NO = #{record.reverseSeqNo,jdbcType=DECIMAL},
      SERVICE = #{record.service,jdbcType=VARCHAR},
      WF_SERVICE = #{record.wfService,jdbcType=VARCHAR},
      DELTA_WF_SERVICE = #{record.deltaWfService,jdbcType=VARCHAR},
      REVERSE_WF_SERVICE = #{record.reverseWfService,jdbcType=VARCHAR},
      FORWARD_SKIP = #{record.forwardSkip,jdbcType=DECIMAL},
      REVERSE_SKIP = #{record.reverseSkip,jdbcType=DECIMAL},
      MILESTONE = #{record.milestone,jdbcType=VARCHAR},
      REGION = #{record.region,jdbcType=VARCHAR},
      MULTI_SERVICE_INST = #{record.multiServiceInst,jdbcType=VARCHAR}
    <if test="_parameter != null" >
      <include refid="Update_By_Example_Where_Clause" />
    </if>
  </update>
  
  <!--  Custom SQLs here -->
  
  <select id="findRetailServices" parameterType="com.vz.esap.translation.dao.model.TblRetailServiceExample" resultMap="BaseResultMap">
    select
    <if test="distinct" >
      distinct
    </if>
    <include refid="Base_Column_List" />
    from TBL_RETAIL_SERVICE_FXO
    <if test="_parameter != null" >
      <include refid="Example_Where_Clause" />
    </if>
    <if test="orderByClause != null" >
      order by ${orderByClause}
    </if>
  </select>
</mapper>