<?xml version="1.0" encoding="UTF-8" ?>
<!DOCTYPE mapper PUBLIC "-//mybatis.org//DTD Mapper 3.0//EN" "http://mybatis.org/dtd/mybatis-3-mapper.dtd" >
<mapper namespace="com.vz.esap.translation.dao.repository.CustomTblSafeStoreMapper" >
  <resultMap id="BaseResultMap" type="com.vz.esap.translation.dao.model.TblSafeStore" >
    <!--
      WARNING - @mbggenerated
      This element is automatically generated by MyBatis Generator, do not modify.
      This element was generated on Mon Dec 11 11:47:10 IST 2017.
    -->
    <id column="SEQUENCE_NO" property="sequenceNo" jdbcType="DECIMAL" />
    <result column="TRANSACTION_ID" property="transactionId" jdbcType="VARCHAR" />
    <result column="JURISDICTION" property="jurisdiction" jdbcType="VARCHAR" />
    <result column="TRANSLATOR_INST" property="translatorInst" jdbcType="VARCHAR" />
    <result column="RECEIVED_DATE" property="receivedDate" jdbcType="TIMESTAMP" />
    <result column="READ_STATUS" property="readStatus" jdbcType="VARCHAR" />
    <result column="READ_COUNT" property="readCount" jdbcType="DECIMAL" />
    <result column="HOST_ADDR" property="hostAddr" jdbcType="VARCHAR" />
    <result column="MSG_PRIORITY" property="msgPriority" jdbcType="DECIMAL" />
    <result column="PROJECT_ID" property="projectId" jdbcType="VARCHAR" />
    <result column="TRANSLATION_START" property="translationStart" jdbcType="TIMESTAMP" />
    <result column="TRANSLATION_END" property="translationEnd" jdbcType="TIMESTAMP" />
    <result column="ESAP_CLUSTER" property="esapCluster" jdbcType="VARCHAR" />
    <result column="BULK_ORDER" property="bulkOrder" jdbcType="VARCHAR" />
  </resultMap>
  <resultMap id="ResultMapWithBLOBs" type="com.vz.esap.translation.dao.model.TblSafeStore" extends="BaseResultMap" >
    <!--
      WARNING - @mbggenerated
      This element is automatically generated by MyBatis Generator, do not modify.
      This element was generated on Mon Dec 11 11:47:10 IST 2017.
    -->
    <result column="SO_IMG" property="soImg" jdbcType="CLOB" />
    <result column="UPSTREAM_RECORD" property="upstreamRecord" jdbcType="CLOB" />
  </resultMap>
  <sql id="Example_Where_Clause" >
    <!--
      WARNING - @mbggenerated
      This element is automatically generated by MyBatis Generator, do not modify.
      This element was generated on Mon Dec 11 11:47:10 IST 2017.
    -->
    <where >
      <foreach collection="oredCriteria" item="criteria" separator="or" >
        <if test="criteria.valid" >
          <trim prefix="(" suffix=")" prefixOverrides="and" >
            <foreach collection="criteria.criteria" item="criterion" >
              <choose >
                <when test="criterion.noValue" >
                  and ${criterion.condition}
                </when>
                <when test="criterion.singleValue" >
                  and ${criterion.condition} #{criterion.value}
                </when>
                <when test="criterion.betweenValue" >
                  and ${criterion.condition} #{criterion.value} and #{criterion.secondValue}
                </when>
                <when test="criterion.listValue" >
                  and ${criterion.condition}
                  <foreach collection="criterion.value" item="listItem" open="(" close=")" separator="," >
                    #{listItem}
                  </foreach>
                </when>
              </choose>
            </foreach>
          </trim>
        </if>
      </foreach>
    </where>
  </sql>
  <sql id="Update_By_Example_Where_Clause" >
    <!--
      WARNING - @mbggenerated
      This element is automatically generated by MyBatis Generator, do not modify.
      This element was generated on Mon Dec 11 11:47:10 IST 2017.
    -->
    <where >
      <foreach collection="example.oredCriteria" item="criteria" separator="or" >
        <if test="criteria.valid" >
          <trim prefix="(" suffix=")" prefixOverrides="and" >
            <foreach collection="criteria.criteria" item="criterion" >
              <choose >
                <when test="criterion.noValue" >
                  and ${criterion.condition}
                </when>
                <when test="criterion.singleValue" >
                  and ${criterion.condition} #{criterion.value}
                </when>
                <when test="criterion.betweenValue" >
                  and ${criterion.condition} #{criterion.value} and #{criterion.secondValue}
                </when>
                <when test="criterion.listValue" >
                  and ${criterion.condition}
                  <foreach collection="criterion.value" item="listItem" open="(" close=")" separator="," >
                    #{listItem}
                  </foreach>
                </when>
              </choose>
            </foreach>
          </trim>
        </if>
      </foreach>
    </where>
  </sql>
  <sql id="Base_Column_List" >
    <!--
      WARNING - @mbggenerated
      This element is automatically generated by MyBatis Generator, do not modify.
      This element was generated on Mon Dec 11 11:47:10 IST 2017.
    -->
    SEQUENCE_NO, TRANSACTION_ID, JURISDICTION, TRANSLATOR_INST, RECEIVED_DATE, READ_STATUS, 
    READ_COUNT, HOST_ADDR, MSG_PRIORITY, PROJECT_ID, TRANSLATION_START, TRANSLATION_END, 
    ESAP_CLUSTER, BULK_ORDER
  </sql>
  <sql id="Blob_Column_List" >
    <!--
      WARNING - @mbggenerated
      This element is automatically generated by MyBatis Generator, do not modify.
      This element was generated on Mon Dec 11 11:47:10 IST 2017.
    -->
    SO_IMG, UPSTREAM_RECORD
  </sql>
  <select id="selectByExampleWithBLOBs" resultMap="ResultMapWithBLOBs" parameterType="com.vz.esap.translation.dao.model.TblSafeStoreExample" >
    <!--
      WARNING - @mbggenerated
      This element is automatically generated by MyBatis Generator, do not modify.
      This element was generated on Mon Dec 11 11:47:10 IST 2017.
    -->
    select
    <if test="distinct" >
      distinct
    </if>
    <include refid="Base_Column_List" />
    ,
    <include refid="Blob_Column_List" />
    from TBL_SAFE_STORE
    <if test="_parameter != null" >
      <include refid="Example_Where_Clause" />
    </if>
    <if test="orderByClause != null" >
      order by ${orderByClause}
    </if>
  </select>
  <select id="selectByExample" resultMap="BaseResultMap" parameterType="com.vz.esap.translation.dao.model.TblSafeStoreExample" >
    <!--
      WARNING - @mbggenerated
      This element is automatically generated by MyBatis Generator, do not modify.
      This element was generated on Mon Dec 11 11:47:10 IST 2017.
    -->
    select
    <if test="distinct" >
      distinct
    </if>
    <include refid="Base_Column_List" />
    from TBL_SAFE_STORE
    <if test="_parameter != null" >
      <include refid="Example_Where_Clause" />
    </if>
    <if test="orderByClause != null" >
      order by ${orderByClause}
    </if>
  </select>
  <select id="selectByPrimaryKey" resultMap="ResultMapWithBLOBs" parameterType="java.lang.Long" >
    <!--
      WARNING - @mbggenerated
      This element is automatically generated by MyBatis Generator, do not modify.
      This element was generated on Mon Dec 11 11:47:10 IST 2017.
    -->
    select 
    <include refid="Base_Column_List" />
    ,
    <include refid="Blob_Column_List" />
    from TBL_SAFE_STORE
    where SEQUENCE_NO = #{sequenceNo,jdbcType=DECIMAL}
  </select>
  <delete id="deleteByPrimaryKey" parameterType="java.lang.Long" >
    <!--
      WARNING - @mbggenerated
      This element is automatically generated by MyBatis Generator, do not modify.
      This element was generated on Mon Dec 11 11:47:10 IST 2017.
    -->
    delete from TBL_SAFE_STORE
    where SEQUENCE_NO = #{sequenceNo,jdbcType=DECIMAL}
  </delete>
  <delete id="deleteByExample" parameterType="com.vz.esap.translation.dao.model.TblSafeStoreExample" >
    <!--
      WARNING - @mbggenerated
      This element is automatically generated by MyBatis Generator, do not modify.
      This element was generated on Mon Dec 11 11:47:10 IST 2017.
    -->
    delete from TBL_SAFE_STORE
    <if test="_parameter != null" >
      <include refid="Example_Where_Clause" />
    </if>
  </delete>
  <insert id="insert" parameterType="com.vz.esap.translation.dao.model.TblSafeStore" >
    <!--
      WARNING - @mbggenerated
      This element is automatically generated by MyBatis Generator, do not modify.
      This element was generated on Mon Dec 11 11:47:10 IST 2017.
    -->
    insert into TBL_SAFE_STORE (SEQUENCE_NO, TRANSACTION_ID, JURISDICTION, 
      TRANSLATOR_INST, RECEIVED_DATE, READ_STATUS, 
      READ_COUNT, HOST_ADDR, MSG_PRIORITY, 
      PROJECT_ID, TRANSLATION_START, TRANSLATION_END, 
      ESAP_CLUSTER, BULK_ORDER, SO_IMG, 
      UPSTREAM_RECORD)
    values (#{sequenceNo,jdbcType=DECIMAL}, #{transactionId,jdbcType=VARCHAR}, #{jurisdiction,jdbcType=VARCHAR}, 
      #{translatorInst,jdbcType=VARCHAR}, #{receivedDate,jdbcType=TIMESTAMP}, #{readStatus,jdbcType=VARCHAR}, 
      #{readCount,jdbcType=DECIMAL}, #{hostAddr,jdbcType=VARCHAR}, #{msgPriority,jdbcType=DECIMAL}, 
      #{projectId,jdbcType=VARCHAR}, #{translationStart,jdbcType=TIMESTAMP}, #{translationEnd,jdbcType=TIMESTAMP}, 
      #{esapCluster,jdbcType=VARCHAR}, #{bulkOrder,jdbcType=VARCHAR}, #{soImg,jdbcType=CLOB}, 
      #{upstreamRecord,jdbcType=CLOB})
  </insert>
  <insert id="insertSelective" parameterType="com.vz.esap.translation.dao.model.TblSafeStore" >
    <!--
      WARNING - @mbggenerated
      This element is automatically generated by MyBatis Generator, do not modify.
      This element was generated on Mon Dec 11 11:47:10 IST 2017.
    -->
    insert into TBL_SAFE_STORE
    <trim prefix="(" suffix=")" suffixOverrides="," >
      <if test="sequenceNo != null" >
        SEQUENCE_NO,
      </if>
      <if test="transactionId != null" >
        TRANSACTION_ID,
      </if>
      <if test="jurisdiction != null" >
        JURISDICTION,
      </if>
      <if test="translatorInst != null" >
        TRANSLATOR_INST,
      </if>
      <if test="receivedDate != null" >
        RECEIVED_DATE,
      </if>
      <if test="readStatus != null" >
        READ_STATUS,
      </if>
      <if test="readCount != null" >
        READ_COUNT,
      </if>
      <if test="hostAddr != null" >
        HOST_ADDR,
      </if>
      <if test="msgPriority != null" >
        MSG_PRIORITY,
      </if>
      <if test="projectId != null" >
        PROJECT_ID,
      </if>
      <if test="translationStart != null" >
        TRANSLATION_START,
      </if>
      <if test="translationEnd != null" >
        TRANSLATION_END,
      </if>
      <if test="esapCluster != null" >
        ESAP_CLUSTER,
      </if>
      <if test="bulkOrder != null" >
        BULK_ORDER,
      </if>
      <if test="soImg != null" >
        SO_IMG,
      </if>
      <if test="upstreamRecord != null" >
        UPSTREAM_RECORD,
      </if>
    </trim>
    <trim prefix="values (" suffix=")" suffixOverrides="," >
      <if test="sequenceNo != null" >
        #{sequenceNo,jdbcType=DECIMAL},
      </if>
      <if test="transactionId != null" >
        #{transactionId,jdbcType=VARCHAR},
      </if>
      <if test="jurisdiction != null" >
        #{jurisdiction,jdbcType=VARCHAR},
      </if>
      <if test="translatorInst != null" >
        #{translatorInst,jdbcType=VARCHAR},
      </if>
      <if test="receivedDate != null" >
        #{receivedDate,jdbcType=TIMESTAMP},
      </if>
      <if test="readStatus != null" >
        #{readStatus,jdbcType=VARCHAR},
      </if>
      <if test="readCount != null" >
        #{readCount,jdbcType=DECIMAL},
      </if>
      <if test="hostAddr != null" >
        #{hostAddr,jdbcType=VARCHAR},
      </if>
      <if test="msgPriority != null" >
        #{msgPriority,jdbcType=DECIMAL},
      </if>
      <if test="projectId != null" >
        #{projectId,jdbcType=VARCHAR},
      </if>
      <if test="translationStart != null" >
        #{translationStart,jdbcType=TIMESTAMP},
      </if>
      <if test="translationEnd != null" >
        #{translationEnd,jdbcType=TIMESTAMP},
      </if>
      <if test="esapCluster != null" >
        #{esapCluster,jdbcType=VARCHAR},
      </if>
      <if test="bulkOrder != null" >
        #{bulkOrder,jdbcType=VARCHAR},
      </if>
      <if test="soImg != null" >
        #{soImg,jdbcType=CLOB},
      </if>
      <if test="upstreamRecord != null" >
        #{upstreamRecord,jdbcType=CLOB},
      </if>
    </trim>
  </insert>
  <select id="countByExample" parameterType="com.vz.esap.translation.dao.model.TblSafeStoreExample" resultType="java.lang.Integer" >
    <!--
      WARNING - @mbggenerated
      This element is automatically generated by MyBatis Generator, do not modify.
      This element was generated on Mon Dec 11 11:47:10 IST 2017.
    -->
    select count(*) from TBL_SAFE_STORE
    <if test="_parameter != null" >
      <include refid="Example_Where_Clause" />
    </if>
  </select>
  <update id="updateByExampleSelective" parameterType="map" >
    <!--
      WARNING - @mbggenerated
      This element is automatically generated by MyBatis Generator, do not modify.
      This element was generated on Mon Dec 11 11:47:10 IST 2017.
    -->
    update TBL_SAFE_STORE
    <set >
      <if test="record.sequenceNo != null" >
        SEQUENCE_NO = #{record.sequenceNo,jdbcType=DECIMAL},
      </if>
      <if test="record.transactionId != null" >
        TRANSACTION_ID = #{record.transactionId,jdbcType=VARCHAR},
      </if>
      <if test="record.jurisdiction != null" >
        JURISDICTION = #{record.jurisdiction,jdbcType=VARCHAR},
      </if>
      <if test="record.translatorInst != null" >
        TRANSLATOR_INST = #{record.translatorInst,jdbcType=VARCHAR},
      </if>
      <if test="record.receivedDate != null" >
        RECEIVED_DATE = #{record.receivedDate,jdbcType=TIMESTAMP},
      </if>
      <if test="record.readStatus != null" >
        READ_STATUS = #{record.readStatus,jdbcType=VARCHAR},
      </if>
      <if test="record.readCount != null" >
        READ_COUNT = #{record.readCount,jdbcType=DECIMAL},
      </if>
      <if test="record.hostAddr != null" >
        HOST_ADDR = #{record.hostAddr,jdbcType=VARCHAR},
      </if>
      <if test="record.msgPriority != null" >
        MSG_PRIORITY = #{record.msgPriority,jdbcType=DECIMAL},
      </if>
      <if test="record.projectId != null" >
        PROJECT_ID = #{record.projectId,jdbcType=VARCHAR},
      </if>
      <if test="record.translationStart != null" >
        TRANSLATION_START = #{record.translationStart,jdbcType=TIMESTAMP},
      </if>
      <if test="record.translationEnd != null" >
        TRANSLATION_END = #{record.translationEnd,jdbcType=TIMESTAMP},
      </if>
      <if test="record.esapCluster != null" >
        ESAP_CLUSTER = #{record.esapCluster,jdbcType=VARCHAR},
      </if>
      <if test="record.bulkOrder != null" >
        BULK_ORDER = #{record.bulkOrder,jdbcType=VARCHAR},
      </if>
      <if test="record.soImg != null" >
        SO_IMG = #{record.soImg,jdbcType=CLOB},
      </if>
      <if test="record.upstreamRecord != null" >
        UPSTREAM_RECORD = #{record.upstreamRecord,jdbcType=CLOB},
      </if>
    </set>
    <if test="_parameter != null" >
      <include refid="Update_By_Example_Where_Clause" />
    </if>
  </update>
  <update id="updateByExampleWithBLOBs" parameterType="map" >
    <!--
      WARNING - @mbggenerated
      This element is automatically generated by MyBatis Generator, do not modify.
      This element was generated on Mon Dec 11 11:47:10 IST 2017.
    -->
    update TBL_SAFE_STORE
    set SEQUENCE_NO = #{record.sequenceNo,jdbcType=DECIMAL},
      TRANSACTION_ID = #{record.transactionId,jdbcType=VARCHAR},
      JURISDICTION = #{record.jurisdiction,jdbcType=VARCHAR},
      TRANSLATOR_INST = #{record.translatorInst,jdbcType=VARCHAR},
      RECEIVED_DATE = #{record.receivedDate,jdbcType=TIMESTAMP},
      READ_STATUS = #{record.readStatus,jdbcType=VARCHAR},
      READ_COUNT = #{record.readCount,jdbcType=DECIMAL},
      HOST_ADDR = #{record.hostAddr,jdbcType=VARCHAR},
      MSG_PRIORITY = #{record.msgPriority,jdbcType=DECIMAL},
      PROJECT_ID = #{record.projectId,jdbcType=VARCHAR},
      TRANSLATION_START = #{record.translationStart,jdbcType=TIMESTAMP},
      TRANSLATION_END = #{record.translationEnd,jdbcType=TIMESTAMP},
      ESAP_CLUSTER = #{record.esapCluster,jdbcType=VARCHAR},
      BULK_ORDER = #{record.bulkOrder,jdbcType=VARCHAR},
      SO_IMG = #{record.soImg,jdbcType=CLOB},
      UPSTREAM_RECORD = #{record.upstreamRecord,jdbcType=CLOB}
    <if test="_parameter != null" >
      <include refid="Update_By_Example_Where_Clause" />
    </if>
  </update>
  <update id="updateByExample" parameterType="map" >
    <!--
      WARNING - @mbggenerated
      This element is automatically generated by MyBatis Generator, do not modify.
      This element was generated on Mon Dec 11 11:47:10 IST 2017.
    -->
    update TBL_SAFE_STORE
    set SEQUENCE_NO = #{record.sequenceNo,jdbcType=DECIMAL},
      TRANSACTION_ID = #{record.transactionId,jdbcType=VARCHAR},
      JURISDICTION = #{record.jurisdiction,jdbcType=VARCHAR},
      TRANSLATOR_INST = #{record.translatorInst,jdbcType=VARCHAR},
      RECEIVED_DATE = #{record.receivedDate,jdbcType=TIMESTAMP},
      READ_STATUS = #{record.readStatus,jdbcType=VARCHAR},
      READ_COUNT = #{record.readCount,jdbcType=DECIMAL},
      HOST_ADDR = #{record.hostAddr,jdbcType=VARCHAR},
      MSG_PRIORITY = #{record.msgPriority,jdbcType=DECIMAL},
      PROJECT_ID = #{record.projectId,jdbcType=VARCHAR},
      TRANSLATION_START = #{record.translationStart,jdbcType=TIMESTAMP},
      TRANSLATION_END = #{record.translationEnd,jdbcType=TIMESTAMP},
      ESAP_CLUSTER = #{record.esapCluster,jdbcType=VARCHAR},
      BULK_ORDER = #{record.bulkOrder,jdbcType=VARCHAR}
    <if test="_parameter != null" >
      <include refid="Update_By_Example_Where_Clause" />
    </if>
  </update>
  <update id="updateByPrimaryKeySelective" parameterType="com.vz.esap.translation.dao.model.TblSafeStore" >
    <!--
      WARNING - @mbggenerated
      This element is automatically generated by MyBatis Generator, do not modify.
      This element was generated on Mon Dec 11 11:47:10 IST 2017.
    -->
    update TBL_SAFE_STORE
    <set >
      <if test="transactionId != null" >
        TRANSACTION_ID = #{transactionId,jdbcType=VARCHAR},
      </if>
      <if test="jurisdiction != null" >
        JURISDICTION = #{jurisdiction,jdbcType=VARCHAR},
      </if>
      <if test="translatorInst != null" >
        TRANSLATOR_INST = #{translatorInst,jdbcType=VARCHAR},
      </if>
      <if test="receivedDate != null" >
        RECEIVED_DATE = #{receivedDate,jdbcType=TIMESTAMP},
      </if>
      <if test="readStatus != null" >
        READ_STATUS = #{readStatus,jdbcType=VARCHAR},
      </if>
      <if test="readCount != null" >
        READ_COUNT = #{readCount,jdbcType=DECIMAL},
      </if>
      <if test="hostAddr != null" >
        HOST_ADDR = #{hostAddr,jdbcType=VARCHAR},
      </if>
      <if test="msgPriority != null" >
        MSG_PRIORITY = #{msgPriority,jdbcType=DECIMAL},
      </if>
      <if test="projectId != null" >
        PROJECT_ID = #{projectId,jdbcType=VARCHAR},
      </if>
      <if test="translationStart != null" >
        TRANSLATION_START = #{translationStart,jdbcType=TIMESTAMP},
      </if>
      <if test="translationEnd != null" >
        TRANSLATION_END = #{translationEnd,jdbcType=TIMESTAMP},
      </if>
      <if test="esapCluster != null" >
        ESAP_CLUSTER = #{esapCluster,jdbcType=VARCHAR},
      </if>
      <if test="bulkOrder != null" >
        BULK_ORDER = #{bulkOrder,jdbcType=VARCHAR},
      </if>
      <if test="soImg != null" >
        SO_IMG = #{soImg,jdbcType=CLOB},
      </if>
      <if test="upstreamRecord != null" >
        UPSTREAM_RECORD = #{upstreamRecord,jdbcType=CLOB},
      </if>
    </set>
    where SEQUENCE_NO = #{sequenceNo,jdbcType=DECIMAL}
  </update>
  <update id="updateByPrimaryKeyWithBLOBs" parameterType="com.vz.esap.translation.dao.model.TblSafeStore" >
    <!--
      WARNING - @mbggenerated
      This element is automatically generated by MyBatis Generator, do not modify.
      This element was generated on Mon Dec 11 11:47:10 IST 2017.
    -->
    update TBL_SAFE_STORE
    set TRANSACTION_ID = #{transactionId,jdbcType=VARCHAR},
      JURISDICTION = #{jurisdiction,jdbcType=VARCHAR},
      TRANSLATOR_INST = #{translatorInst,jdbcType=VARCHAR},
      RECEIVED_DATE = #{receivedDate,jdbcType=TIMESTAMP},
      READ_STATUS = #{readStatus,jdbcType=VARCHAR},
      READ_COUNT = #{readCount,jdbcType=DECIMAL},
      HOST_ADDR = #{hostAddr,jdbcType=VARCHAR},
      MSG_PRIORITY = #{msgPriority,jdbcType=DECIMAL},
      PROJECT_ID = #{projectId,jdbcType=VARCHAR},
      TRANSLATION_START = #{translationStart,jdbcType=TIMESTAMP},
      TRANSLATION_END = #{translationEnd,jdbcType=TIMESTAMP},
      ESAP_CLUSTER = #{esapCluster,jdbcType=VARCHAR},
      BULK_ORDER = #{bulkOrder,jdbcType=VARCHAR},
      SO_IMG = #{soImg,jdbcType=CLOB},
      UPSTREAM_RECORD = #{upstreamRecord,jdbcType=CLOB}
    where SEQUENCE_NO = #{sequenceNo,jdbcType=DECIMAL}
  </update>
  <update id="updateByPrimaryKey" parameterType="com.vz.esap.translation.dao.model.TblSafeStore" >
    <!--
      WARNING - @mbggenerated
      This element is automatically generated by MyBatis Generator, do not modify.
      This element was generated on Mon Dec 11 11:47:10 IST 2017.
    -->
    update TBL_SAFE_STORE
    set TRANSACTION_ID = #{transactionId,jdbcType=VARCHAR},
      JURISDICTION = #{jurisdiction,jdbcType=VARCHAR},
      TRANSLATOR_INST = #{translatorInst,jdbcType=VARCHAR},
      RECEIVED_DATE = #{receivedDate,jdbcType=TIMESTAMP},
      READ_STATUS = #{readStatus,jdbcType=VARCHAR},
      READ_COUNT = #{readCount,jdbcType=DECIMAL},
      HOST_ADDR = #{hostAddr,jdbcType=VARCHAR},
      MSG_PRIORITY = #{msgPriority,jdbcType=DECIMAL},
      PROJECT_ID = #{projectId,jdbcType=VARCHAR},
      TRANSLATION_START = #{translationStart,jdbcType=TIMESTAMP},
      TRANSLATION_END = #{translationEnd,jdbcType=TIMESTAMP},
      ESAP_CLUSTER = #{esapCluster,jdbcType=VARCHAR},
      BULK_ORDER = #{bulkOrder,jdbcType=VARCHAR}
    where SEQUENCE_NO = #{sequenceNo,jdbcType=DECIMAL}
  </update>
  
  <!--  Custom SQLs here -->
  
  <update id="updateTblSafeStoreWithTranslationStartTime" parameterType="com.vz.esap.translation.dao.model.TblSafeStore" >
    update TBL_SAFE_STORE
    set TRANSLATION_START = sysdate
    where SEQUENCE_NO = #{sequenceNo,jdbcType=DECIMAL}
  </update>
  
  <update id="updateTblSafeStoreWithTranslationEndTime" parameterType="com.vz.esap.translation.dao.model.TblSafeStore" >
    update TBL_SAFE_STORE
    set TRANSLATION_END = sysdate
    where SEQUENCE_NO = #{sequenceNo,jdbcType=DECIMAL}
  </update>
  
  <select id="getTblSafeStoreSeqNextVal" parameterType="map" resultType="java.lang.Long">
		SELECT TBL_SAFE_STORE_SEQ.NEXTVAL FROM DUAL
	</select>
</mapper>