<?xml version="1.0" encoding="UTF-8"?>
<configuration>
  <include resource="org/springframework/boot/logging/logback/defaults.xml" />
  <appender name="CONSOLE" class="ch.qos.logback.core.ConsoleAppender">
    <encoder>
      <pattern>%d{yyyy-MM-dd HH:mm:ss} %-5level %logger{10}.%M\(%F:%L\) -%mdc{method}|%mdc{uri}|%mdc{uuid}|%mdc{envOrderId}|%mdc{orderNumber}|V-%mdc{workOrderNumberVersion}|%msg%n</pattern>
    </encoder>
  </appender>
  <root level="INFO">
    <appender-ref ref="CONSOLE" />
  </root>
</configuration>