<project xmlns="http://maven.apache.org/POM/4.0.0" xmlns:xsi="http://www.w3.org/2001/XMLSchema-instance"
	xsi:schemaLocation="http://maven.apache.org/POM/4.0.0 http://maven.apache.org/xsd/maven-4.0.0.xsd">

	<modelVersion>4.0.0</modelVersion>
	<groupId>com.vz.esap</groupId>
	<artifactId>enterprise-service</artifactId>
	<version>1.0.3</version>
	<packaging>jar</packaging>
	<name>enterprise-service</name>
	<description>enterprise-service Application</description>

	<parent>
		<groupId>com.vz.uiam</groupId>
		<artifactId>uiam-cloud-parent-pom</artifactId>
		<version>1.0.2</version>
	</parent>

	<properties>
		<start-class>com.vz.esap.enterprise.app.GetEnterpriseDataServiceApplication</start-class>
		<uiam.common.version>1.0.2</uiam.common.version>
		<sonar.exclusions>**/repository/**,**/model/**,**/*.sql</sonar.exclusions>
	</properties>
	
	<dependencies>
		<dependency>
			<groupId>com.vz.uiam</groupId>
			<artifactId>uiam_common_cloud</artifactId>
			<version>${uiam.common.version}</version>
		</dependency>

		<dependency>
			<groupId>org.springframework</groupId>
			<artifactId>spring-oxm</artifactId>
			<version>3.0.0.RELEASE</version>
		</dependency>

		<dependency>
			<groupId>org.springframework.ws</groupId>
			<artifactId>spring-ws-core</artifactId>
			<version>2.2.0.RELEASE</version>
		</dependency>

		<dependency>
			<groupId>com.vz.uiam</groupId>
			<artifactId>uiam-common-log-cloud</artifactId>
			<version>1.0.1</version>
		</dependency>
	</dependencies>

	<distributionManagement>
		<repository>
			<id>central</id>
			<name>Verizon Artifactory</name>
			<url>http://oneartifactory.verizon.com/artifactory/UIAM</url>
		</repository>
		<snapshotRepository>
			<id>snapshots</id>
			<name>Verizon Artifactory</name>
			<url>http://oneartifactory.verizon.com/artifactory/UIAM</url>
		</snapshotRepository>
	</distributionManagement>

	<repositories>

		<repository>
			<id>central</id>
			<name>libs-release</name>
			<url>http://oneartifactory.verizon.com/artifactory/libs-release</url>
			<releases>
				<enabled>true</enabled>
			</releases>
			<snapshots>
				<enabled>false</enabled>
			</snapshots>
		</repository>
		<repository>
			<id>snapshots</id>
			<name>libs-snapshot</name>
			<url>http://oneartifactory.verizon.com/artifactory/libs-snapshot</url>
			<releases>
				<enabled>false</enabled>
			</releases>
			<snapshots>
				<enabled>true</enabled>
			</snapshots>
		</repository>

	</repositories>



	<pluginRepositories>
		<pluginRepository>
			<id>internal</id>
			<name>Archiva Managed Internal Repository</name>
			<url>http://oneartifactory.verizon.com/artifactory/libs-release</url>
			<releases>
				<enabled>true</enabled>
			</releases>
			<snapshots>
				<enabled>false</enabled>
			</snapshots>
		</pluginRepository>
	</pluginRepositories>



	<build>
		<plugins>
			<plugin>
				<groupId>org.springframework.boot</groupId>
				<artifactId>spring-boot-maven-plugin</artifactId>
			</plugin>

		</plugins>
		<pluginManagement>

			<plugins>
				<!--This plugin's configuration is used to store Eclipse m2e settings 
					only. It has no influence on the Maven build itself. -->
				<plugin>
					<groupId>org.eclipse.m2e</groupId>
					<artifactId>lifecycle-mapping</artifactId>
					<version>1.0.0</version>
					<configuration>
						<lifecycleMappingMetadata>
							<pluginExecutions>
								<pluginExecution>
									<pluginExecutionFilter>
										<groupId></groupId>
										<artifactId></artifactId>
										<versionRange>[,)</versionRange>
										<goals>
											<goal></goal>
										</goals>
									</pluginExecutionFilter>
									<action>
										<ignore></ignore>
									</action>
								</pluginExecution>
							</pluginExecutions>
						</lifecycleMappingMetadata>
					</configuration>
				</plugin>
				<!-- <plugin>
					<groupId>org.mybatis.generator</groupId>
					<artifactId>mybatis-generator-maven-plugin</artifactId>
					<version>1.3.2</version>
					<executions>
						<execution>
							<id>Generate MyBatis Artifacts</id>
							<goals>
								<goal>generate</goal>
							</goals>
						</execution>
					</executions>
					<configuration>
					</configuration>
					<dependencies>
						<dependency>
							<groupId>mysql</groupId>
							<artifactId>mysql-connector-java</artifactId>
							<version>5.1.35</version>
						</dependency>
						<dependency>
							<groupId>org.mybatis.generator</groupId>
							<artifactId>mybatis-generator-core</artifactId>
							<version>1.3.2</version>
						</dependency>
						<dependency>
							<groupId>org.mybatis</groupId>
							<artifactId>mybatis</artifactId>
							<version>3.3.0</version>
						</dependency>
					</dependencies>
				</plugin> -->

			</plugins>
		</pluginManagement>
	</build>
</project>
