<?xml version="1.0" encoding="UTF-8"?>
<!DOCTYPE mapper PUBLIC "-//mybatis.org//DTD Mapper 3.0//EN" "http://mybatis.org/dtd/mybatis-3-mapper.dtd">
<mapper namespace="com.vz.esap.enterprise.dao.repository.TblEnterpriseMapper">
  <resultMap id="BaseResultMap" type="com.vz.esap.enterprise.dao.model.TblEnterprise">
    <id column="ENTERPRISE_ID" jdbcType="VARCHAR" property="enterpriseId" />
    <result column="CUST_TYPE" jdbcType="DECIMAL" property="custType" />
    <result column="CUST_MARKET" jdbcType="DECIMAL" property="custMarket" />
    <result column="PLATFORM_INDICATOR" jdbcType="DECIMAL" property="platformIndicator" />
    <result column="VM_PARTITION_ID" jdbcType="VARCHAR" property="vmPartitionId" />
    <result column="PUBIP" jdbcType="DECIMAL" property="pubip" />
    <result column="ON_NET_INTERCO" jdbcType="DECIMAL" property="onNetInterco" />
    <result column="SIP_DOMAIN" jdbcType="VARCHAR" property="sipDomain" />
    <result column="AS_ID" jdbcType="DECIMAL" property="asId" />
    <result column="ENTCCL_IND" jdbcType="DECIMAL" property="entcclInd" />
    <result column="IEAN_LENGTH" jdbcType="DECIMAL" property="ieanLength" />
    <result column="QOS_IND" jdbcType="DECIMAL" property="qosInd" />
    <result column="VNET_CORP_ID" jdbcType="VARCHAR" property="vnetCorpId" />
    <result column="CONTRACT_IND" jdbcType="VARCHAR" property="contractInd" />
    <result column="AGENCY_HIER_CODE" jdbcType="VARCHAR" property="agencyHierCode" />
    <result column="XREF_CUSTOMER_ID" jdbcType="VARCHAR" property="xrefCustomerId" />
    <result column="CALLING_PLAN_ID" jdbcType="DECIMAL" property="callingPlanId" />
    <result column="AUTH_SERVICES_ID" jdbcType="DECIMAL" property="authServicesId" />
    <result column="ACTIVE_IND" jdbcType="DECIMAL" property="activeInd" />
    <result column="CREATED_BY" jdbcType="VARCHAR" property="createdBy" />
    <result column="CREATION_DATE" jdbcType="TIMESTAMP" property="creationDate" />
    <result column="MODIFIED_BY" jdbcType="VARCHAR" property="modifiedBy" />
    <result column="LAST_MODIFIED_DATE" jdbcType="TIMESTAMP" property="lastModifiedDate" />
    <result column="BS_BLOCK_IND" jdbcType="DECIMAL" property="bsBlockInd" />
    <result column="ENV_ORDER_ID" jdbcType="DECIMAL" property="envOrderId" />
  </resultMap>
  <sql id="Example_Where_Clause">
    <!--
      WARNING - @mbggenerated
      This element is automatically generated by MyBatis Generator, do not modify.
      This element was generated on Thu Oct 20 14:41:17 IST 2016.
    -->
    <where>
      <foreach collection="oredCriteria" item="criteria" separator="or">
        <if test="criteria.valid">
          <trim prefix="(" prefixOverrides="and" suffix=")">
            <foreach collection="criteria.criteria" item="criterion">
              <choose>
                <when test="criterion.noValue">
                  and ${criterion.condition}
                </when>
                <when test="criterion.singleValue">
                  and ${criterion.condition} #{criterion.value}
                </when>
                <when test="criterion.betweenValue">
                  and ${criterion.condition} #{criterion.value} and #{criterion.secondValue}
                </when>
                <when test="criterion.listValue">
                  and ${criterion.condition}
                  <foreach close=")" collection="criterion.value" item="listItem" open="(" separator=",">
                    #{listItem}
                  </foreach>
                </when>
              </choose>
            </foreach>
          </trim>
        </if>
      </foreach>
    </where>
  </sql>
  <sql id="Update_By_Example_Where_Clause">
    <!--
      WARNING - @mbggenerated
      This element is automatically generated by MyBatis Generator, do not modify.
      This element was generated on Thu Oct 20 14:41:17 IST 2016.
    -->
    <where>
      <foreach collection="example.oredCriteria" item="criteria" separator="or">
        <if test="criteria.valid">
          <trim prefix="(" prefixOverrides="and" suffix=")">
            <foreach collection="criteria.criteria" item="criterion">
              <choose>
                <when test="criterion.noValue">
                  and ${criterion.condition}
                </when>
                <when test="criterion.singleValue">
                  and ${criterion.condition} #{criterion.value}
                </when>
                <when test="criterion.betweenValue">
                  and ${criterion.condition} #{criterion.value} and #{criterion.secondValue}
                </when>
                <when test="criterion.listValue">
                  and ${criterion.condition}
                  <foreach close=")" collection="criterion.value" item="listItem" open="(" separator=",">
                    #{listItem}
                  </foreach>
                </when>
              </choose>
            </foreach>
          </trim>
        </if>
      </foreach>
    </where>
  </sql>
  <sql id="Base_Column_List">
    <!--
      WARNING - @mbggenerated
      This element is automatically generated by MyBatis Generator, do not modify.
      This element was generated on Thu Oct 20 14:41:17 IST 2016.
    -->
    ENTERPRISE_ID, CUST_TYPE, CUST_MARKET, PLATFORM_INDICATOR, VM_PARTITION_ID, PUBIP, 
    ON_NET_INTERCO, SIP_DOMAIN, AS_ID, ENTCCL_IND, IEAN_LENGTH, QOS_IND, VNET_CORP_ID, 
    CONTRACT_IND, AGENCY_HIER_CODE, XREF_CUSTOMER_ID, CALLING_PLAN_ID, AUTH_SERVICES_ID, 
    ACTIVE_IND, CREATED_BY, CREATION_DATE, MODIFIED_BY, LAST_MODIFIED_DATE, BS_BLOCK_IND, 
    ENV_ORDER_ID
  </sql>
  <select id="selectByExample" parameterType="com.vz.esap.enterprise.dao.model.TblEnterpriseExample" resultMap="BaseResultMap">
    <!--
      WARNING - @mbggenerated
      This element is automatically generated by MyBatis Generator, do not modify.
      This element was generated on Thu Oct 20 14:41:17 IST 2016.
    -->
    select
    <if test="distinct">
      distinct
    </if>
    <include refid="Base_Column_List" />
    from TBL_ENTERPRISE
    <if test="_parameter != null">
      <include refid="Example_Where_Clause" />
    </if>
    <if test="orderByClause != null">
      order by ${orderByClause}
    </if>
  </select>
  <select id="selectByPrimaryKey" parameterType="java.lang.String" resultMap="BaseResultMap">
    <!--
      WARNING - @mbggenerated
      This element is automatically generated by MyBatis Generator, do not modify.
      This element was generated on Thu Oct 20 14:41:17 IST 2016.
    -->
    select 
    <include refid="Base_Column_List" />
    from TBL_ENTERPRISE
    where ENTERPRISE_ID = #{enterpriseId,jdbcType=VARCHAR}
  </select>
  <delete id="deleteByPrimaryKey" parameterType="java.lang.String">
    <!--
      WARNING - @mbggenerated
      This element is automatically generated by MyBatis Generator, do not modify.
      This element was generated on Thu Oct 20 14:41:17 IST 2016.
    -->
    delete from TBL_ENTERPRISE
    where ENTERPRISE_ID = #{enterpriseId,jdbcType=VARCHAR}
  </delete>
  <delete id="deleteByExample" parameterType="com.vz.esap.enterprise.dao.model.TblEnterpriseExample">
    <!--
      WARNING - @mbggenerated
      This element is automatically generated by MyBatis Generator, do not modify.
      This element was generated on Thu Oct 20 14:41:17 IST 2016.
    -->
    delete from TBL_ENTERPRISE
    <if test="_parameter != null">
      <include refid="Example_Where_Clause" />
    </if>
  </delete>
  <insert id="insert" parameterType="com.vz.esap.enterprise.dao.model.TblEnterprise">
    <!--
      WARNING - @mbggenerated
      This element is automatically generated by MyBatis Generator, do not modify.
      This element was generated on Thu Oct 20 14:41:17 IST 2016.
    -->
    insert into TBL_ENTERPRISE (ENTERPRISE_ID, CUST_TYPE, CUST_MARKET, 
      PLATFORM_INDICATOR, VM_PARTITION_ID, PUBIP, 
      ON_NET_INTERCO, SIP_DOMAIN, AS_ID, 
      ENTCCL_IND, IEAN_LENGTH, QOS_IND, 
      VNET_CORP_ID, CONTRACT_IND, AGENCY_HIER_CODE, 
      XREF_CUSTOMER_ID, CALLING_PLAN_ID, AUTH_SERVICES_ID, 
      ACTIVE_IND, CREATED_BY, CREATION_DATE, 
      MODIFIED_BY, LAST_MODIFIED_DATE, BS_BLOCK_IND, 
      ENV_ORDER_ID)
    values (#{enterpriseId,jdbcType=VARCHAR}, #{custType,jdbcType=DECIMAL}, #{custMarket,jdbcType=DECIMAL}, 
      #{platformIndicator,jdbcType=DECIMAL}, #{vmPartitionId,jdbcType=VARCHAR}, #{pubip,jdbcType=DECIMAL}, 
      #{onNetInterco,jdbcType=DECIMAL}, #{sipDomain,jdbcType=VARCHAR}, #{asId,jdbcType=DECIMAL}, 
      #{entcclInd,jdbcType=DECIMAL}, #{ieanLength,jdbcType=DECIMAL}, #{qosInd,jdbcType=DECIMAL}, 
      #{vnetCorpId,jdbcType=VARCHAR}, #{contractInd,jdbcType=VARCHAR}, #{agencyHierCode,jdbcType=VARCHAR}, 
      #{xrefCustomerId,jdbcType=VARCHAR}, #{callingPlanId,jdbcType=DECIMAL}, #{authServicesId,jdbcType=DECIMAL}, 
      #{activeInd,jdbcType=DECIMAL}, #{createdBy,jdbcType=VARCHAR}, #{creationDate,jdbcType=TIMESTAMP}, 
      #{modifiedBy,jdbcType=VARCHAR}, #{lastModifiedDate,jdbcType=TIMESTAMP}, #{bsBlockInd,jdbcType=DECIMAL}, 
      #{envOrderId,jdbcType=DECIMAL})
  </insert>
  <insert id="insertSelective" parameterType="com.vz.esap.enterprise.dao.model.TblEnterprise">
    <!--
      WARNING - @mbggenerated
      This element is automatically generated by MyBatis Generator, do not modify.
      This element was generated on Thu Oct 20 14:41:17 IST 2016.
    -->
    insert into TBL_ENTERPRISE
    <trim prefix="(" suffix=")" suffixOverrides=",">
      <if test="enterpriseId != null">
        ENTERPRISE_ID,
      </if>
      <if test="custType != null">
        CUST_TYPE,
      </if>
      <if test="custMarket != null">
        CUST_MARKET,
      </if>
      <if test="platformIndicator != null">
        PLATFORM_INDICATOR,
      </if>
      <if test="vmPartitionId != null">
        VM_PARTITION_ID,
      </if>
      <if test="pubip != null">
        PUBIP,
      </if>
      <if test="onNetInterco != null">
        ON_NET_INTERCO,
      </if>
      <if test="sipDomain != null">
        SIP_DOMAIN,
      </if>
      <if test="asId != null">
        AS_ID,
      </if>
      <if test="entcclInd != null">
        ENTCCL_IND,
      </if>
      <if test="ieanLength != null">
        IEAN_LENGTH,
      </if>
      <if test="qosInd != null">
        QOS_IND,
      </if>
      <if test="vnetCorpId != null">
        VNET_CORP_ID,
      </if>
      <if test="contractInd != null">
        CONTRACT_IND,
      </if>
      <if test="agencyHierCode != null">
        AGENCY_HIER_CODE,
      </if>
      <if test="xrefCustomerId != null">
        XREF_CUSTOMER_ID,
      </if>
      <if test="callingPlanId != null">
        CALLING_PLAN_ID,
      </if>
      <if test="authServicesId != null">
        AUTH_SERVICES_ID,
      </if>
      <if test="activeInd != null">
        ACTIVE_IND,
      </if>
      <if test="createdBy != null">
        CREATED_BY,
      </if>
      <if test="creationDate != null">
        CREATION_DATE,
      </if>
      <if test="modifiedBy != null">
        MODIFIED_BY,
      </if>
      <if test="lastModifiedDate != null">
        LAST_MODIFIED_DATE,
      </if>
      <if test="bsBlockInd != null">
        BS_BLOCK_IND,
      </if>
      <if test="envOrderId != null">
        ENV_ORDER_ID,
      </if>
    </trim>
    <trim prefix="values (" suffix=")" suffixOverrides=",">
      <if test="enterpriseId != null">
        #{enterpriseId,jdbcType=VARCHAR},
      </if>
      <if test="custType != null">
        #{custType,jdbcType=DECIMAL},
      </if>
      <if test="custMarket != null">
        #{custMarket,jdbcType=DECIMAL},
      </if>
      <if test="platformIndicator != null">
        #{platformIndicator,jdbcType=DECIMAL},
      </if>
      <if test="vmPartitionId != null">
        #{vmPartitionId,jdbcType=VARCHAR},
      </if>
      <if test="pubip != null">
        #{pubip,jdbcType=DECIMAL},
      </if>
      <if test="onNetInterco != null">
        #{onNetInterco,jdbcType=DECIMAL},
      </if>
      <if test="sipDomain != null">
        #{sipDomain,jdbcType=VARCHAR},
      </if>
      <if test="asId != null">
        #{asId,jdbcType=DECIMAL},
      </if>
      <if test="entcclInd != null">
        #{entcclInd,jdbcType=DECIMAL},
      </if>
      <if test="ieanLength != null">
        #{ieanLength,jdbcType=DECIMAL},
      </if>
      <if test="qosInd != null">
        #{qosInd,jdbcType=DECIMAL},
      </if>
      <if test="vnetCorpId != null">
        #{vnetCorpId,jdbcType=VARCHAR},
      </if>
      <if test="contractInd != null">
        #{contractInd,jdbcType=VARCHAR},
      </if>
      <if test="agencyHierCode != null">
        #{agencyHierCode,jdbcType=VARCHAR},
      </if>
      <if test="xrefCustomerId != null">
        #{xrefCustomerId,jdbcType=VARCHAR},
      </if>
      <if test="callingPlanId != null">
        #{callingPlanId,jdbcType=DECIMAL},
      </if>
      <if test="authServicesId != null">
        #{authServicesId,jdbcType=DECIMAL},
      </if>
      <if test="activeInd != null">
        #{activeInd,jdbcType=DECIMAL},
      </if>
      <if test="createdBy != null">
        #{createdBy,jdbcType=VARCHAR},
      </if>
      <if test="creationDate != null">
        #{creationDate,jdbcType=TIMESTAMP},
      </if>
      <if test="modifiedBy != null">
        #{modifiedBy,jdbcType=VARCHAR},
      </if>
      <if test="lastModifiedDate != null">
        #{lastModifiedDate,jdbcType=TIMESTAMP},
      </if>
      <if test="bsBlockInd != null">
        #{bsBlockInd,jdbcType=DECIMAL},
      </if>
      <if test="envOrderId != null">
        #{envOrderId,jdbcType=DECIMAL},
      </if>
    </trim>
  </insert>
  <select id="countByExample" parameterType="com.vz.esap.enterprise.dao.model.TblEnterpriseExample" resultType="java.lang.Integer">
    <!--
      WARNING - @mbggenerated
      This element is automatically generated by MyBatis Generator, do not modify.
      This element was generated on Thu Oct 20 14:41:17 IST 2016.
    -->
    select count(*) from TBL_ENTERPRISE
    <if test="_parameter != null">
      <include refid="Example_Where_Clause" />
    </if>
  </select>
  <update id="updateByExampleSelective" parameterType="map">
    <!--
      WARNING - @mbggenerated
      This element is automatically generated by MyBatis Generator, do not modify.
      This element was generated on Thu Oct 20 14:41:17 IST 2016.
    -->
    update TBL_ENTERPRISE
    <set>
      <if test="record.enterpriseId != null">
        ENTERPRISE_ID = #{record.enterpriseId,jdbcType=VARCHAR},
      </if>
      <if test="record.custType != null">
        CUST_TYPE = #{record.custType,jdbcType=DECIMAL},
      </if>
      <if test="record.custMarket != null">
        CUST_MARKET = #{record.custMarket,jdbcType=DECIMAL},
      </if>
      <if test="record.platformIndicator != null">
        PLATFORM_INDICATOR = #{record.platformIndicator,jdbcType=DECIMAL},
      </if>
      <if test="record.vmPartitionId != null">
        VM_PARTITION_ID = #{record.vmPartitionId,jdbcType=VARCHAR},
      </if>
      <if test="record.pubip != null">
        PUBIP = #{record.pubip,jdbcType=DECIMAL},
      </if>
      <if test="record.onNetInterco != null">
        ON_NET_INTERCO = #{record.onNetInterco,jdbcType=DECIMAL},
      </if>
      <if test="record.sipDomain != null">
        SIP_DOMAIN = #{record.sipDomain,jdbcType=VARCHAR},
      </if>
      <if test="record.asId != null">
        AS_ID = #{record.asId,jdbcType=DECIMAL},
      </if>
      <if test="record.entcclInd != null">
        ENTCCL_IND = #{record.entcclInd,jdbcType=DECIMAL},
      </if>
      <if test="record.ieanLength != null">
        IEAN_LENGTH = #{record.ieanLength,jdbcType=DECIMAL},
      </if>
      <if test="record.qosInd != null">
        QOS_IND = #{record.qosInd,jdbcType=DECIMAL},
      </if>
      <if test="record.vnetCorpId != null">
        VNET_CORP_ID = #{record.vnetCorpId,jdbcType=VARCHAR},
      </if>
      <if test="record.contractInd != null">
        CONTRACT_IND = #{record.contractInd,jdbcType=VARCHAR},
      </if>
      <if test="record.agencyHierCode != null">
        AGENCY_HIER_CODE = #{record.agencyHierCode,jdbcType=VARCHAR},
      </if>
      <if test="record.xrefCustomerId != null">
        XREF_CUSTOMER_ID = #{record.xrefCustomerId,jdbcType=VARCHAR},
      </if>
      <if test="record.callingPlanId != null">
        CALLING_PLAN_ID = #{record.callingPlanId,jdbcType=DECIMAL},
      </if>
      <if test="record.authServicesId != null">
        AUTH_SERVICES_ID = #{record.authServicesId,jdbcType=DECIMAL},
      </if>
      <if test="record.activeInd != null">
        ACTIVE_IND = #{record.activeInd,jdbcType=DECIMAL},
      </if>
      <if test="record.createdBy != null">
        CREATED_BY = #{record.createdBy,jdbcType=VARCHAR},
      </if>
      <if test="record.creationDate != null">
        CREATION_DATE = #{record.creationDate,jdbcType=TIMESTAMP},
      </if>
      <if test="record.modifiedBy != null">
        MODIFIED_BY = #{record.modifiedBy,jdbcType=VARCHAR},
      </if>
      <if test="record.lastModifiedDate != null">
        LAST_MODIFIED_DATE = #{record.lastModifiedDate,jdbcType=TIMESTAMP},
      </if>
      <if test="record.bsBlockInd != null">
        BS_BLOCK_IND = #{record.bsBlockInd,jdbcType=DECIMAL},
      </if>
      <if test="record.envOrderId != null">
        ENV_ORDER_ID = #{record.envOrderId,jdbcType=DECIMAL},
      </if>
    </set>
    <if test="_parameter != null">
      <include refid="Update_By_Example_Where_Clause" />
    </if>
  </update>
  <update id="updateByExample" parameterType="map">
    <!--
      WARNING - @mbggenerated
      This element is automatically generated by MyBatis Generator, do not modify.
      This element was generated on Thu Oct 20 14:41:17 IST 2016.
    -->
    update TBL_ENTERPRISE
    set ENTERPRISE_ID = #{record.enterpriseId,jdbcType=VARCHAR},
      CUST_TYPE = #{record.custType,jdbcType=DECIMAL},
      CUST_MARKET = #{record.custMarket,jdbcType=DECIMAL},
      PLATFORM_INDICATOR = #{record.platformIndicator,jdbcType=DECIMAL},
      VM_PARTITION_ID = #{record.vmPartitionId,jdbcType=VARCHAR},
      PUBIP = #{record.pubip,jdbcType=DECIMAL},
      ON_NET_INTERCO = #{record.onNetInterco,jdbcType=DECIMAL},
      SIP_DOMAIN = #{record.sipDomain,jdbcType=VARCHAR},
      AS_ID = #{record.asId,jdbcType=DECIMAL},
      ENTCCL_IND = #{record.entcclInd,jdbcType=DECIMAL},
      IEAN_LENGTH = #{record.ieanLength,jdbcType=DECIMAL},
      QOS_IND = #{record.qosInd,jdbcType=DECIMAL},
      VNET_CORP_ID = #{record.vnetCorpId,jdbcType=VARCHAR},
      CONTRACT_IND = #{record.contractInd,jdbcType=VARCHAR},
      AGENCY_HIER_CODE = #{record.agencyHierCode,jdbcType=VARCHAR},
      XREF_CUSTOMER_ID = #{record.xrefCustomerId,jdbcType=VARCHAR},
      CALLING_PLAN_ID = #{record.callingPlanId,jdbcType=DECIMAL},
      AUTH_SERVICES_ID = #{record.authServicesId,jdbcType=DECIMAL},
      ACTIVE_IND = #{record.activeInd,jdbcType=DECIMAL},
      CREATED_BY = #{record.createdBy,jdbcType=VARCHAR},
      CREATION_DATE = #{record.creationDate,jdbcType=TIMESTAMP},
      MODIFIED_BY = #{record.modifiedBy,jdbcType=VARCHAR},
      LAST_MODIFIED_DATE = #{record.lastModifiedDate,jdbcType=TIMESTAMP},
      BS_BLOCK_IND = #{record.bsBlockInd,jdbcType=DECIMAL},
      ENV_ORDER_ID = #{record.envOrderId,jdbcType=DECIMAL}
    <if test="_parameter != null">
      <include refid="Update_By_Example_Where_Clause" />
    </if>
  </update>
  <update id="updateByPrimaryKeySelective" parameterType="com.vz.esap.enterprise.dao.model.TblEnterprise">
    <!--
      WARNING - @mbggenerated
      This element is automatically generated by MyBatis Generator, do not modify.
      This element was generated on Thu Oct 20 14:41:17 IST 2016.
    -->
    update TBL_ENTERPRISE
    <set>
      <if test="custType != null">
        CUST_TYPE = #{custType,jdbcType=DECIMAL},
      </if>
      <if test="custMarket != null">
        CUST_MARKET = #{custMarket,jdbcType=DECIMAL},
      </if>
      <if test="platformIndicator != null">
        PLATFORM_INDICATOR = #{platformIndicator,jdbcType=DECIMAL},
      </if>
      <if test="vmPartitionId != null">
        VM_PARTITION_ID = #{vmPartitionId,jdbcType=VARCHAR},
      </if>
      <if test="pubip != null">
        PUBIP = #{pubip,jdbcType=DECIMAL},
      </if>
      <if test="onNetInterco != null">
        ON_NET_INTERCO = #{onNetInterco,jdbcType=DECIMAL},
      </if>
      <if test="sipDomain != null">
        SIP_DOMAIN = #{sipDomain,jdbcType=VARCHAR},
      </if>
      <if test="asId != null">
        AS_ID = #{asId,jdbcType=DECIMAL},
      </if>
      <if test="entcclInd != null">
        ENTCCL_IND = #{entcclInd,jdbcType=DECIMAL},
      </if>
      <if test="ieanLength != null">
        IEAN_LENGTH = #{ieanLength,jdbcType=DECIMAL},
      </if>
      <if test="qosInd != null">
        QOS_IND = #{qosInd,jdbcType=DECIMAL},
      </if>
      <if test="vnetCorpId != null">
        VNET_CORP_ID = #{vnetCorpId,jdbcType=VARCHAR},
      </if>
      <if test="contractInd != null">
        CONTRACT_IND = #{contractInd,jdbcType=VARCHAR},
      </if>
      <if test="agencyHierCode != null">
        AGENCY_HIER_CODE = #{agencyHierCode,jdbcType=VARCHAR},
      </if>
      <if test="xrefCustomerId != null">
        XREF_CUSTOMER_ID = #{xrefCustomerId,jdbcType=VARCHAR},
      </if>
      <if test="callingPlanId != null">
        CALLING_PLAN_ID = #{callingPlanId,jdbcType=DECIMAL},
      </if>
      <if test="authServicesId != null">
        AUTH_SERVICES_ID = #{authServicesId,jdbcType=DECIMAL},
      </if>
      <if test="activeInd != null">
        ACTIVE_IND = #{activeInd,jdbcType=DECIMAL},
      </if>
      <if test="createdBy != null">
        CREATED_BY = #{createdBy,jdbcType=VARCHAR},
      </if>
      <if test="creationDate != null">
        CREATION_DATE = #{creationDate,jdbcType=TIMESTAMP},
      </if>
      <if test="modifiedBy != null">
        MODIFIED_BY = #{modifiedBy,jdbcType=VARCHAR},
      </if>
      <if test="lastModifiedDate != null">
        LAST_MODIFIED_DATE = #{lastModifiedDate,jdbcType=TIMESTAMP},
      </if>
      <if test="bsBlockInd != null">
        BS_BLOCK_IND = #{bsBlockInd,jdbcType=DECIMAL},
      </if>
      <if test="envOrderId != null">
        ENV_ORDER_ID = #{envOrderId,jdbcType=DECIMAL},
      </if>
    </set>
    where ENTERPRISE_ID = #{enterpriseId,jdbcType=VARCHAR}
  </update>
  <update id="updateByPrimaryKey" parameterType="com.vz.esap.enterprise.dao.model.TblEnterprise">
    <!--
      WARNING - @mbggenerated
      This element is automatically generated by MyBatis Generator, do not modify.
      This element was generated on Thu Oct 20 14:41:17 IST 2016.
    -->
    update TBL_ENTERPRISE
    set CUST_TYPE = #{custType,jdbcType=DECIMAL},
      CUST_MARKET = #{custMarket,jdbcType=DECIMAL},
      PLATFORM_INDICATOR = #{platformIndicator,jdbcType=DECIMAL},
      VM_PARTITION_ID = #{vmPartitionId,jdbcType=VARCHAR},
      PUBIP = #{pubip,jdbcType=DECIMAL},
      ON_NET_INTERCO = #{onNetInterco,jdbcType=DECIMAL},
      SIP_DOMAIN = #{sipDomain,jdbcType=VARCHAR},
      AS_ID = #{asId,jdbcType=DECIMAL},
      ENTCCL_IND = #{entcclInd,jdbcType=DECIMAL},
      IEAN_LENGTH = #{ieanLength,jdbcType=DECIMAL},
      QOS_IND = #{qosInd,jdbcType=DECIMAL},
      VNET_CORP_ID = #{vnetCorpId,jdbcType=VARCHAR},
      CONTRACT_IND = #{contractInd,jdbcType=VARCHAR},
      AGENCY_HIER_CODE = #{agencyHierCode,jdbcType=VARCHAR},
      XREF_CUSTOMER_ID = #{xrefCustomerId,jdbcType=VARCHAR},
      CALLING_PLAN_ID = #{callingPlanId,jdbcType=DECIMAL},
      AUTH_SERVICES_ID = #{authServicesId,jdbcType=DECIMAL},
      ACTIVE_IND = #{activeInd,jdbcType=DECIMAL},
      CREATED_BY = #{createdBy,jdbcType=VARCHAR},
      CREATION_DATE = #{creationDate,jdbcType=TIMESTAMP},
      MODIFIED_BY = #{modifiedBy,jdbcType=VARCHAR},
      LAST_MODIFIED_DATE = #{lastModifiedDate,jdbcType=TIMESTAMP},
      BS_BLOCK_IND = #{bsBlockInd,jdbcType=DECIMAL},
      ENV_ORDER_ID = #{envOrderId,jdbcType=DECIMAL}
    where ENTERPRISE_ID = #{enterpriseId,jdbcType=VARCHAR}
  </update>
  
  <select id="selectByEnterpriseId" parameterType="map" resultMap="BaseResultMap">
    select 
    <include refid="Base_Column_List" />
    from TBL_ENTERPRISE
    where ENTERPRISE_ID = '${enterpriseId}'
  </select>
</mapper>