<?xml version="1.0"?>
<!DOCTYPE module PUBLIC
          "-//Puppy Crawl//DTD Check Configuration 1.3//EN"
          "http://www.puppycrawl.com/dtds/configuration_1_3.dtd">

<!--

  Checkstyle configuration that checks the sun coding conventions from:

    - the Java Language Specification at
      http://java.sun.com/docs/books/jls/second_edition/html/index.html

    - the Sun Code Conventions at http://java.sun.com/docs/codeconv/

    - the Javadoc guidelines at
      http://java.sun.com/j2se/javadoc/writingdoccomments/index.html

    - the JDK Api documentation http://java.sun.com/j2se/docs/api/index.html

    - some best practices

  Checkstyle is very configurable. Be sure to read the documentation at
  http://checkstyle.sf.net (or in your downloaded distribution).

  Most Checks are configurable, be sure to consult the documentation.

  To completely disable a check, just comment it out or delete it from the file.

  Finally, it is worth reading the documentation.

-->

<module name="Checker">
    <!--
        If you set the basedir property below, then all reported file
        names will be relative to the specified directory. See
        http://checkstyle.sourceforge.net/5.x/config.html#Checker

        <property name="basedir" value="${basedir}"/>
    -->

    <property name="fileExtensions" value="java, properties, xml"/>

   

    <module name="TreeWalker">

        <!-- Checks for Javadoc comments.                     -->
        <!-- See http://checkstyle.sf.net/config_javadoc.html -->
        

        <!-- Checks for Naming Conventions.                  -->
        <!-- See http://checkstyle.sf.net/config_naming.html -->
<!--         <module name="ConstantName"/> -->
<!--         <module name="LocalFinalVariableName"/> -->
<!--         <module name="LocalVariableName"/> -->
<!--         <module name="MemberName"/> -->
<!--         <module name="MethodName"/> -->
<!--         <module name="PackageName"/> -->
<!--         <module name="ParameterName"/> -->
<!--         <module name="StaticVariableName"/> -->
<!--         <module name="TypeName"/> -->

        <!-- Checks for imports                              -->
        <!-- See http://checkstyle.sf.net/config_import.html -->
<!--         <module name="AvoidStarImport"/> -->
<!--         <module name="IllegalImport"/> defaults to sun.* packages -->
<!--         <module name="RedundantImport"/> -->
<!--         <module name="UnusedImports"/> -->

        <!-- Checks for Size Violations.                    -->
        <!-- See http://checkstyle.sf.net/config_sizes.html -->
<!--         <module name="LineLength"/> -->
<!--         <module name="MethodLength"/> -->
<!--         <module name="ParameterNumber"/> -->

        <!-- Checks for whitespace                               -->
        <!-- See http://checkstyle.sf.net/config_whitespace.html -->
<!--         <module name="EmptyForIteratorPad"/> -->
<!--         <module name="GenericWhitespace"/> -->
<!--         <module name="MethodParamPad"/> -->
<!--         <module name="OperatorWrap"/> -->
<!--         <module name="ParenPad"/> -->
       

        <!-- Modifier Checks                                    -->
        <!-- See http://checkstyle.sf.net/config_modifiers.html -->
        <module name="ModifierOrder"/>
<!--         <module name="RedundantModifier"/> -->

        <!-- Checks for blocks. You know, those {}'s         -->
        <!-- See http://checkstyle.sf.net/config_blocks.html -->
        <module name="AvoidNestedBlocks"/>
       

        <!-- Checks for common coding problems               -->
        <!-- See http://checkstyle.sf.net/config_coding.html -->
<!--         <module name="AvoidInlineConditionals"/> -->
<!--         <module name="EmptyStatement"/> -->
<!--         <module name="EqualsHashCode"/> -->
<!--         <module name="HiddenField"/> -->
<!--         <module name="IllegalInstantiation"/> -->
<!--         <module name="InnerAssignment"/> -->
<!--         <module name="MagicNumber"/> -->
<!--         <module name="MissingSwitchDefault"/> -->
<!--         <module name="SimplifyBooleanExpression"/> -->
<!--         <module name="SimplifyBooleanReturn"/> -->

        <!-- Checks for class design                         -->
        <!-- See http://checkstyle.sf.net/config_design.html -->
<!--         <module name="DesignForExtension"/> -->
<!--         <module name="FinalClass"/> -->
<!--         <module name="HideUtilityClassConstructor"/> -->
<!--         <module name="InterfaceIsType"/> -->
<!--         <module name="VisibilityModifier"/> -->

        <!-- Miscellaneous other checks.                   -->
        <!-- See http://checkstyle.sf.net/config_misc.html -->
<!--         <module name="ArrayTypeStyle"/> -->
<!--         <module name="FinalParameters"/> -->
<!--         <module name="TodoComment"/> -->
<!--         <module name="UpperEll"/> -->

    </module>

</module>
