<?xml version="1.0" encoding="UTF-8" ?> 
<!-- Generated by SonarQube -->
<FindBugsFilter>
	<Match>
		<Bug pattern="RANGE_ARRAY_INDEX" />
	</Match>
	<Match>
		<Bug pattern="COMMAND_INJECTION" />
	</Match>
	<Match>
		<Bug pattern="HARD_CODE_PASSWORD" />
	</Match>
	<Match>
		<Bug pattern="LDAP_INJECTION" />
	</Match>
	<Match>
		<Bug pattern="SCRIPT_ENGINE_INJECTION" />
	</Match>
	<Match>
		<Bug pattern="SPEL_INJECTION" />
	</Match>
	<Match>
		<Bug pattern="SQL_INJECTION_HIBERNATE" />
	</Match>
	<Match>
		<Bug pattern="SQL_INJECTION_JDO" />
	</Match>
	<Match>
		<Bug pattern="SQL_INJECTION_JPA" />
	</Match>
	<Match>
		<Bug pattern="XML_DECODER" />
	</Match>
	<Match>
		<Bug pattern="XPATH_INJECTION" />
	</Match>
	<Match>
		<Bug pattern="XSS_JSP_PRINT" />
	</Match>
	<Match>
		<Bug pattern="XSS_SERVLET" />
	</Match>
	<Match>
		<Bug pattern="XXE_DOCUMENT" />
	</Match>
	<Match>
		<Bug pattern="XXE_SAXPARSER" />
	</Match>
	<Match>
		<Bug pattern="XXE_XMLREADER" />
	</Match>
</FindBugsFilter>